[0.100s] DEBUG:colcon:Command line arguments: ['/usr/bin/colcon', 'build']
[0.100s] DEBUG:colcon:Parsed command line arguments: Namespace(log_base=None, log_level=None, verb_name='build', build_base='build', install_base='install', merge_install=False, symlink_install=False, test_result_base=None, continue_on_error=False, executor='parallel', parallel_workers=16, event_handlers=None, ignore_user_meta=False, metas=['./colcon.meta'], base_paths=['.'], packages_ignore=None, packages_ignore_regex=None, paths=None, packages_up_to=None, packages_up_to_regex=None, packages_above=None, packages_above_and_dependencies=None, packages_above_depth=None, packages_select_by_dep=None, packages_skip_by_dep=None, packages_skip_up_to=None, packages_select_build_failed=False, packages_skip_build_finished=False, packages_select_test_failures=False, packages_skip_test_passed=False, packages_select=None, packages_skip=None, packages_select_regex=None, packages_skip_regex=None, packages_start=None, packages_end=None, allow_overriding=[], cmake_args=None, cmake_target=None, cmake_target_skip_unavailable=False, cmake_clean_cache=False, cmake_clean_first=False, cmake_force_configure=False, ament_cmake_args=None, catkin_cmake_args=None, catkin_skip_building_tests=False, mixin_files=None, mixin=None, verb_parser=<colcon_mixin.mixin.mixin_argument.MixinArgumentDecorator object at 0x756a201c7040>, verb_extension=<colcon_core.verb.build.BuildVerb object at 0x756a201c69b0>, main=<bound method BuildVerb.main of <colcon_core.verb.build.BuildVerb object at 0x756a201c69b0>>, mixin_verb=('build',))
[0.314s] Level 1:colcon.colcon_core.package_discovery:discover_packages(colcon_meta) check parameters
[0.314s] Level 1:colcon.colcon_core.package_discovery:discover_packages(recursive) check parameters
[0.314s] Level 1:colcon.colcon_core.package_discovery:discover_packages(ignore) check parameters
[0.314s] Level 1:colcon.colcon_core.package_discovery:discover_packages(path) check parameters
[0.314s] Level 1:colcon.colcon_core.package_discovery:discover_packages(colcon_meta) discover
[0.315s] Level 1:colcon.colcon_core.package_discovery:discover_packages(recursive) discover
[0.315s] INFO:colcon.colcon_core.package_discovery:Crawling recursively for packages in '/home/luca/Stage_Lirmm/Diffusion-model-isaacsim/ur10_real_robot/ros2_ws_luca'
[0.315s] Level 1:colcon.colcon_core.package_identification:_identify(.) by extensions ['ignore', 'ignore_ament_install']
[0.315s] Level 1:colcon.colcon_core.package_identification:_identify(.) by extension 'ignore'
[0.315s] Level 1:colcon.colcon_core.package_identification:_identify(.) by extension 'ignore_ament_install'
[0.315s] Level 1:colcon.colcon_core.package_identification:_identify(.) by extensions ['colcon_pkg']
[0.315s] Level 1:colcon.colcon_core.package_identification:_identify(.) by extension 'colcon_pkg'
[0.315s] Level 1:colcon.colcon_core.package_identification:_identify(.) by extensions ['colcon_meta']
[0.315s] Level 1:colcon.colcon_core.package_identification:_identify(.) by extension 'colcon_meta'
[0.315s] Level 1:colcon.colcon_core.package_identification:_identify(.) by extensions ['ros']
[0.315s] Level 1:colcon.colcon_core.package_identification:_identify(.) by extension 'ros'
[0.325s] Level 1:colcon.colcon_core.package_identification:_identify(.) by extensions ['cmake', 'python']
[0.325s] Level 1:colcon.colcon_core.package_identification:_identify(.) by extension 'cmake'
[0.325s] Level 1:colcon.colcon_core.package_identification:_identify(.) by extension 'python'
[0.325s] Level 1:colcon.colcon_core.package_identification:_identify(.) by extensions ['python_setup_py']
[0.325s] Level 1:colcon.colcon_core.package_identification:_identify(.) by extension 'python_setup_py'
[0.325s] Level 1:colcon.colcon_core.package_identification:_identify(build) by extensions ['ignore', 'ignore_ament_install']
[0.325s] Level 1:colcon.colcon_core.package_identification:_identify(build) by extension 'ignore'
[0.325s] Level 1:colcon.colcon_core.package_identification:_identify(build) ignored
[0.326s] Level 1:colcon.colcon_core.package_identification:_identify(install) by extensions ['ignore', 'ignore_ament_install']
[0.326s] Level 1:colcon.colcon_core.package_identification:_identify(install) by extension 'ignore'
[0.326s] Level 1:colcon.colcon_core.package_identification:_identify(install) ignored
[0.326s] Level 1:colcon.colcon_core.package_identification:_identify(log) by extensions ['ignore', 'ignore_ament_install']
[0.326s] Level 1:colcon.colcon_core.package_identification:_identify(log) by extension 'ignore'
[0.326s] Level 1:colcon.colcon_core.package_identification:_identify(log) ignored
[0.326s] Level 1:colcon.colcon_core.package_identification:_identify(src) by extensions ['ignore', 'ignore_ament_install']
[0.326s] Level 1:colcon.colcon_core.package_identification:_identify(src) by extension 'ignore'
[0.326s] Level 1:colcon.colcon_core.package_identification:_identify(src) by extension 'ignore_ament_install'
[0.326s] Level 1:colcon.colcon_core.package_identification:_identify(src) by extensions ['colcon_pkg']
[0.326s] Level 1:colcon.colcon_core.package_identification:_identify(src) by extension 'colcon_pkg'
[0.326s] Level 1:colcon.colcon_core.package_identification:_identify(src) by extensions ['colcon_meta']
[0.326s] Level 1:colcon.colcon_core.package_identification:_identify(src) by extension 'colcon_meta'
[0.326s] Level 1:colcon.colcon_core.package_identification:_identify(src) by extensions ['ros']
[0.326s] Level 1:colcon.colcon_core.package_identification:_identify(src) by extension 'ros'
[0.326s] Level 1:colcon.colcon_core.package_identification:_identify(src) by extensions ['cmake', 'python']
[0.326s] Level 1:colcon.colcon_core.package_identification:_identify(src) by extension 'cmake'
[0.326s] Level 1:colcon.colcon_core.package_identification:_identify(src) by extension 'python'
[0.326s] Level 1:colcon.colcon_core.package_identification:_identify(src) by extensions ['python_setup_py']
[0.326s] Level 1:colcon.colcon_core.package_identification:_identify(src) by extension 'python_setup_py'
[0.327s] Level 1:colcon.colcon_core.package_identification:_identify(src/bringup_gripper) by extensions ['ignore', 'ignore_ament_install']
[0.327s] Level 1:colcon.colcon_core.package_identification:_identify(src/bringup_gripper) by extension 'ignore'
[0.327s] Level 1:colcon.colcon_core.package_identification:_identify(src/bringup_gripper) by extension 'ignore_ament_install'
[0.327s] Level 1:colcon.colcon_core.package_identification:_identify(src/bringup_gripper) by extensions ['colcon_pkg']
[0.327s] Level 1:colcon.colcon_core.package_identification:_identify(src/bringup_gripper) by extension 'colcon_pkg'
[0.327s] Level 1:colcon.colcon_core.package_identification:_identify(src/bringup_gripper) by extensions ['colcon_meta']
[0.327s] Level 1:colcon.colcon_core.package_identification:_identify(src/bringup_gripper) by extension 'colcon_meta'
[0.327s] Level 1:colcon.colcon_core.package_identification:_identify(src/bringup_gripper) by extensions ['ros']
[0.327s] Level 1:colcon.colcon_core.package_identification:_identify(src/bringup_gripper) by extension 'ros'
[0.330s] DEBUG:colcon.colcon_core.package_identification:Package 'src/bringup_gripper' with type 'ros.ament_python' and name 'bringup_gripper'
[0.331s] Level 1:colcon.colcon_core.package_identification:_identify(src/earth_robot_moveit_config) by extensions ['ignore', 'ignore_ament_install']
[0.331s] Level 1:colcon.colcon_core.package_identification:_identify(src/earth_robot_moveit_config) by extension 'ignore'
[0.331s] Level 1:colcon.colcon_core.package_identification:_identify(src/earth_robot_moveit_config) by extension 'ignore_ament_install'
[0.331s] Level 1:colcon.colcon_core.package_identification:_identify(src/earth_robot_moveit_config) by extensions ['colcon_pkg']
[0.331s] Level 1:colcon.colcon_core.package_identification:_identify(src/earth_robot_moveit_config) by extension 'colcon_pkg'
[0.331s] Level 1:colcon.colcon_core.package_identification:_identify(src/earth_robot_moveit_config) by extensions ['colcon_meta']
[0.331s] Level 1:colcon.colcon_core.package_identification:_identify(src/earth_robot_moveit_config) by extension 'colcon_meta'
[0.331s] Level 1:colcon.colcon_core.package_identification:_identify(src/earth_robot_moveit_config) by extensions ['ros']
[0.331s] Level 1:colcon.colcon_core.package_identification:_identify(src/earth_robot_moveit_config) by extension 'ros'
[0.334s] DEBUG:colcon.colcon_core.package_identification:Package 'src/earth_robot_moveit_config' with type 'ros.ament_cmake' and name 'earth_robot_moveit_config'
[0.334s] Level 1:colcon.colcon_core.package_identification:_identify(src/onrobot_rg2ft_description) by extensions ['ignore', 'ignore_ament_install']
[0.334s] Level 1:colcon.colcon_core.package_identification:_identify(src/onrobot_rg2ft_description) by extension 'ignore'
[0.334s] Level 1:colcon.colcon_core.package_identification:_identify(src/onrobot_rg2ft_description) by extension 'ignore_ament_install'
[0.334s] Level 1:colcon.colcon_core.package_identification:_identify(src/onrobot_rg2ft_description) by extensions ['colcon_pkg']
[0.334s] Level 1:colcon.colcon_core.package_identification:_identify(src/onrobot_rg2ft_description) by extension 'colcon_pkg'
[0.334s] Level 1:colcon.colcon_core.package_identification:_identify(src/onrobot_rg2ft_description) by extensions ['colcon_meta']
[0.334s] Level 1:colcon.colcon_core.package_identification:_identify(src/onrobot_rg2ft_description) by extension 'colcon_meta'
[0.334s] Level 1:colcon.colcon_core.package_identification:_identify(src/onrobot_rg2ft_description) by extensions ['ros']
[0.334s] Level 1:colcon.colcon_core.package_identification:_identify(src/onrobot_rg2ft_description) by extension 'ros'
[0.335s] DEBUG:colcon.colcon_core.package_identification:Package 'src/onrobot_rg2ft_description' with type 'ros.ament_cmake' and name 'onrobot_rg2ft_description'
[0.335s] Level 1:colcon.colcon_core.package_identification:_identify(src/onrobot_rg_msgs) by extensions ['ignore', 'ignore_ament_install']
[0.335s] Level 1:colcon.colcon_core.package_identification:_identify(src/onrobot_rg_msgs) by extension 'ignore'
[0.335s] Level 1:colcon.colcon_core.package_identification:_identify(src/onrobot_rg_msgs) by extension 'ignore_ament_install'
[0.336s] Level 1:colcon.colcon_core.package_identification:_identify(src/onrobot_rg_msgs) by extensions ['colcon_pkg']
[0.336s] Level 1:colcon.colcon_core.package_identification:_identify(src/onrobot_rg_msgs) by extension 'colcon_pkg'
[0.336s] Level 1:colcon.colcon_core.package_identification:_identify(src/onrobot_rg_msgs) by extensions ['colcon_meta']
[0.336s] Level 1:colcon.colcon_core.package_identification:_identify(src/onrobot_rg_msgs) by extension 'colcon_meta'
[0.336s] Level 1:colcon.colcon_core.package_identification:_identify(src/onrobot_rg_msgs) by extensions ['ros']
[0.336s] Level 1:colcon.colcon_core.package_identification:_identify(src/onrobot_rg_msgs) by extension 'ros'
[0.336s] DEBUG:colcon.colcon_core.package_identification:Package 'src/onrobot_rg_msgs' with type 'ros.ament_cmake' and name 'onrobot_rg_msgs'
[0.337s] Level 1:colcon.colcon_core.package_identification:_identify(src/realsense-ros) by extensions ['ignore', 'ignore_ament_install']
[0.337s] Level 1:colcon.colcon_core.package_identification:_identify(src/realsense-ros) by extension 'ignore'
[0.337s] Level 1:colcon.colcon_core.package_identification:_identify(src/realsense-ros) by extension 'ignore_ament_install'
[0.337s] Level 1:colcon.colcon_core.package_identification:_identify(src/realsense-ros) by extensions ['colcon_pkg']
[0.337s] Level 1:colcon.colcon_core.package_identification:_identify(src/realsense-ros) by extension 'colcon_pkg'
[0.337s] Level 1:colcon.colcon_core.package_identification:_identify(src/realsense-ros) by extensions ['colcon_meta']
[0.337s] Level 1:colcon.colcon_core.package_identification:_identify(src/realsense-ros) by extension 'colcon_meta'
[0.337s] Level 1:colcon.colcon_core.package_identification:_identify(src/realsense-ros) by extensions ['ros']
[0.337s] Level 1:colcon.colcon_core.package_identification:_identify(src/realsense-ros) by extension 'ros'
[0.337s] Level 1:colcon.colcon_core.package_identification:_identify(src/realsense-ros) by extensions ['cmake', 'python']
[0.337s] Level 1:colcon.colcon_core.package_identification:_identify(src/realsense-ros) by extension 'cmake'
[0.337s] Level 1:colcon.colcon_core.package_identification:_identify(src/realsense-ros) by extension 'python'
[0.337s] Level 1:colcon.colcon_core.package_identification:_identify(src/realsense-ros) by extensions ['python_setup_py']
[0.337s] Level 1:colcon.colcon_core.package_identification:_identify(src/realsense-ros) by extension 'python_setup_py'
[0.337s] Level 1:colcon.colcon_core.package_identification:_identify(src/realsense-ros/realsense2_description) by extensions ['ignore', 'ignore_ament_install']
[0.337s] Level 1:colcon.colcon_core.package_identification:_identify(src/realsense-ros/realsense2_description) by extension 'ignore'
[0.337s] Level 1:colcon.colcon_core.package_identification:_identify(src/realsense-ros/realsense2_description) by extension 'ignore_ament_install'
[0.337s] Level 1:colcon.colcon_core.package_identification:_identify(src/realsense-ros/realsense2_description) by extensions ['colcon_pkg']
[0.337s] Level 1:colcon.colcon_core.package_identification:_identify(src/realsense-ros/realsense2_description) by extension 'colcon_pkg'
[0.337s] Level 1:colcon.colcon_core.package_identification:_identify(src/realsense-ros/realsense2_description) by extensions ['colcon_meta']
[0.337s] Level 1:colcon.colcon_core.package_identification:_identify(src/realsense-ros/realsense2_description) by extension 'colcon_meta'
[0.338s] Level 1:colcon.colcon_core.package_identification:_identify(src/realsense-ros/realsense2_description) by extensions ['ros']
[0.338s] Level 1:colcon.colcon_core.package_identification:_identify(src/realsense-ros/realsense2_description) by extension 'ros'
[0.339s] DEBUG:colcon.colcon_core.package_identification:Package 'src/realsense-ros/realsense2_description' with type 'ros.ament_cmake' and name 'realsense2_description'
[0.339s] Level 1:colcon.colcon_core.package_identification:_identify(src/ur_robot_description_cb2) by extensions ['ignore', 'ignore_ament_install']
[0.339s] Level 1:colcon.colcon_core.package_identification:_identify(src/ur_robot_description_cb2) by extension 'ignore'
[0.339s] Level 1:colcon.colcon_core.package_identification:_identify(src/ur_robot_description_cb2) by extension 'ignore_ament_install'
[0.339s] Level 1:colcon.colcon_core.package_identification:_identify(src/ur_robot_description_cb2) by extensions ['colcon_pkg']
[0.339s] Level 1:colcon.colcon_core.package_identification:_identify(src/ur_robot_description_cb2) by extension 'colcon_pkg'
[0.339s] Level 1:colcon.colcon_core.package_identification:_identify(src/ur_robot_description_cb2) by extensions ['colcon_meta']
[0.339s] Level 1:colcon.colcon_core.package_identification:_identify(src/ur_robot_description_cb2) by extension 'colcon_meta'
[0.339s] Level 1:colcon.colcon_core.package_identification:_identify(src/ur_robot_description_cb2) by extensions ['ros']
[0.339s] Level 1:colcon.colcon_core.package_identification:_identify(src/ur_robot_description_cb2) by extension 'ros'
[0.340s] DEBUG:colcon.colcon_core.package_identification:Package 'src/ur_robot_description_cb2' with type 'ros.ament_cmake' and name 'ur_robot_description_cb2'
[0.340s] Level 1:colcon.colcon_core.package_identification:_identify(src/ur_robot_driver_cb2) by extensions ['ignore', 'ignore_ament_install']
[0.340s] Level 1:colcon.colcon_core.package_identification:_identify(src/ur_robot_driver_cb2) by extension 'ignore'
[0.341s] Level 1:colcon.colcon_core.package_identification:_identify(src/ur_robot_driver_cb2) by extension 'ignore_ament_install'
[0.341s] Level 1:colcon.colcon_core.package_identification:_identify(src/ur_robot_driver_cb2) by extensions ['colcon_pkg']
[0.341s] Level 1:colcon.colcon_core.package_identification:_identify(src/ur_robot_driver_cb2) by extension 'colcon_pkg'
[0.341s] Level 1:colcon.colcon_core.package_identification:_identify(src/ur_robot_driver_cb2) by extensions ['colcon_meta']
[0.341s] Level 1:colcon.colcon_core.package_identification:_identify(src/ur_robot_driver_cb2) by extension 'colcon_meta'
[0.341s] Level 1:colcon.colcon_core.package_identification:_identify(src/ur_robot_driver_cb2) by extensions ['ros']
[0.341s] Level 1:colcon.colcon_core.package_identification:_identify(src/ur_robot_driver_cb2) by extension 'ros'
[0.342s] DEBUG:colcon.colcon_core.package_identification:Package 'src/ur_robot_driver_cb2' with type 'ros.ament_cmake' and name 'ur_robot_driver_cb2'
[0.342s] Level 1:colcon.colcon_core.package_discovery:discover_packages(recursive) using defaults
[0.343s] Level 1:colcon.colcon_core.package_discovery:discover_packages(ignore) discover
[0.343s] Level 1:colcon.colcon_core.package_discovery:discover_packages(ignore) using defaults
[0.343s] Level 1:colcon.colcon_core.package_discovery:discover_packages(path) discover
[0.343s] Level 1:colcon.colcon_core.package_discovery:discover_packages(path) using defaults
[0.365s] Level 1:colcon.colcon_core.package_discovery:discover_packages(prefix_path) check parameters
[0.366s] Level 1:colcon.colcon_core.package_discovery:discover_packages(prefix_path) discover
[0.367s] DEBUG:colcon.colcon_installed_package_information.package_discovery:Found 7 installed packages in /home/luca/Stage_Lirmm/Diffusion-model-isaacsim/ur10_real_robot/ros2_ws_luca/install
[0.369s] DEBUG:colcon.colcon_installed_package_information.package_discovery:Found 388 installed packages in /opt/ros/humble
[0.371s] Level 1:colcon.colcon_core.package_discovery:discover_packages(prefix_path) using defaults
[0.414s] Level 5:colcon.colcon_core.verb:set package 'onrobot_rg2ft_description' build argument 'cmake_args' from command line to 'None'
[0.414s] Level 5:colcon.colcon_core.verb:set package 'onrobot_rg2ft_description' build argument 'cmake_target' from command line to 'None'
[0.414s] Level 5:colcon.colcon_core.verb:set package 'onrobot_rg2ft_description' build argument 'cmake_target_skip_unavailable' from command line to 'False'
[0.414s] Level 5:colcon.colcon_core.verb:set package 'onrobot_rg2ft_description' build argument 'cmake_clean_cache' from command line to 'False'
[0.414s] Level 5:colcon.colcon_core.verb:set package 'onrobot_rg2ft_description' build argument 'cmake_clean_first' from command line to 'False'
[0.414s] Level 5:colcon.colcon_core.verb:set package 'onrobot_rg2ft_description' build argument 'cmake_force_configure' from command line to 'False'
[0.414s] Level 5:colcon.colcon_core.verb:set package 'onrobot_rg2ft_description' build argument 'ament_cmake_args' from command line to 'None'
[0.414s] Level 5:colcon.colcon_core.verb:set package 'onrobot_rg2ft_description' build argument 'catkin_cmake_args' from command line to 'None'
[0.414s] Level 5:colcon.colcon_core.verb:set package 'onrobot_rg2ft_description' build argument 'catkin_skip_building_tests' from command line to 'False'
[0.414s] DEBUG:colcon.colcon_core.verb:Building package 'onrobot_rg2ft_description' with the following arguments: {'ament_cmake_args': None, 'build_base': '/home/luca/Stage_Lirmm/Diffusion-model-isaacsim/ur10_real_robot/ros2_ws_luca/build/onrobot_rg2ft_description', 'catkin_cmake_args': None, 'catkin_skip_building_tests': False, 'cmake_args': None, 'cmake_clean_cache': False, 'cmake_clean_first': False, 'cmake_force_configure': False, 'cmake_target': None, 'cmake_target_skip_unavailable': False, 'install_base': '/home/luca/Stage_Lirmm/Diffusion-model-isaacsim/ur10_real_robot/ros2_ws_luca/install/onrobot_rg2ft_description', 'merge_install': False, 'path': '/home/luca/Stage_Lirmm/Diffusion-model-isaacsim/ur10_real_robot/ros2_ws_luca/src/onrobot_rg2ft_description', 'symlink_install': False, 'test_result_base': None}
[0.415s] Level 5:colcon.colcon_core.verb:set package 'onrobot_rg_msgs' build argument 'cmake_args' from command line to 'None'
[0.415s] Level 5:colcon.colcon_core.verb:set package 'onrobot_rg_msgs' build argument 'cmake_target' from command line to 'None'
[0.415s] Level 5:colcon.colcon_core.verb:set package 'onrobot_rg_msgs' build argument 'cmake_target_skip_unavailable' from command line to 'False'
[0.415s] Level 5:colcon.colcon_core.verb:set package 'onrobot_rg_msgs' build argument 'cmake_clean_cache' from command line to 'False'
[0.415s] Level 5:colcon.colcon_core.verb:set package 'onrobot_rg_msgs' build argument 'cmake_clean_first' from command line to 'False'
[0.415s] Level 5:colcon.colcon_core.verb:set package 'onrobot_rg_msgs' build argument 'cmake_force_configure' from command line to 'False'
[0.415s] Level 5:colcon.colcon_core.verb:set package 'onrobot_rg_msgs' build argument 'ament_cmake_args' from command line to 'None'
[0.415s] Level 5:colcon.colcon_core.verb:set package 'onrobot_rg_msgs' build argument 'catkin_cmake_args' from command line to 'None'
[0.415s] Level 5:colcon.colcon_core.verb:set package 'onrobot_rg_msgs' build argument 'catkin_skip_building_tests' from command line to 'False'
[0.415s] DEBUG:colcon.colcon_core.verb:Building package 'onrobot_rg_msgs' with the following arguments: {'ament_cmake_args': None, 'build_base': '/home/luca/Stage_Lirmm/Diffusion-model-isaacsim/ur10_real_robot/ros2_ws_luca/build/onrobot_rg_msgs', 'catkin_cmake_args': None, 'catkin_skip_building_tests': False, 'cmake_args': None, 'cmake_clean_cache': False, 'cmake_clean_first': False, 'cmake_force_configure': False, 'cmake_target': None, 'cmake_target_skip_unavailable': False, 'install_base': '/home/luca/Stage_Lirmm/Diffusion-model-isaacsim/ur10_real_robot/ros2_ws_luca/install/onrobot_rg_msgs', 'merge_install': False, 'path': '/home/luca/Stage_Lirmm/Diffusion-model-isaacsim/ur10_real_robot/ros2_ws_luca/src/onrobot_rg_msgs', 'symlink_install': False, 'test_result_base': None}
[0.415s] Level 5:colcon.colcon_core.verb:set package 'ur_robot_description_cb2' build argument 'cmake_args' from command line to 'None'
[0.415s] Level 5:colcon.colcon_core.verb:set package 'ur_robot_description_cb2' build argument 'cmake_target' from command line to 'None'
[0.415s] Level 5:colcon.colcon_core.verb:set package 'ur_robot_description_cb2' build argument 'cmake_target_skip_unavailable' from command line to 'False'
[0.415s] Level 5:colcon.colcon_core.verb:set package 'ur_robot_description_cb2' build argument 'cmake_clean_cache' from command line to 'False'
[0.415s] Level 5:colcon.colcon_core.verb:set package 'ur_robot_description_cb2' build argument 'cmake_clean_first' from command line to 'False'
[0.415s] Level 5:colcon.colcon_core.verb:set package 'ur_robot_description_cb2' build argument 'cmake_force_configure' from command line to 'False'
[0.415s] Level 5:colcon.colcon_core.verb:set package 'ur_robot_description_cb2' build argument 'ament_cmake_args' from command line to 'None'
[0.415s] Level 5:colcon.colcon_core.verb:set package 'ur_robot_description_cb2' build argument 'catkin_cmake_args' from command line to 'None'
[0.415s] Level 5:colcon.colcon_core.verb:set package 'ur_robot_description_cb2' build argument 'catkin_skip_building_tests' from command line to 'False'
[0.415s] DEBUG:colcon.colcon_core.verb:Building package 'ur_robot_description_cb2' with the following arguments: {'ament_cmake_args': None, 'build_base': '/home/luca/Stage_Lirmm/Diffusion-model-isaacsim/ur10_real_robot/ros2_ws_luca/build/ur_robot_description_cb2', 'catkin_cmake_args': None, 'catkin_skip_building_tests': False, 'cmake_args': None, 'cmake_clean_cache': False, 'cmake_clean_first': False, 'cmake_force_configure': False, 'cmake_target': None, 'cmake_target_skip_unavailable': False, 'install_base': '/home/luca/Stage_Lirmm/Diffusion-model-isaacsim/ur10_real_robot/ros2_ws_luca/install/ur_robot_description_cb2', 'merge_install': False, 'path': '/home/luca/Stage_Lirmm/Diffusion-model-isaacsim/ur10_real_robot/ros2_ws_luca/src/ur_robot_description_cb2', 'symlink_install': False, 'test_result_base': None}
[0.416s] Level 5:colcon.colcon_core.verb:set package 'bringup_gripper' build argument 'cmake_args' from command line to 'None'
[0.416s] Level 5:colcon.colcon_core.verb:set package 'bringup_gripper' build argument 'cmake_target' from command line to 'None'
[0.416s] Level 5:colcon.colcon_core.verb:set package 'bringup_gripper' build argument 'cmake_target_skip_unavailable' from command line to 'False'
[0.416s] Level 5:colcon.colcon_core.verb:set package 'bringup_gripper' build argument 'cmake_clean_cache' from command line to 'False'
[0.416s] Level 5:colcon.colcon_core.verb:set package 'bringup_gripper' build argument 'cmake_clean_first' from command line to 'False'
[0.416s] Level 5:colcon.colcon_core.verb:set package 'bringup_gripper' build argument 'cmake_force_configure' from command line to 'False'
[0.416s] Level 5:colcon.colcon_core.verb:set package 'bringup_gripper' build argument 'ament_cmake_args' from command line to 'None'
[0.416s] Level 5:colcon.colcon_core.verb:set package 'bringup_gripper' build argument 'catkin_cmake_args' from command line to 'None'
[0.416s] Level 5:colcon.colcon_core.verb:set package 'bringup_gripper' build argument 'catkin_skip_building_tests' from command line to 'False'
[0.416s] DEBUG:colcon.colcon_core.verb:Building package 'bringup_gripper' with the following arguments: {'ament_cmake_args': None, 'build_base': '/home/luca/Stage_Lirmm/Diffusion-model-isaacsim/ur10_real_robot/ros2_ws_luca/build/bringup_gripper', 'catkin_cmake_args': None, 'catkin_skip_building_tests': False, 'cmake_args': None, 'cmake_clean_cache': False, 'cmake_clean_first': False, 'cmake_force_configure': False, 'cmake_target': None, 'cmake_target_skip_unavailable': False, 'install_base': '/home/luca/Stage_Lirmm/Diffusion-model-isaacsim/ur10_real_robot/ros2_ws_luca/install/bringup_gripper', 'merge_install': False, 'path': '/home/luca/Stage_Lirmm/Diffusion-model-isaacsim/ur10_real_robot/ros2_ws_luca/src/bringup_gripper', 'symlink_install': False, 'test_result_base': None}
[0.416s] Level 5:colcon.colcon_core.verb:set package 'ur_robot_driver_cb2' build argument 'cmake_args' from command line to 'None'
[0.416s] Level 5:colcon.colcon_core.verb:set package 'ur_robot_driver_cb2' build argument 'cmake_target' from command line to 'None'
[0.416s] Level 5:colcon.colcon_core.verb:set package 'ur_robot_driver_cb2' build argument 'cmake_target_skip_unavailable' from command line to 'False'
[0.416s] Level 5:colcon.colcon_core.verb:set package 'ur_robot_driver_cb2' build argument 'cmake_clean_cache' from command line to 'False'
[0.416s] Level 5:colcon.colcon_core.verb:set package 'ur_robot_driver_cb2' build argument 'cmake_clean_first' from command line to 'False'
[0.416s] Level 5:colcon.colcon_core.verb:set package 'ur_robot_driver_cb2' build argument 'cmake_force_configure' from command line to 'False'
[0.416s] Level 5:colcon.colcon_core.verb:set package 'ur_robot_driver_cb2' build argument 'ament_cmake_args' from command line to 'None'
[0.416s] Level 5:colcon.colcon_core.verb:set package 'ur_robot_driver_cb2' build argument 'catkin_cmake_args' from command line to 'None'
[0.416s] Level 5:colcon.colcon_core.verb:set package 'ur_robot_driver_cb2' build argument 'catkin_skip_building_tests' from command line to 'False'
[0.416s] DEBUG:colcon.colcon_core.verb:Building package 'ur_robot_driver_cb2' with the following arguments: {'ament_cmake_args': None, 'build_base': '/home/luca/Stage_Lirmm/Diffusion-model-isaacsim/ur10_real_robot/ros2_ws_luca/build/ur_robot_driver_cb2', 'catkin_cmake_args': None, 'catkin_skip_building_tests': False, 'cmake_args': None, 'cmake_clean_cache': False, 'cmake_clean_first': False, 'cmake_force_configure': False, 'cmake_target': None, 'cmake_target_skip_unavailable': False, 'install_base': '/home/luca/Stage_Lirmm/Diffusion-model-isaacsim/ur10_real_robot/ros2_ws_luca/install/ur_robot_driver_cb2', 'merge_install': False, 'path': '/home/luca/Stage_Lirmm/Diffusion-model-isaacsim/ur10_real_robot/ros2_ws_luca/src/ur_robot_driver_cb2', 'symlink_install': False, 'test_result_base': None}
[0.417s] Level 5:colcon.colcon_core.verb:set package 'realsense2_description' build argument 'cmake_args' from command line to 'None'
[0.417s] Level 5:colcon.colcon_core.verb:set package 'realsense2_description' build argument 'cmake_target' from command line to 'None'
[0.417s] Level 5:colcon.colcon_core.verb:set package 'realsense2_description' build argument 'cmake_target_skip_unavailable' from command line to 'False'
[0.417s] Level 5:colcon.colcon_core.verb:set package 'realsense2_description' build argument 'cmake_clean_cache' from command line to 'False'
[0.417s] Level 5:colcon.colcon_core.verb:set package 'realsense2_description' build argument 'cmake_clean_first' from command line to 'False'
[0.417s] Level 5:colcon.colcon_core.verb:set package 'realsense2_description' build argument 'cmake_force_configure' from command line to 'False'
[0.417s] Level 5:colcon.colcon_core.verb:set package 'realsense2_description' build argument 'ament_cmake_args' from command line to 'None'
[0.417s] Level 5:colcon.colcon_core.verb:set package 'realsense2_description' build argument 'catkin_cmake_args' from command line to 'None'
[0.417s] Level 5:colcon.colcon_core.verb:set package 'realsense2_description' build argument 'catkin_skip_building_tests' from command line to 'False'
[0.417s] DEBUG:colcon.colcon_core.verb:Building package 'realsense2_description' with the following arguments: {'ament_cmake_args': None, 'build_base': '/home/luca/Stage_Lirmm/Diffusion-model-isaacsim/ur10_real_robot/ros2_ws_luca/build/realsense2_description', 'catkin_cmake_args': None, 'catkin_skip_building_tests': False, 'cmake_args': None, 'cmake_clean_cache': False, 'cmake_clean_first': False, 'cmake_force_configure': False, 'cmake_target': None, 'cmake_target_skip_unavailable': False, 'install_base': '/home/luca/Stage_Lirmm/Diffusion-model-isaacsim/ur10_real_robot/ros2_ws_luca/install/realsense2_description', 'merge_install': False, 'path': '/home/luca/Stage_Lirmm/Diffusion-model-isaacsim/ur10_real_robot/ros2_ws_luca/src/realsense-ros/realsense2_description', 'symlink_install': False, 'test_result_base': None}
[0.417s] Level 5:colcon.colcon_core.verb:set package 'earth_robot_moveit_config' build argument 'cmake_args' from command line to 'None'
[0.417s] Level 5:colcon.colcon_core.verb:set package 'earth_robot_moveit_config' build argument 'cmake_target' from command line to 'None'
[0.417s] Level 5:colcon.colcon_core.verb:set package 'earth_robot_moveit_config' build argument 'cmake_target_skip_unavailable' from command line to 'False'
[0.417s] Level 5:colcon.colcon_core.verb:set package 'earth_robot_moveit_config' build argument 'cmake_clean_cache' from command line to 'False'
[0.417s] Level 5:colcon.colcon_core.verb:set package 'earth_robot_moveit_config' build argument 'cmake_clean_first' from command line to 'False'
[0.417s] Level 5:colcon.colcon_core.verb:set package 'earth_robot_moveit_config' build argument 'cmake_force_configure' from command line to 'False'
[0.417s] Level 5:colcon.colcon_core.verb:set package 'earth_robot_moveit_config' build argument 'ament_cmake_args' from command line to 'None'
[0.417s] Level 5:colcon.colcon_core.verb:set package 'earth_robot_moveit_config' build argument 'catkin_cmake_args' from command line to 'None'
[0.417s] Level 5:colcon.colcon_core.verb:set package 'earth_robot_moveit_config' build argument 'catkin_skip_building_tests' from command line to 'False'
[0.417s] DEBUG:colcon.colcon_core.verb:Building package 'earth_robot_moveit_config' with the following arguments: {'ament_cmake_args': None, 'build_base': '/home/luca/Stage_Lirmm/Diffusion-model-isaacsim/ur10_real_robot/ros2_ws_luca/build/earth_robot_moveit_config', 'catkin_cmake_args': None, 'catkin_skip_building_tests': False, 'cmake_args': None, 'cmake_clean_cache': False, 'cmake_clean_first': False, 'cmake_force_configure': False, 'cmake_target': None, 'cmake_target_skip_unavailable': False, 'install_base': '/home/luca/Stage_Lirmm/Diffusion-model-isaacsim/ur10_real_robot/ros2_ws_luca/install/earth_robot_moveit_config', 'merge_install': False, 'path': '/home/luca/Stage_Lirmm/Diffusion-model-isaacsim/ur10_real_robot/ros2_ws_luca/src/earth_robot_moveit_config', 'symlink_install': False, 'test_result_base': None}
[0.418s] INFO:colcon.colcon_core.executor:Executing jobs using 'parallel' executor
[0.418s] DEBUG:colcon.colcon_parallel_executor.executor.parallel:run_until_complete
[0.419s] INFO:colcon.colcon_ros.task.ament_cmake.build:Building ROS package in '/home/luca/Stage_Lirmm/Diffusion-model-isaacsim/ur10_real_robot/ros2_ws_luca/src/ur_robot_description_cb2' with build type 'ament_cmake'
[0.419s] INFO:colcon.colcon_cmake.task.cmake.build:Building CMake package in '/home/luca/Stage_Lirmm/Diffusion-model-isaacsim/ur10_real_robot/ros2_ws_luca/src/ur_robot_description_cb2'
[0.421s] INFO:colcon.colcon_core.plugin_system:Skipping extension 'colcon_core.shell.bat': Not used on non-Windows systems
[0.421s] INFO:colcon.colcon_core.shell:Skip shell extension 'powershell' for command environment: Not usable outside of PowerShell
[0.421s] DEBUG:colcon.colcon_core.shell:Skip shell extension 'dsv' for command environment
[0.426s] INFO:colcon.colcon_ros.task.ament_cmake.build:Building ROS package in '/home/luca/Stage_Lirmm/Diffusion-model-isaacsim/ur10_real_robot/ros2_ws_luca/src/onrobot_rg2ft_description' with build type 'ament_cmake'
[0.427s] INFO:colcon.colcon_cmake.task.cmake.build:Building CMake package in '/home/luca/Stage_Lirmm/Diffusion-model-isaacsim/ur10_real_robot/ros2_ws_luca/src/onrobot_rg2ft_description'
[0.427s] INFO:colcon.colcon_core.shell:Skip shell extension 'powershell' for command environment: Not usable outside of PowerShell
[0.427s] DEBUG:colcon.colcon_core.shell:Skip shell extension 'dsv' for command environment
[0.433s] INFO:colcon.colcon_ros.task.ament_cmake.build:Building ROS package in '/home/luca/Stage_Lirmm/Diffusion-model-isaacsim/ur10_real_robot/ros2_ws_luca/src/onrobot_rg_msgs' with build type 'ament_cmake'
[0.433s] INFO:colcon.colcon_cmake.task.cmake.build:Building CMake package in '/home/luca/Stage_Lirmm/Diffusion-model-isaacsim/ur10_real_robot/ros2_ws_luca/src/onrobot_rg_msgs'
[0.434s] INFO:colcon.colcon_core.shell:Skip shell extension 'powershell' for command environment: Not usable outside of PowerShell
[0.434s] DEBUG:colcon.colcon_core.shell:Skip shell extension 'dsv' for command environment
[0.446s] DEBUG:colcon.colcon_core.event_handler.log_command:Invoking command in '/home/luca/Stage_Lirmm/Diffusion-model-isaacsim/ur10_real_robot/ros2_ws_luca/build/ur_robot_description_cb2': CMAKE_PREFIX_PATH=${CMAKE_PREFIX_PATH}:/home/luca/Stage_Lirmm/Diffusion-model-isaacsim/ur10_real_robot/ros2_ws_luca/install/bringup_gripper:/opt/ros/humble VIRTUAL_ENV_PROMPT=(mujoco_ros) /usr/bin/cmake --build /home/luca/Stage_Lirmm/Diffusion-model-isaacsim/ur10_real_robot/ros2_ws_luca/build/ur_robot_description_cb2 -- -j16 -l16
[0.453s] DEBUG:colcon.colcon_core.event_handler.log_command:Invoking command in '/home/luca/Stage_Lirmm/Diffusion-model-isaacsim/ur10_real_robot/ros2_ws_luca/build/onrobot_rg2ft_description': CMAKE_PREFIX_PATH=${CMAKE_PREFIX_PATH}:/home/luca/Stage_Lirmm/Diffusion-model-isaacsim/ur10_real_robot/ros2_ws_luca/install/bringup_gripper:/opt/ros/humble VIRTUAL_ENV_PROMPT=(mujoco_ros) /usr/bin/cmake --build /home/luca/Stage_Lirmm/Diffusion-model-isaacsim/ur10_real_robot/ros2_ws_luca/build/onrobot_rg2ft_description -- -j16 -l16
[0.459s] DEBUG:colcon.colcon_core.event_handler.log_command:Invoking command in '/home/luca/Stage_Lirmm/Diffusion-model-isaacsim/ur10_real_robot/ros2_ws_luca/build/onrobot_rg_msgs': CMAKE_PREFIX_PATH=${CMAKE_PREFIX_PATH}:/home/luca/Stage_Lirmm/Diffusion-model-isaacsim/ur10_real_robot/ros2_ws_luca/install/bringup_gripper:/opt/ros/humble VIRTUAL_ENV_PROMPT=(mujoco_ros) /usr/bin/cmake --build /home/luca/Stage_Lirmm/Diffusion-model-isaacsim/ur10_real_robot/ros2_ws_luca/build/onrobot_rg_msgs -- -j16 -l16
[0.506s] DEBUG:colcon.colcon_core.event_handler.log_command:Invoked command in '/home/luca/Stage_Lirmm/Diffusion-model-isaacsim/ur10_real_robot/ros2_ws_luca/build/ur_robot_description_cb2' returned '0': CMAKE_PREFIX_PATH=${CMAKE_PREFIX_PATH}:/home/luca/Stage_Lirmm/Diffusion-model-isaacsim/ur10_real_robot/ros2_ws_luca/install/bringup_gripper:/opt/ros/humble VIRTUAL_ENV_PROMPT=(mujoco_ros) /usr/bin/cmake --build /home/luca/Stage_Lirmm/Diffusion-model-isaacsim/ur10_real_robot/ros2_ws_luca/build/ur_robot_description_cb2 -- -j16 -l16
[0.522s] DEBUG:colcon.colcon_core.event_handler.log_command:Invoking command in '/home/luca/Stage_Lirmm/Diffusion-model-isaacsim/ur10_real_robot/ros2_ws_luca/build/ur_robot_description_cb2': CMAKE_PREFIX_PATH=${CMAKE_PREFIX_PATH}:/home/luca/Stage_Lirmm/Diffusion-model-isaacsim/ur10_real_robot/ros2_ws_luca/install/bringup_gripper:/opt/ros/humble VIRTUAL_ENV_PROMPT=(mujoco_ros) /usr/bin/cmake --install /home/luca/Stage_Lirmm/Diffusion-model-isaacsim/ur10_real_robot/ros2_ws_luca/build/ur_robot_description_cb2
[0.524s] DEBUG:colcon.colcon_core.event_handler.log_command:Invoked command in '/home/luca/Stage_Lirmm/Diffusion-model-isaacsim/ur10_real_robot/ros2_ws_luca/build/onrobot_rg2ft_description' returned '0': CMAKE_PREFIX_PATH=${CMAKE_PREFIX_PATH}:/home/luca/Stage_Lirmm/Diffusion-model-isaacsim/ur10_real_robot/ros2_ws_luca/install/bringup_gripper:/opt/ros/humble VIRTUAL_ENV_PROMPT=(mujoco_ros) /usr/bin/cmake --build /home/luca/Stage_Lirmm/Diffusion-model-isaacsim/ur10_real_robot/ros2_ws_luca/build/onrobot_rg2ft_description -- -j16 -l16
[0.528s] DEBUG:colcon.colcon_core.event_handler.log_command:Invoking command in '/home/luca/Stage_Lirmm/Diffusion-model-isaacsim/ur10_real_robot/ros2_ws_luca/build/onrobot_rg2ft_description': CMAKE_PREFIX_PATH=${CMAKE_PREFIX_PATH}:/home/luca/Stage_Lirmm/Diffusion-model-isaacsim/ur10_real_robot/ros2_ws_luca/install/bringup_gripper:/opt/ros/humble VIRTUAL_ENV_PROMPT=(mujoco_ros) /usr/bin/cmake --install /home/luca/Stage_Lirmm/Diffusion-model-isaacsim/ur10_real_robot/ros2_ws_luca/build/onrobot_rg2ft_description
[0.577s] Level 1:colcon.colcon_core.environment:create_environment_scripts_only(onrobot_rg2ft_description)
[0.582s] DEBUG:colcon.colcon_core.event_handler.log_command:Invoked command in '/home/luca/Stage_Lirmm/Diffusion-model-isaacsim/ur10_real_robot/ros2_ws_luca/build/onrobot_rg2ft_description' returned '0': CMAKE_PREFIX_PATH=${CMAKE_PREFIX_PATH}:/home/luca/Stage_Lirmm/Diffusion-model-isaacsim/ur10_real_robot/ros2_ws_luca/install/bringup_gripper:/opt/ros/humble VIRTUAL_ENV_PROMPT=(mujoco_ros) /usr/bin/cmake --install /home/luca/Stage_Lirmm/Diffusion-model-isaacsim/ur10_real_robot/ros2_ws_luca/build/onrobot_rg2ft_description
[0.590s] Level 1:colcon.colcon_core.environment:checking '/home/luca/Stage_Lirmm/Diffusion-model-isaacsim/ur10_real_robot/ros2_ws_luca/install/onrobot_rg2ft_description' for CMake module files
[0.591s] Level 1:colcon.colcon_core.environment:checking '/home/luca/Stage_Lirmm/Diffusion-model-isaacsim/ur10_real_robot/ros2_ws_luca/install/onrobot_rg2ft_description' for CMake config files
[0.592s] Level 1:colcon.colcon_core.shell:create_environment_hook('onrobot_rg2ft_description', 'cmake_prefix_path')
[0.592s] INFO:colcon.colcon_core.shell:Creating environment hook '/home/luca/Stage_Lirmm/Diffusion-model-isaacsim/ur10_real_robot/ros2_ws_luca/install/onrobot_rg2ft_description/share/onrobot_rg2ft_description/hook/cmake_prefix_path.ps1'
[0.594s] INFO:colcon.colcon_core.shell:Creating environment descriptor '/home/luca/Stage_Lirmm/Diffusion-model-isaacsim/ur10_real_robot/ros2_ws_luca/install/onrobot_rg2ft_description/share/onrobot_rg2ft_description/hook/cmake_prefix_path.dsv'
[0.595s] INFO:colcon.colcon_core.shell:Creating environment hook '/home/luca/Stage_Lirmm/Diffusion-model-isaacsim/ur10_real_robot/ros2_ws_luca/install/onrobot_rg2ft_description/share/onrobot_rg2ft_description/hook/cmake_prefix_path.sh'
[0.596s] Level 1:colcon.colcon_core.environment:checking '/home/luca/Stage_Lirmm/Diffusion-model-isaacsim/ur10_real_robot/ros2_ws_luca/install/onrobot_rg2ft_description/bin'
[0.597s] Level 1:colcon.colcon_core.environment:checking '/home/luca/Stage_Lirmm/Diffusion-model-isaacsim/ur10_real_robot/ros2_ws_luca/install/onrobot_rg2ft_description/lib/pkgconfig/onrobot_rg2ft_description.pc'
[0.597s] Level 1:colcon.colcon_core.environment:checking '/home/luca/Stage_Lirmm/Diffusion-model-isaacsim/ur10_real_robot/ros2_ws_luca/install/onrobot_rg2ft_description/lib/python3.10/site-packages'
[0.598s] Level 1:colcon.colcon_core.environment:checking '/home/luca/Stage_Lirmm/Diffusion-model-isaacsim/ur10_real_robot/ros2_ws_luca/install/onrobot_rg2ft_description/bin'
[0.598s] INFO:colcon.colcon_core.shell:Creating package script '/home/luca/Stage_Lirmm/Diffusion-model-isaacsim/ur10_real_robot/ros2_ws_luca/install/onrobot_rg2ft_description/share/onrobot_rg2ft_description/package.ps1'
[0.601s] INFO:colcon.colcon_core.shell:Creating package descriptor '/home/luca/Stage_Lirmm/Diffusion-model-isaacsim/ur10_real_robot/ros2_ws_luca/install/onrobot_rg2ft_description/share/onrobot_rg2ft_description/package.dsv'
[0.602s] INFO:colcon.colcon_core.shell:Creating package script '/home/luca/Stage_Lirmm/Diffusion-model-isaacsim/ur10_real_robot/ros2_ws_luca/install/onrobot_rg2ft_description/share/onrobot_rg2ft_description/package.sh'
[0.604s] INFO:colcon.colcon_core.shell:Creating package script '/home/luca/Stage_Lirmm/Diffusion-model-isaacsim/ur10_real_robot/ros2_ws_luca/install/onrobot_rg2ft_description/share/onrobot_rg2ft_description/package.bash'
[0.605s] INFO:colcon.colcon_core.shell:Creating package script '/home/luca/Stage_Lirmm/Diffusion-model-isaacsim/ur10_real_robot/ros2_ws_luca/install/onrobot_rg2ft_description/share/onrobot_rg2ft_description/package.zsh'
[0.606s] Level 1:colcon.colcon_core.environment:create_file_with_runtime_dependencies(/home/luca/Stage_Lirmm/Diffusion-model-isaacsim/ur10_real_robot/ros2_ws_luca/install/onrobot_rg2ft_description/share/colcon-core/packages/onrobot_rg2ft_description)
[0.607s] Level 1:colcon.colcon_core.environment:create_environment_scripts_only(onrobot_rg2ft_description)
[0.607s] Level 1:colcon.colcon_core.environment:checking '/home/luca/Stage_Lirmm/Diffusion-model-isaacsim/ur10_real_robot/ros2_ws_luca/install/onrobot_rg2ft_description' for CMake module files
[0.608s] Level 1:colcon.colcon_core.environment:checking '/home/luca/Stage_Lirmm/Diffusion-model-isaacsim/ur10_real_robot/ros2_ws_luca/install/onrobot_rg2ft_description' for CMake config files
[0.608s] Level 1:colcon.colcon_core.shell:create_environment_hook('onrobot_rg2ft_description', 'cmake_prefix_path')
[0.609s] INFO:colcon.colcon_core.shell:Creating environment hook '/home/luca/Stage_Lirmm/Diffusion-model-isaacsim/ur10_real_robot/ros2_ws_luca/install/onrobot_rg2ft_description/share/onrobot_rg2ft_description/hook/cmake_prefix_path.ps1'
[0.609s] INFO:colcon.colcon_core.shell:Creating environment descriptor '/home/luca/Stage_Lirmm/Diffusion-model-isaacsim/ur10_real_robot/ros2_ws_luca/install/onrobot_rg2ft_description/share/onrobot_rg2ft_description/hook/cmake_prefix_path.dsv'
[0.610s] INFO:colcon.colcon_core.shell:Creating environment hook '/home/luca/Stage_Lirmm/Diffusion-model-isaacsim/ur10_real_robot/ros2_ws_luca/install/onrobot_rg2ft_description/share/onrobot_rg2ft_description/hook/cmake_prefix_path.sh'
[0.610s] Level 1:colcon.colcon_core.environment:checking '/home/luca/Stage_Lirmm/Diffusion-model-isaacsim/ur10_real_robot/ros2_ws_luca/install/onrobot_rg2ft_description/bin'
[0.610s] Level 1:colcon.colcon_core.environment:checking '/home/luca/Stage_Lirmm/Diffusion-model-isaacsim/ur10_real_robot/ros2_ws_luca/install/onrobot_rg2ft_description/lib/pkgconfig/onrobot_rg2ft_description.pc'
[0.611s] Level 1:colcon.colcon_core.environment:checking '/home/luca/Stage_Lirmm/Diffusion-model-isaacsim/ur10_real_robot/ros2_ws_luca/install/onrobot_rg2ft_description/lib/python3.10/site-packages'
[0.611s] Level 1:colcon.colcon_core.environment:checking '/home/luca/Stage_Lirmm/Diffusion-model-isaacsim/ur10_real_robot/ros2_ws_luca/install/onrobot_rg2ft_description/bin'
[0.611s] INFO:colcon.colcon_core.shell:Creating package script '/home/luca/Stage_Lirmm/Diffusion-model-isaacsim/ur10_real_robot/ros2_ws_luca/install/onrobot_rg2ft_description/share/onrobot_rg2ft_description/package.ps1'
[0.612s] INFO:colcon.colcon_core.shell:Creating package descriptor '/home/luca/Stage_Lirmm/Diffusion-model-isaacsim/ur10_real_robot/ros2_ws_luca/install/onrobot_rg2ft_description/share/onrobot_rg2ft_description/package.dsv'
[0.613s] INFO:colcon.colcon_core.shell:Creating package script '/home/luca/Stage_Lirmm/Diffusion-model-isaacsim/ur10_real_robot/ros2_ws_luca/install/onrobot_rg2ft_description/share/onrobot_rg2ft_description/package.sh'
[0.614s] INFO:colcon.colcon_core.shell:Creating package script '/home/luca/Stage_Lirmm/Diffusion-model-isaacsim/ur10_real_robot/ros2_ws_luca/install/onrobot_rg2ft_description/share/onrobot_rg2ft_description/package.bash'
[0.614s] INFO:colcon.colcon_core.shell:Creating package script '/home/luca/Stage_Lirmm/Diffusion-model-isaacsim/ur10_real_robot/ros2_ws_luca/install/onrobot_rg2ft_description/share/onrobot_rg2ft_description/package.zsh'
[0.615s] Level 1:colcon.colcon_core.environment:create_file_with_runtime_dependencies(/home/luca/Stage_Lirmm/Diffusion-model-isaacsim/ur10_real_robot/ros2_ws_luca/install/onrobot_rg2ft_description/share/colcon-core/packages/onrobot_rg2ft_description)
[0.616s] Level 1:colcon.colcon_core.environment:create_environment_scripts_only(ur_robot_description_cb2)
[0.616s] Level 1:colcon.colcon_core.environment:checking '/home/luca/Stage_Lirmm/Diffusion-model-isaacsim/ur10_real_robot/ros2_ws_luca/install/ur_robot_description_cb2' for CMake module files
[0.617s] DEBUG:colcon.colcon_core.event_handler.log_command:Invoked command in '/home/luca/Stage_Lirmm/Diffusion-model-isaacsim/ur10_real_robot/ros2_ws_luca/build/ur_robot_description_cb2' returned '0': CMAKE_PREFIX_PATH=${CMAKE_PREFIX_PATH}:/home/luca/Stage_Lirmm/Diffusion-model-isaacsim/ur10_real_robot/ros2_ws_luca/install/bringup_gripper:/opt/ros/humble VIRTUAL_ENV_PROMPT=(mujoco_ros) /usr/bin/cmake --install /home/luca/Stage_Lirmm/Diffusion-model-isaacsim/ur10_real_robot/ros2_ws_luca/build/ur_robot_description_cb2
[0.618s] Level 1:colcon.colcon_core.environment:checking '/home/luca/Stage_Lirmm/Diffusion-model-isaacsim/ur10_real_robot/ros2_ws_luca/install/ur_robot_description_cb2' for CMake config files
[0.618s] Level 1:colcon.colcon_core.shell:create_environment_hook('ur_robot_description_cb2', 'cmake_prefix_path')
[0.618s] INFO:colcon.colcon_core.shell:Creating environment hook '/home/luca/Stage_Lirmm/Diffusion-model-isaacsim/ur10_real_robot/ros2_ws_luca/install/ur_robot_description_cb2/share/ur_robot_description_cb2/hook/cmake_prefix_path.ps1'
[0.619s] INFO:colcon.colcon_core.shell:Creating environment descriptor '/home/luca/Stage_Lirmm/Diffusion-model-isaacsim/ur10_real_robot/ros2_ws_luca/install/ur_robot_description_cb2/share/ur_robot_description_cb2/hook/cmake_prefix_path.dsv'
[0.620s] INFO:colcon.colcon_core.shell:Creating environment hook '/home/luca/Stage_Lirmm/Diffusion-model-isaacsim/ur10_real_robot/ros2_ws_luca/install/ur_robot_description_cb2/share/ur_robot_description_cb2/hook/cmake_prefix_path.sh'
[0.621s] Level 1:colcon.colcon_core.environment:checking '/home/luca/Stage_Lirmm/Diffusion-model-isaacsim/ur10_real_robot/ros2_ws_luca/install/ur_robot_description_cb2/bin'
[0.621s] Level 1:colcon.colcon_core.environment:checking '/home/luca/Stage_Lirmm/Diffusion-model-isaacsim/ur10_real_robot/ros2_ws_luca/install/ur_robot_description_cb2/lib/pkgconfig/ur_robot_description_cb2.pc'
[0.622s] Level 1:colcon.colcon_core.environment:checking '/home/luca/Stage_Lirmm/Diffusion-model-isaacsim/ur10_real_robot/ros2_ws_luca/install/ur_robot_description_cb2/lib/python3.10/site-packages'
[0.622s] Level 1:colcon.colcon_core.environment:checking '/home/luca/Stage_Lirmm/Diffusion-model-isaacsim/ur10_real_robot/ros2_ws_luca/install/ur_robot_description_cb2/bin'
[0.622s] INFO:colcon.colcon_core.shell:Creating package script '/home/luca/Stage_Lirmm/Diffusion-model-isaacsim/ur10_real_robot/ros2_ws_luca/install/ur_robot_description_cb2/share/ur_robot_description_cb2/package.ps1'
[0.624s] INFO:colcon.colcon_core.shell:Creating package descriptor '/home/luca/Stage_Lirmm/Diffusion-model-isaacsim/ur10_real_robot/ros2_ws_luca/install/ur_robot_description_cb2/share/ur_robot_description_cb2/package.dsv'
[0.625s] INFO:colcon.colcon_core.shell:Creating package script '/home/luca/Stage_Lirmm/Diffusion-model-isaacsim/ur10_real_robot/ros2_ws_luca/install/ur_robot_description_cb2/share/ur_robot_description_cb2/package.sh'
[0.626s] INFO:colcon.colcon_core.shell:Creating package script '/home/luca/Stage_Lirmm/Diffusion-model-isaacsim/ur10_real_robot/ros2_ws_luca/install/ur_robot_description_cb2/share/ur_robot_description_cb2/package.bash'
[0.628s] INFO:colcon.colcon_core.shell:Creating package script '/home/luca/Stage_Lirmm/Diffusion-model-isaacsim/ur10_real_robot/ros2_ws_luca/install/ur_robot_description_cb2/share/ur_robot_description_cb2/package.zsh'
[0.629s] Level 1:colcon.colcon_core.environment:create_file_with_runtime_dependencies(/home/luca/Stage_Lirmm/Diffusion-model-isaacsim/ur10_real_robot/ros2_ws_luca/install/ur_robot_description_cb2/share/colcon-core/packages/ur_robot_description_cb2)
[0.631s] Level 1:colcon.colcon_core.environment:create_environment_scripts_only(ur_robot_description_cb2)
[0.631s] Level 1:colcon.colcon_core.environment:checking '/home/luca/Stage_Lirmm/Diffusion-model-isaacsim/ur10_real_robot/ros2_ws_luca/install/ur_robot_description_cb2' for CMake module files
[0.632s] Level 1:colcon.colcon_core.environment:checking '/home/luca/Stage_Lirmm/Diffusion-model-isaacsim/ur10_real_robot/ros2_ws_luca/install/ur_robot_description_cb2' for CMake config files
[0.632s] Level 1:colcon.colcon_core.shell:create_environment_hook('ur_robot_description_cb2', 'cmake_prefix_path')
[0.633s] INFO:colcon.colcon_core.shell:Creating environment hook '/home/luca/Stage_Lirmm/Diffusion-model-isaacsim/ur10_real_robot/ros2_ws_luca/install/ur_robot_description_cb2/share/ur_robot_description_cb2/hook/cmake_prefix_path.ps1'
[0.634s] INFO:colcon.colcon_core.shell:Creating environment descriptor '/home/luca/Stage_Lirmm/Diffusion-model-isaacsim/ur10_real_robot/ros2_ws_luca/install/ur_robot_description_cb2/share/ur_robot_description_cb2/hook/cmake_prefix_path.dsv'
[0.635s] INFO:colcon.colcon_core.shell:Creating environment hook '/home/luca/Stage_Lirmm/Diffusion-model-isaacsim/ur10_real_robot/ros2_ws_luca/install/ur_robot_description_cb2/share/ur_robot_description_cb2/hook/cmake_prefix_path.sh'
[0.636s] Level 1:colcon.colcon_core.environment:checking '/home/luca/Stage_Lirmm/Diffusion-model-isaacsim/ur10_real_robot/ros2_ws_luca/install/ur_robot_description_cb2/bin'
[0.636s] Level 1:colcon.colcon_core.environment:checking '/home/luca/Stage_Lirmm/Diffusion-model-isaacsim/ur10_real_robot/ros2_ws_luca/install/ur_robot_description_cb2/lib/pkgconfig/ur_robot_description_cb2.pc'
[0.636s] Level 1:colcon.colcon_core.environment:checking '/home/luca/Stage_Lirmm/Diffusion-model-isaacsim/ur10_real_robot/ros2_ws_luca/install/ur_robot_description_cb2/lib/python3.10/site-packages'
[0.637s] Level 1:colcon.colcon_core.environment:checking '/home/luca/Stage_Lirmm/Diffusion-model-isaacsim/ur10_real_robot/ros2_ws_luca/install/ur_robot_description_cb2/bin'
[0.637s] INFO:colcon.colcon_core.shell:Creating package script '/home/luca/Stage_Lirmm/Diffusion-model-isaacsim/ur10_real_robot/ros2_ws_luca/install/ur_robot_description_cb2/share/ur_robot_description_cb2/package.ps1'
[0.638s] INFO:colcon.colcon_core.shell:Creating package descriptor '/home/luca/Stage_Lirmm/Diffusion-model-isaacsim/ur10_real_robot/ros2_ws_luca/install/ur_robot_description_cb2/share/ur_robot_description_cb2/package.dsv'
[0.638s] INFO:colcon.colcon_core.shell:Creating package script '/home/luca/Stage_Lirmm/Diffusion-model-isaacsim/ur10_real_robot/ros2_ws_luca/install/ur_robot_description_cb2/share/ur_robot_description_cb2/package.sh'
[0.639s] INFO:colcon.colcon_core.shell:Creating package script '/home/luca/Stage_Lirmm/Diffusion-model-isaacsim/ur10_real_robot/ros2_ws_luca/install/ur_robot_description_cb2/share/ur_robot_description_cb2/package.bash'
[0.639s] INFO:colcon.colcon_core.shell:Creating package script '/home/luca/Stage_Lirmm/Diffusion-model-isaacsim/ur10_real_robot/ros2_ws_luca/install/ur_robot_description_cb2/share/ur_robot_description_cb2/package.zsh'
[0.640s] Level 1:colcon.colcon_core.environment:create_file_with_runtime_dependencies(/home/luca/Stage_Lirmm/Diffusion-model-isaacsim/ur10_real_robot/ros2_ws_luca/install/ur_robot_description_cb2/share/colcon-core/packages/ur_robot_description_cb2)
[0.640s] INFO:colcon.colcon_ros.task.ament_cmake.build:Building ROS package in '/home/luca/Stage_Lirmm/Diffusion-model-isaacsim/ur10_real_robot/ros2_ws_luca/src/ur_robot_driver_cb2' with build type 'ament_cmake'
[0.640s] INFO:colcon.colcon_cmake.task.cmake.build:Building CMake package in '/home/luca/Stage_Lirmm/Diffusion-model-isaacsim/ur10_real_robot/ros2_ws_luca/src/ur_robot_driver_cb2'
[0.641s] INFO:colcon.colcon_core.shell:Skip shell extension 'powershell' for command environment: Not usable outside of PowerShell
[0.641s] DEBUG:colcon.colcon_core.shell:Skip shell extension 'dsv' for command environment
[0.657s] DEBUG:colcon.colcon_core.event_handler.log_command:Invoking command in '/home/luca/Stage_Lirmm/Diffusion-model-isaacsim/ur10_real_robot/ros2_ws_luca/build/ur_robot_driver_cb2': CMAKE_PREFIX_PATH=/home/luca/Stage_Lirmm/Diffusion-model-isaacsim/ur10_real_robot/ros2_ws_luca/install/ur_robot_description_cb2:/home/luca/Stage_Lirmm/Diffusion-model-isaacsim/ur10_real_robot/ros2_ws_luca/install/earth_robot_moveit_config:/home/luca/Stage_Lirmm/Diffusion-model-isaacsim/ur10_real_robot/ros2_ws_luca/install/realsense2_description:/home/luca/Stage_Lirmm/Diffusion-model-isaacsim/ur10_real_robot/ros2_ws_luca/install/onrobot_rg_msgs:/home/luca/Stage_Lirmm/Diffusion-model-isaacsim/ur10_real_robot/ros2_ws_luca/install/onrobot_rg2ft_description:/home/luca/Stage_Lirmm/Diffusion-model-isaacsim/ur10_real_robot/ros2_ws_luca/install/bringup_gripper:/opt/ros/humble VIRTUAL_ENV_PROMPT=(mujoco_ros) /usr/bin/cmake --build /home/luca/Stage_Lirmm/Diffusion-model-isaacsim/ur10_real_robot/ros2_ws_luca/build/ur_robot_driver_cb2 -- -j16 -l16
[0.799s] DEBUG:colcon.colcon_core.event_handler.log_command:Invoked command in '/home/luca/Stage_Lirmm/Diffusion-model-isaacsim/ur10_real_robot/ros2_ws_luca/build/ur_robot_driver_cb2' returned '0': CMAKE_PREFIX_PATH=/home/luca/Stage_Lirmm/Diffusion-model-isaacsim/ur10_real_robot/ros2_ws_luca/install/ur_robot_description_cb2:/home/luca/Stage_Lirmm/Diffusion-model-isaacsim/ur10_real_robot/ros2_ws_luca/install/earth_robot_moveit_config:/home/luca/Stage_Lirmm/Diffusion-model-isaacsim/ur10_real_robot/ros2_ws_luca/install/realsense2_description:/home/luca/Stage_Lirmm/Diffusion-model-isaacsim/ur10_real_robot/ros2_ws_luca/install/onrobot_rg_msgs:/home/luca/Stage_Lirmm/Diffusion-model-isaacsim/ur10_real_robot/ros2_ws_luca/install/onrobot_rg2ft_description:/home/luca/Stage_Lirmm/Diffusion-model-isaacsim/ur10_real_robot/ros2_ws_luca/install/bringup_gripper:/opt/ros/humble VIRTUAL_ENV_PROMPT=(mujoco_ros) /usr/bin/cmake --build /home/luca/Stage_Lirmm/Diffusion-model-isaacsim/ur10_real_robot/ros2_ws_luca/build/ur_robot_driver_cb2 -- -j16 -l16
[0.802s] DEBUG:colcon.colcon_core.event_handler.log_command:Invoking command in '/home/luca/Stage_Lirmm/Diffusion-model-isaacsim/ur10_real_robot/ros2_ws_luca/build/ur_robot_driver_cb2': CMAKE_PREFIX_PATH=/home/luca/Stage_Lirmm/Diffusion-model-isaacsim/ur10_real_robot/ros2_ws_luca/install/ur_robot_description_cb2:/home/luca/Stage_Lirmm/Diffusion-model-isaacsim/ur10_real_robot/ros2_ws_luca/install/earth_robot_moveit_config:/home/luca/Stage_Lirmm/Diffusion-model-isaacsim/ur10_real_robot/ros2_ws_luca/install/realsense2_description:/home/luca/Stage_Lirmm/Diffusion-model-isaacsim/ur10_real_robot/ros2_ws_luca/install/onrobot_rg_msgs:/home/luca/Stage_Lirmm/Diffusion-model-isaacsim/ur10_real_robot/ros2_ws_luca/install/onrobot_rg2ft_description:/home/luca/Stage_Lirmm/Diffusion-model-isaacsim/ur10_real_robot/ros2_ws_luca/install/bringup_gripper:/opt/ros/humble VIRTUAL_ENV_PROMPT=(mujoco_ros) /usr/bin/cmake --install /home/luca/Stage_Lirmm/Diffusion-model-isaacsim/ur10_real_robot/ros2_ws_luca/build/ur_robot_driver_cb2
[0.819s] Level 1:colcon.colcon_core.environment:create_environment_scripts_only(ur_robot_driver_cb2)
[0.820s] Level 1:colcon.colcon_core.environment:checking '/home/luca/Stage_Lirmm/Diffusion-model-isaacsim/ur10_real_robot/ros2_ws_luca/install/ur_robot_driver_cb2' for CMake module files
[0.820s] DEBUG:colcon.colcon_core.event_handler.log_command:Invoked command in '/home/luca/Stage_Lirmm/Diffusion-model-isaacsim/ur10_real_robot/ros2_ws_luca/build/ur_robot_driver_cb2' returned '0': CMAKE_PREFIX_PATH=/home/luca/Stage_Lirmm/Diffusion-model-isaacsim/ur10_real_robot/ros2_ws_luca/install/ur_robot_description_cb2:/home/luca/Stage_Lirmm/Diffusion-model-isaacsim/ur10_real_robot/ros2_ws_luca/install/earth_robot_moveit_config:/home/luca/Stage_Lirmm/Diffusion-model-isaacsim/ur10_real_robot/ros2_ws_luca/install/realsense2_description:/home/luca/Stage_Lirmm/Diffusion-model-isaacsim/ur10_real_robot/ros2_ws_luca/install/onrobot_rg_msgs:/home/luca/Stage_Lirmm/Diffusion-model-isaacsim/ur10_real_robot/ros2_ws_luca/install/onrobot_rg2ft_description:/home/luca/Stage_Lirmm/Diffusion-model-isaacsim/ur10_real_robot/ros2_ws_luca/install/bringup_gripper:/opt/ros/humble VIRTUAL_ENV_PROMPT=(mujoco_ros) /usr/bin/cmake --install /home/luca/Stage_Lirmm/Diffusion-model-isaacsim/ur10_real_robot/ros2_ws_luca/build/ur_robot_driver_cb2
[0.821s] Level 1:colcon.colcon_core.environment:checking '/home/luca/Stage_Lirmm/Diffusion-model-isaacsim/ur10_real_robot/ros2_ws_luca/install/ur_robot_driver_cb2' for CMake config files
[0.821s] Level 1:colcon.colcon_core.shell:create_environment_hook('ur_robot_driver_cb2', 'cmake_prefix_path')
[0.822s] INFO:colcon.colcon_core.shell:Creating environment hook '/home/luca/Stage_Lirmm/Diffusion-model-isaacsim/ur10_real_robot/ros2_ws_luca/install/ur_robot_driver_cb2/share/ur_robot_driver_cb2/hook/cmake_prefix_path.ps1'
[0.823s] INFO:colcon.colcon_core.shell:Creating environment descriptor '/home/luca/Stage_Lirmm/Diffusion-model-isaacsim/ur10_real_robot/ros2_ws_luca/install/ur_robot_driver_cb2/share/ur_robot_driver_cb2/hook/cmake_prefix_path.dsv'
[0.823s] INFO:colcon.colcon_core.shell:Creating environment hook '/home/luca/Stage_Lirmm/Diffusion-model-isaacsim/ur10_real_robot/ros2_ws_luca/install/ur_robot_driver_cb2/share/ur_robot_driver_cb2/hook/cmake_prefix_path.sh'
[0.824s] Level 1:colcon.colcon_core.environment:checking '/home/luca/Stage_Lirmm/Diffusion-model-isaacsim/ur10_real_robot/ros2_ws_luca/install/ur_robot_driver_cb2/lib'
[0.824s] Level 1:colcon.colcon_core.shell:create_environment_hook('ur_robot_driver_cb2', 'ld_library_path_lib')
[0.824s] INFO:colcon.colcon_core.shell:Creating environment hook '/home/luca/Stage_Lirmm/Diffusion-model-isaacsim/ur10_real_robot/ros2_ws_luca/install/ur_robot_driver_cb2/share/ur_robot_driver_cb2/hook/ld_library_path_lib.ps1'
[0.825s] INFO:colcon.colcon_core.shell:Creating environment descriptor '/home/luca/Stage_Lirmm/Diffusion-model-isaacsim/ur10_real_robot/ros2_ws_luca/install/ur_robot_driver_cb2/share/ur_robot_driver_cb2/hook/ld_library_path_lib.dsv'
[0.826s] INFO:colcon.colcon_core.shell:Creating environment hook '/home/luca/Stage_Lirmm/Diffusion-model-isaacsim/ur10_real_robot/ros2_ws_luca/install/ur_robot_driver_cb2/share/ur_robot_driver_cb2/hook/ld_library_path_lib.sh'
[0.826s] Level 1:colcon.colcon_core.environment:checking '/home/luca/Stage_Lirmm/Diffusion-model-isaacsim/ur10_real_robot/ros2_ws_luca/install/ur_robot_driver_cb2/bin'
[0.826s] Level 1:colcon.colcon_core.environment:checking '/home/luca/Stage_Lirmm/Diffusion-model-isaacsim/ur10_real_robot/ros2_ws_luca/install/ur_robot_driver_cb2/lib/pkgconfig/ur_robot_driver_cb2.pc'
[0.827s] Level 1:colcon.colcon_core.environment:checking '/home/luca/Stage_Lirmm/Diffusion-model-isaacsim/ur10_real_robot/ros2_ws_luca/install/ur_robot_driver_cb2/lib/python3.10/site-packages'
[0.827s] Level 1:colcon.colcon_core.environment:checking '/home/luca/Stage_Lirmm/Diffusion-model-isaacsim/ur10_real_robot/ros2_ws_luca/install/ur_robot_driver_cb2/bin'
[0.827s] INFO:colcon.colcon_core.shell:Creating package script '/home/luca/Stage_Lirmm/Diffusion-model-isaacsim/ur10_real_robot/ros2_ws_luca/install/ur_robot_driver_cb2/share/ur_robot_driver_cb2/package.ps1'
[0.828s] INFO:colcon.colcon_core.shell:Creating package descriptor '/home/luca/Stage_Lirmm/Diffusion-model-isaacsim/ur10_real_robot/ros2_ws_luca/install/ur_robot_driver_cb2/share/ur_robot_driver_cb2/package.dsv'
[0.829s] INFO:colcon.colcon_core.shell:Creating package script '/home/luca/Stage_Lirmm/Diffusion-model-isaacsim/ur10_real_robot/ros2_ws_luca/install/ur_robot_driver_cb2/share/ur_robot_driver_cb2/package.sh'
[0.829s] INFO:colcon.colcon_core.shell:Creating package script '/home/luca/Stage_Lirmm/Diffusion-model-isaacsim/ur10_real_robot/ros2_ws_luca/install/ur_robot_driver_cb2/share/ur_robot_driver_cb2/package.bash'
[0.830s] INFO:colcon.colcon_core.shell:Creating package script '/home/luca/Stage_Lirmm/Diffusion-model-isaacsim/ur10_real_robot/ros2_ws_luca/install/ur_robot_driver_cb2/share/ur_robot_driver_cb2/package.zsh'
[0.830s] Level 1:colcon.colcon_core.environment:create_file_with_runtime_dependencies(/home/luca/Stage_Lirmm/Diffusion-model-isaacsim/ur10_real_robot/ros2_ws_luca/install/ur_robot_driver_cb2/share/colcon-core/packages/ur_robot_driver_cb2)
[0.831s] Level 1:colcon.colcon_core.environment:create_environment_scripts_only(ur_robot_driver_cb2)
[0.831s] Level 1:colcon.colcon_core.environment:checking '/home/luca/Stage_Lirmm/Diffusion-model-isaacsim/ur10_real_robot/ros2_ws_luca/install/ur_robot_driver_cb2' for CMake module files
[0.832s] Level 1:colcon.colcon_core.environment:checking '/home/luca/Stage_Lirmm/Diffusion-model-isaacsim/ur10_real_robot/ros2_ws_luca/install/ur_robot_driver_cb2' for CMake config files
[0.832s] Level 1:colcon.colcon_core.shell:create_environment_hook('ur_robot_driver_cb2', 'cmake_prefix_path')
[0.832s] INFO:colcon.colcon_core.shell:Creating environment hook '/home/luca/Stage_Lirmm/Diffusion-model-isaacsim/ur10_real_robot/ros2_ws_luca/install/ur_robot_driver_cb2/share/ur_robot_driver_cb2/hook/cmake_prefix_path.ps1'
[0.832s] INFO:colcon.colcon_core.shell:Creating environment descriptor '/home/luca/Stage_Lirmm/Diffusion-model-isaacsim/ur10_real_robot/ros2_ws_luca/install/ur_robot_driver_cb2/share/ur_robot_driver_cb2/hook/cmake_prefix_path.dsv'
[0.833s] INFO:colcon.colcon_core.shell:Creating environment hook '/home/luca/Stage_Lirmm/Diffusion-model-isaacsim/ur10_real_robot/ros2_ws_luca/install/ur_robot_driver_cb2/share/ur_robot_driver_cb2/hook/cmake_prefix_path.sh'
[0.834s] Level 1:colcon.colcon_core.environment:checking '/home/luca/Stage_Lirmm/Diffusion-model-isaacsim/ur10_real_robot/ros2_ws_luca/install/ur_robot_driver_cb2/lib'
[0.834s] Level 1:colcon.colcon_core.shell:create_environment_hook('ur_robot_driver_cb2', 'ld_library_path_lib')
[0.834s] INFO:colcon.colcon_core.shell:Creating environment hook '/home/luca/Stage_Lirmm/Diffusion-model-isaacsim/ur10_real_robot/ros2_ws_luca/install/ur_robot_driver_cb2/share/ur_robot_driver_cb2/hook/ld_library_path_lib.ps1'
[0.835s] INFO:colcon.colcon_core.shell:Creating environment descriptor '/home/luca/Stage_Lirmm/Diffusion-model-isaacsim/ur10_real_robot/ros2_ws_luca/install/ur_robot_driver_cb2/share/ur_robot_driver_cb2/hook/ld_library_path_lib.dsv'
[0.835s] INFO:colcon.colcon_core.shell:Creating environment hook '/home/luca/Stage_Lirmm/Diffusion-model-isaacsim/ur10_real_robot/ros2_ws_luca/install/ur_robot_driver_cb2/share/ur_robot_driver_cb2/hook/ld_library_path_lib.sh'
[0.836s] Level 1:colcon.colcon_core.environment:checking '/home/luca/Stage_Lirmm/Diffusion-model-isaacsim/ur10_real_robot/ros2_ws_luca/install/ur_robot_driver_cb2/bin'
[0.836s] Level 1:colcon.colcon_core.environment:checking '/home/luca/Stage_Lirmm/Diffusion-model-isaacsim/ur10_real_robot/ros2_ws_luca/install/ur_robot_driver_cb2/lib/pkgconfig/ur_robot_driver_cb2.pc'
[0.836s] Level 1:colcon.colcon_core.environment:checking '/home/luca/Stage_Lirmm/Diffusion-model-isaacsim/ur10_real_robot/ros2_ws_luca/install/ur_robot_driver_cb2/lib/python3.10/site-packages'
[0.836s] Level 1:colcon.colcon_core.environment:checking '/home/luca/Stage_Lirmm/Diffusion-model-isaacsim/ur10_real_robot/ros2_ws_luca/install/ur_robot_driver_cb2/bin'
[0.837s] INFO:colcon.colcon_core.shell:Creating package script '/home/luca/Stage_Lirmm/Diffusion-model-isaacsim/ur10_real_robot/ros2_ws_luca/install/ur_robot_driver_cb2/share/ur_robot_driver_cb2/package.ps1'
[0.838s] INFO:colcon.colcon_core.shell:Creating package descriptor '/home/luca/Stage_Lirmm/Diffusion-model-isaacsim/ur10_real_robot/ros2_ws_luca/install/ur_robot_driver_cb2/share/ur_robot_driver_cb2/package.dsv'
[0.838s] INFO:colcon.colcon_core.shell:Creating package script '/home/luca/Stage_Lirmm/Diffusion-model-isaacsim/ur10_real_robot/ros2_ws_luca/install/ur_robot_driver_cb2/share/ur_robot_driver_cb2/package.sh'
[0.839s] INFO:colcon.colcon_core.shell:Creating package script '/home/luca/Stage_Lirmm/Diffusion-model-isaacsim/ur10_real_robot/ros2_ws_luca/install/ur_robot_driver_cb2/share/ur_robot_driver_cb2/package.bash'
[0.840s] INFO:colcon.colcon_core.shell:Creating package script '/home/luca/Stage_Lirmm/Diffusion-model-isaacsim/ur10_real_robot/ros2_ws_luca/install/ur_robot_driver_cb2/share/ur_robot_driver_cb2/package.zsh'
[0.840s] Level 1:colcon.colcon_core.environment:create_file_with_runtime_dependencies(/home/luca/Stage_Lirmm/Diffusion-model-isaacsim/ur10_real_robot/ros2_ws_luca/install/ur_robot_driver_cb2/share/colcon-core/packages/ur_robot_driver_cb2)
[0.841s] INFO:colcon.colcon_ros.task.ament_cmake.build:Building ROS package in '/home/luca/Stage_Lirmm/Diffusion-model-isaacsim/ur10_real_robot/ros2_ws_luca/src/realsense-ros/realsense2_description' with build type 'ament_cmake'
[0.841s] INFO:colcon.colcon_cmake.task.cmake.build:Building CMake package in '/home/luca/Stage_Lirmm/Diffusion-model-isaacsim/ur10_real_robot/ros2_ws_luca/src/realsense-ros/realsense2_description'
[0.842s] INFO:colcon.colcon_core.shell:Skip shell extension 'powershell' for command environment: Not usable outside of PowerShell
[0.842s] DEBUG:colcon.colcon_core.shell:Skip shell extension 'dsv' for command environment
[0.860s] DEBUG:colcon.colcon_core.event_handler.log_command:Invoking command in '/home/luca/Stage_Lirmm/Diffusion-model-isaacsim/ur10_real_robot/ros2_ws_luca/build/realsense2_description': AMENT_PREFIX_PATH=/home/luca/Stage_Lirmm/Diffusion-model-isaacsim/ur10_real_robot/ros2_ws_luca/install/ur_robot_driver_cb2:${AMENT_PREFIX_PATH} CMAKE_PREFIX_PATH=/home/luca/Stage_Lirmm/Diffusion-model-isaacsim/ur10_real_robot/ros2_ws_luca/install/ur_robot_driver_cb2:/home/luca/Stage_Lirmm/Diffusion-model-isaacsim/ur10_real_robot/ros2_ws_luca/install/ur_robot_description_cb2:/home/luca/Stage_Lirmm/Diffusion-model-isaacsim/ur10_real_robot/ros2_ws_luca/install/onrobot_rg2ft_description:/home/luca/Stage_Lirmm/Diffusion-model-isaacsim/ur10_real_robot/ros2_ws_luca/install/earth_robot_moveit_config:/home/luca/Stage_Lirmm/Diffusion-model-isaacsim/ur10_real_robot/ros2_ws_luca/install/realsense2_description:/home/luca/Stage_Lirmm/Diffusion-model-isaacsim/ur10_real_robot/ros2_ws_luca/install/onrobot_rg_msgs:/home/luca/Stage_Lirmm/Diffusion-model-isaacsim/ur10_real_robot/ros2_ws_luca/install/bringup_gripper:/opt/ros/humble LD_LIBRARY_PATH=/home/luca/Stage_Lirmm/Diffusion-model-isaacsim/ur10_real_robot/ros2_ws_luca/install/ur_robot_driver_cb2/lib:${LD_LIBRARY_PATH} VIRTUAL_ENV_PROMPT=(mujoco_ros) /usr/bin/cmake --build /home/luca/Stage_Lirmm/Diffusion-model-isaacsim/ur10_real_robot/ros2_ws_luca/build/realsense2_description -- -j16 -l16
[0.901s] DEBUG:colcon.colcon_core.event_handler.log_command:Invoked command in '/home/luca/Stage_Lirmm/Diffusion-model-isaacsim/ur10_real_robot/ros2_ws_luca/build/onrobot_rg_msgs' returned '0': CMAKE_PREFIX_PATH=${CMAKE_PREFIX_PATH}:/home/luca/Stage_Lirmm/Diffusion-model-isaacsim/ur10_real_robot/ros2_ws_luca/install/bringup_gripper:/opt/ros/humble VIRTUAL_ENV_PROMPT=(mujoco_ros) /usr/bin/cmake --build /home/luca/Stage_Lirmm/Diffusion-model-isaacsim/ur10_real_robot/ros2_ws_luca/build/onrobot_rg_msgs -- -j16 -l16
[0.904s] DEBUG:colcon.colcon_core.event_handler.log_command:Invoking command in '/home/luca/Stage_Lirmm/Diffusion-model-isaacsim/ur10_real_robot/ros2_ws_luca/build/onrobot_rg_msgs': CMAKE_PREFIX_PATH=${CMAKE_PREFIX_PATH}:/home/luca/Stage_Lirmm/Diffusion-model-isaacsim/ur10_real_robot/ros2_ws_luca/install/bringup_gripper:/opt/ros/humble VIRTUAL_ENV_PROMPT=(mujoco_ros) /usr/bin/cmake --install /home/luca/Stage_Lirmm/Diffusion-model-isaacsim/ur10_real_robot/ros2_ws_luca/build/onrobot_rg_msgs
[0.913s] DEBUG:colcon.colcon_core.event_handler.log_command:Invoked command in '/home/luca/Stage_Lirmm/Diffusion-model-isaacsim/ur10_real_robot/ros2_ws_luca/build/realsense2_description' returned '0': AMENT_PREFIX_PATH=/home/luca/Stage_Lirmm/Diffusion-model-isaacsim/ur10_real_robot/ros2_ws_luca/install/ur_robot_driver_cb2:${AMENT_PREFIX_PATH} CMAKE_PREFIX_PATH=/home/luca/Stage_Lirmm/Diffusion-model-isaacsim/ur10_real_robot/ros2_ws_luca/install/ur_robot_driver_cb2:/home/luca/Stage_Lirmm/Diffusion-model-isaacsim/ur10_real_robot/ros2_ws_luca/install/ur_robot_description_cb2:/home/luca/Stage_Lirmm/Diffusion-model-isaacsim/ur10_real_robot/ros2_ws_luca/install/onrobot_rg2ft_description:/home/luca/Stage_Lirmm/Diffusion-model-isaacsim/ur10_real_robot/ros2_ws_luca/install/earth_robot_moveit_config:/home/luca/Stage_Lirmm/Diffusion-model-isaacsim/ur10_real_robot/ros2_ws_luca/install/realsense2_description:/home/luca/Stage_Lirmm/Diffusion-model-isaacsim/ur10_real_robot/ros2_ws_luca/install/onrobot_rg_msgs:/home/luca/Stage_Lirmm/Diffusion-model-isaacsim/ur10_real_robot/ros2_ws_luca/install/bringup_gripper:/opt/ros/humble LD_LIBRARY_PATH=/home/luca/Stage_Lirmm/Diffusion-model-isaacsim/ur10_real_robot/ros2_ws_luca/install/ur_robot_driver_cb2/lib:${LD_LIBRARY_PATH} VIRTUAL_ENV_PROMPT=(mujoco_ros) /usr/bin/cmake --build /home/luca/Stage_Lirmm/Diffusion-model-isaacsim/ur10_real_robot/ros2_ws_luca/build/realsense2_description -- -j16 -l16
[0.916s] DEBUG:colcon.colcon_core.event_handler.log_command:Invoking command in '/home/luca/Stage_Lirmm/Diffusion-model-isaacsim/ur10_real_robot/ros2_ws_luca/build/realsense2_description': AMENT_PREFIX_PATH=/home/luca/Stage_Lirmm/Diffusion-model-isaacsim/ur10_real_robot/ros2_ws_luca/install/ur_robot_driver_cb2:${AMENT_PREFIX_PATH} CMAKE_PREFIX_PATH=/home/luca/Stage_Lirmm/Diffusion-model-isaacsim/ur10_real_robot/ros2_ws_luca/install/ur_robot_driver_cb2:/home/luca/Stage_Lirmm/Diffusion-model-isaacsim/ur10_real_robot/ros2_ws_luca/install/ur_robot_description_cb2:/home/luca/Stage_Lirmm/Diffusion-model-isaacsim/ur10_real_robot/ros2_ws_luca/install/onrobot_rg2ft_description:/home/luca/Stage_Lirmm/Diffusion-model-isaacsim/ur10_real_robot/ros2_ws_luca/install/earth_robot_moveit_config:/home/luca/Stage_Lirmm/Diffusion-model-isaacsim/ur10_real_robot/ros2_ws_luca/install/realsense2_description:/home/luca/Stage_Lirmm/Diffusion-model-isaacsim/ur10_real_robot/ros2_ws_luca/install/onrobot_rg_msgs:/home/luca/Stage_Lirmm/Diffusion-model-isaacsim/ur10_real_robot/ros2_ws_luca/install/bringup_gripper:/opt/ros/humble LD_LIBRARY_PATH=/home/luca/Stage_Lirmm/Diffusion-model-isaacsim/ur10_real_robot/ros2_ws_luca/install/ur_robot_driver_cb2/lib:${LD_LIBRARY_PATH} VIRTUAL_ENV_PROMPT=(mujoco_ros) /usr/bin/cmake --install /home/luca/Stage_Lirmm/Diffusion-model-isaacsim/ur10_real_robot/ros2_ws_luca/build/realsense2_description
[0.931s] Level 1:colcon.colcon_core.environment:create_environment_scripts_only(realsense2_description)
[0.932s] Level 1:colcon.colcon_core.environment:checking '/home/luca/Stage_Lirmm/Diffusion-model-isaacsim/ur10_real_robot/ros2_ws_luca/install/realsense2_description' for CMake module files
[0.935s] Level 1:colcon.colcon_core.environment:checking '/home/luca/Stage_Lirmm/Diffusion-model-isaacsim/ur10_real_robot/ros2_ws_luca/install/realsense2_description' for CMake config files
[0.935s] DEBUG:colcon.colcon_core.event_handler.log_command:Invoked command in '/home/luca/Stage_Lirmm/Diffusion-model-isaacsim/ur10_real_robot/ros2_ws_luca/build/realsense2_description' returned '0': AMENT_PREFIX_PATH=/home/luca/Stage_Lirmm/Diffusion-model-isaacsim/ur10_real_robot/ros2_ws_luca/install/ur_robot_driver_cb2:${AMENT_PREFIX_PATH} CMAKE_PREFIX_PATH=/home/luca/Stage_Lirmm/Diffusion-model-isaacsim/ur10_real_robot/ros2_ws_luca/install/ur_robot_driver_cb2:/home/luca/Stage_Lirmm/Diffusion-model-isaacsim/ur10_real_robot/ros2_ws_luca/install/ur_robot_description_cb2:/home/luca/Stage_Lirmm/Diffusion-model-isaacsim/ur10_real_robot/ros2_ws_luca/install/onrobot_rg2ft_description:/home/luca/Stage_Lirmm/Diffusion-model-isaacsim/ur10_real_robot/ros2_ws_luca/install/earth_robot_moveit_config:/home/luca/Stage_Lirmm/Diffusion-model-isaacsim/ur10_real_robot/ros2_ws_luca/install/realsense2_description:/home/luca/Stage_Lirmm/Diffusion-model-isaacsim/ur10_real_robot/ros2_ws_luca/install/onrobot_rg_msgs:/home/luca/Stage_Lirmm/Diffusion-model-isaacsim/ur10_real_robot/ros2_ws_luca/install/bringup_gripper:/opt/ros/humble LD_LIBRARY_PATH=/home/luca/Stage_Lirmm/Diffusion-model-isaacsim/ur10_real_robot/ros2_ws_luca/install/ur_robot_driver_cb2/lib:${LD_LIBRARY_PATH} VIRTUAL_ENV_PROMPT=(mujoco_ros) /usr/bin/cmake --install /home/luca/Stage_Lirmm/Diffusion-model-isaacsim/ur10_real_robot/ros2_ws_luca/build/realsense2_description
[0.935s] Level 1:colcon.colcon_core.shell:create_environment_hook('realsense2_description', 'cmake_prefix_path')
[0.936s] INFO:colcon.colcon_core.shell:Creating environment hook '/home/luca/Stage_Lirmm/Diffusion-model-isaacsim/ur10_real_robot/ros2_ws_luca/install/realsense2_description/share/realsense2_description/hook/cmake_prefix_path.ps1'
[0.937s] INFO:colcon.colcon_core.shell:Creating environment descriptor '/home/luca/Stage_Lirmm/Diffusion-model-isaacsim/ur10_real_robot/ros2_ws_luca/install/realsense2_description/share/realsense2_description/hook/cmake_prefix_path.dsv'
[0.937s] INFO:colcon.colcon_core.shell:Creating environment hook '/home/luca/Stage_Lirmm/Diffusion-model-isaacsim/ur10_real_robot/ros2_ws_luca/install/realsense2_description/share/realsense2_description/hook/cmake_prefix_path.sh'
[0.938s] Level 1:colcon.colcon_core.environment:checking '/home/luca/Stage_Lirmm/Diffusion-model-isaacsim/ur10_real_robot/ros2_ws_luca/install/realsense2_description/bin'
[0.938s] Level 1:colcon.colcon_core.environment:checking '/home/luca/Stage_Lirmm/Diffusion-model-isaacsim/ur10_real_robot/ros2_ws_luca/install/realsense2_description/lib/pkgconfig/realsense2_description.pc'
[0.938s] Level 1:colcon.colcon_core.environment:checking '/home/luca/Stage_Lirmm/Diffusion-model-isaacsim/ur10_real_robot/ros2_ws_luca/install/realsense2_description/lib/python3.10/site-packages'
[0.939s] Level 1:colcon.colcon_core.environment:checking '/home/luca/Stage_Lirmm/Diffusion-model-isaacsim/ur10_real_robot/ros2_ws_luca/install/realsense2_description/bin'
[0.939s] INFO:colcon.colcon_core.shell:Creating package script '/home/luca/Stage_Lirmm/Diffusion-model-isaacsim/ur10_real_robot/ros2_ws_luca/install/realsense2_description/share/realsense2_description/package.ps1'
[0.940s] INFO:colcon.colcon_core.shell:Creating package descriptor '/home/luca/Stage_Lirmm/Diffusion-model-isaacsim/ur10_real_robot/ros2_ws_luca/install/realsense2_description/share/realsense2_description/package.dsv'
[0.941s] INFO:colcon.colcon_core.shell:Creating package script '/home/luca/Stage_Lirmm/Diffusion-model-isaacsim/ur10_real_robot/ros2_ws_luca/install/realsense2_description/share/realsense2_description/package.sh'
[0.941s] INFO:colcon.colcon_core.shell:Creating package script '/home/luca/Stage_Lirmm/Diffusion-model-isaacsim/ur10_real_robot/ros2_ws_luca/install/realsense2_description/share/realsense2_description/package.bash'
[0.942s] INFO:colcon.colcon_core.shell:Creating package script '/home/luca/Stage_Lirmm/Diffusion-model-isaacsim/ur10_real_robot/ros2_ws_luca/install/realsense2_description/share/realsense2_description/package.zsh'
[0.942s] Level 1:colcon.colcon_core.environment:create_file_with_runtime_dependencies(/home/luca/Stage_Lirmm/Diffusion-model-isaacsim/ur10_real_robot/ros2_ws_luca/install/realsense2_description/share/colcon-core/packages/realsense2_description)
[0.943s] Level 1:colcon.colcon_core.environment:create_environment_scripts_only(realsense2_description)
[0.944s] Level 1:colcon.colcon_core.environment:checking '/home/luca/Stage_Lirmm/Diffusion-model-isaacsim/ur10_real_robot/ros2_ws_luca/install/realsense2_description' for CMake module files
[0.944s] Level 1:colcon.colcon_core.environment:checking '/home/luca/Stage_Lirmm/Diffusion-model-isaacsim/ur10_real_robot/ros2_ws_luca/install/realsense2_description' for CMake config files
[0.945s] Level 1:colcon.colcon_core.shell:create_environment_hook('realsense2_description', 'cmake_prefix_path')
[0.946s] INFO:colcon.colcon_core.shell:Creating environment hook '/home/luca/Stage_Lirmm/Diffusion-model-isaacsim/ur10_real_robot/ros2_ws_luca/install/realsense2_description/share/realsense2_description/hook/cmake_prefix_path.ps1'
[0.947s] INFO:colcon.colcon_core.shell:Creating environment descriptor '/home/luca/Stage_Lirmm/Diffusion-model-isaacsim/ur10_real_robot/ros2_ws_luca/install/realsense2_description/share/realsense2_description/hook/cmake_prefix_path.dsv'
[0.948s] INFO:colcon.colcon_core.shell:Creating environment hook '/home/luca/Stage_Lirmm/Diffusion-model-isaacsim/ur10_real_robot/ros2_ws_luca/install/realsense2_description/share/realsense2_description/hook/cmake_prefix_path.sh'
[0.949s] Level 1:colcon.colcon_core.environment:checking '/home/luca/Stage_Lirmm/Diffusion-model-isaacsim/ur10_real_robot/ros2_ws_luca/install/realsense2_description/bin'
[0.950s] Level 1:colcon.colcon_core.environment:checking '/home/luca/Stage_Lirmm/Diffusion-model-isaacsim/ur10_real_robot/ros2_ws_luca/install/realsense2_description/lib/pkgconfig/realsense2_description.pc'
[0.950s] Level 1:colcon.colcon_core.environment:checking '/home/luca/Stage_Lirmm/Diffusion-model-isaacsim/ur10_real_robot/ros2_ws_luca/install/realsense2_description/lib/python3.10/site-packages'
[0.950s] Level 1:colcon.colcon_core.environment:checking '/home/luca/Stage_Lirmm/Diffusion-model-isaacsim/ur10_real_robot/ros2_ws_luca/install/realsense2_description/bin'
[0.951s] INFO:colcon.colcon_core.shell:Creating package script '/home/luca/Stage_Lirmm/Diffusion-model-isaacsim/ur10_real_robot/ros2_ws_luca/install/realsense2_description/share/realsense2_description/package.ps1'
[0.952s] INFO:colcon.colcon_core.shell:Creating package descriptor '/home/luca/Stage_Lirmm/Diffusion-model-isaacsim/ur10_real_robot/ros2_ws_luca/install/realsense2_description/share/realsense2_description/package.dsv'
[0.953s] INFO:colcon.colcon_core.shell:Creating package script '/home/luca/Stage_Lirmm/Diffusion-model-isaacsim/ur10_real_robot/ros2_ws_luca/install/realsense2_description/share/realsense2_description/package.sh'
[0.953s] INFO:colcon.colcon_core.shell:Creating package script '/home/luca/Stage_Lirmm/Diffusion-model-isaacsim/ur10_real_robot/ros2_ws_luca/install/realsense2_description/share/realsense2_description/package.bash'
[0.954s] INFO:colcon.colcon_core.shell:Creating package script '/home/luca/Stage_Lirmm/Diffusion-model-isaacsim/ur10_real_robot/ros2_ws_luca/install/realsense2_description/share/realsense2_description/package.zsh'
[0.955s] Level 1:colcon.colcon_core.environment:create_file_with_runtime_dependencies(/home/luca/Stage_Lirmm/Diffusion-model-isaacsim/ur10_real_robot/ros2_ws_luca/install/realsense2_description/share/colcon-core/packages/realsense2_description)
[0.979s] Level 1:colcon.colcon_core.environment:create_environment_scripts_only(onrobot_rg_msgs)
[0.980s] Level 1:colcon.colcon_core.environment:checking '/home/luca/Stage_Lirmm/Diffusion-model-isaacsim/ur10_real_robot/ros2_ws_luca/install/onrobot_rg_msgs' for CMake module files
[0.981s] DEBUG:colcon.colcon_core.event_handler.log_command:Invoked command in '/home/luca/Stage_Lirmm/Diffusion-model-isaacsim/ur10_real_robot/ros2_ws_luca/build/onrobot_rg_msgs' returned '0': CMAKE_PREFIX_PATH=${CMAKE_PREFIX_PATH}:/home/luca/Stage_Lirmm/Diffusion-model-isaacsim/ur10_real_robot/ros2_ws_luca/install/bringup_gripper:/opt/ros/humble VIRTUAL_ENV_PROMPT=(mujoco_ros) /usr/bin/cmake --install /home/luca/Stage_Lirmm/Diffusion-model-isaacsim/ur10_real_robot/ros2_ws_luca/build/onrobot_rg_msgs
[0.982s] Level 1:colcon.colcon_core.environment:checking '/home/luca/Stage_Lirmm/Diffusion-model-isaacsim/ur10_real_robot/ros2_ws_luca/install/onrobot_rg_msgs' for CMake config files
[0.982s] Level 1:colcon.colcon_core.shell:create_environment_hook('onrobot_rg_msgs', 'cmake_prefix_path')
[0.983s] INFO:colcon.colcon_core.shell:Creating environment hook '/home/luca/Stage_Lirmm/Diffusion-model-isaacsim/ur10_real_robot/ros2_ws_luca/install/onrobot_rg_msgs/share/onrobot_rg_msgs/hook/cmake_prefix_path.ps1'
[0.984s] INFO:colcon.colcon_core.shell:Creating environment descriptor '/home/luca/Stage_Lirmm/Diffusion-model-isaacsim/ur10_real_robot/ros2_ws_luca/install/onrobot_rg_msgs/share/onrobot_rg_msgs/hook/cmake_prefix_path.dsv'
[0.984s] INFO:colcon.colcon_core.shell:Creating environment hook '/home/luca/Stage_Lirmm/Diffusion-model-isaacsim/ur10_real_robot/ros2_ws_luca/install/onrobot_rg_msgs/share/onrobot_rg_msgs/hook/cmake_prefix_path.sh'
[0.985s] Level 1:colcon.colcon_core.environment:checking '/home/luca/Stage_Lirmm/Diffusion-model-isaacsim/ur10_real_robot/ros2_ws_luca/install/onrobot_rg_msgs/lib'
[0.985s] Level 1:colcon.colcon_core.shell:create_environment_hook('onrobot_rg_msgs', 'ld_library_path_lib')
[0.986s] INFO:colcon.colcon_core.shell:Creating environment hook '/home/luca/Stage_Lirmm/Diffusion-model-isaacsim/ur10_real_robot/ros2_ws_luca/install/onrobot_rg_msgs/share/onrobot_rg_msgs/hook/ld_library_path_lib.ps1'
[0.987s] INFO:colcon.colcon_core.shell:Creating environment descriptor '/home/luca/Stage_Lirmm/Diffusion-model-isaacsim/ur10_real_robot/ros2_ws_luca/install/onrobot_rg_msgs/share/onrobot_rg_msgs/hook/ld_library_path_lib.dsv'
[0.987s] INFO:colcon.colcon_core.shell:Creating environment hook '/home/luca/Stage_Lirmm/Diffusion-model-isaacsim/ur10_real_robot/ros2_ws_luca/install/onrobot_rg_msgs/share/onrobot_rg_msgs/hook/ld_library_path_lib.sh'
[0.988s] Level 1:colcon.colcon_core.environment:checking '/home/luca/Stage_Lirmm/Diffusion-model-isaacsim/ur10_real_robot/ros2_ws_luca/install/onrobot_rg_msgs/bin'
[0.988s] Level 1:colcon.colcon_core.environment:checking '/home/luca/Stage_Lirmm/Diffusion-model-isaacsim/ur10_real_robot/ros2_ws_luca/install/onrobot_rg_msgs/lib/pkgconfig/onrobot_rg_msgs.pc'
[0.988s] Level 1:colcon.colcon_core.environment:checking '/home/luca/Stage_Lirmm/Diffusion-model-isaacsim/ur10_real_robot/ros2_ws_luca/install/onrobot_rg_msgs/lib/python3.10/site-packages'
[0.988s] Level 1:colcon.colcon_core.shell:create_environment_hook('onrobot_rg_msgs', 'pythonpath')
[0.989s] INFO:colcon.colcon_core.shell:Creating environment hook '/home/luca/Stage_Lirmm/Diffusion-model-isaacsim/ur10_real_robot/ros2_ws_luca/install/onrobot_rg_msgs/share/onrobot_rg_msgs/hook/pythonpath.ps1'
[0.990s] INFO:colcon.colcon_core.shell:Creating environment descriptor '/home/luca/Stage_Lirmm/Diffusion-model-isaacsim/ur10_real_robot/ros2_ws_luca/install/onrobot_rg_msgs/share/onrobot_rg_msgs/hook/pythonpath.dsv'
[0.990s] INFO:colcon.colcon_core.shell:Creating environment hook '/home/luca/Stage_Lirmm/Diffusion-model-isaacsim/ur10_real_robot/ros2_ws_luca/install/onrobot_rg_msgs/share/onrobot_rg_msgs/hook/pythonpath.sh'
[0.991s] Level 1:colcon.colcon_core.environment:checking '/home/luca/Stage_Lirmm/Diffusion-model-isaacsim/ur10_real_robot/ros2_ws_luca/install/onrobot_rg_msgs/bin'
[0.992s] INFO:colcon.colcon_core.shell:Creating package script '/home/luca/Stage_Lirmm/Diffusion-model-isaacsim/ur10_real_robot/ros2_ws_luca/install/onrobot_rg_msgs/share/onrobot_rg_msgs/package.ps1'
[0.993s] INFO:colcon.colcon_core.shell:Creating package descriptor '/home/luca/Stage_Lirmm/Diffusion-model-isaacsim/ur10_real_robot/ros2_ws_luca/install/onrobot_rg_msgs/share/onrobot_rg_msgs/package.dsv'
[0.995s] INFO:colcon.colcon_core.shell:Creating package script '/home/luca/Stage_Lirmm/Diffusion-model-isaacsim/ur10_real_robot/ros2_ws_luca/install/onrobot_rg_msgs/share/onrobot_rg_msgs/package.sh'
[0.997s] INFO:colcon.colcon_core.shell:Creating package script '/home/luca/Stage_Lirmm/Diffusion-model-isaacsim/ur10_real_robot/ros2_ws_luca/install/onrobot_rg_msgs/share/onrobot_rg_msgs/package.bash'
[0.997s] INFO:colcon.colcon_core.shell:Creating package script '/home/luca/Stage_Lirmm/Diffusion-model-isaacsim/ur10_real_robot/ros2_ws_luca/install/onrobot_rg_msgs/share/onrobot_rg_msgs/package.zsh'
[0.998s] Level 1:colcon.colcon_core.environment:create_file_with_runtime_dependencies(/home/luca/Stage_Lirmm/Diffusion-model-isaacsim/ur10_real_robot/ros2_ws_luca/install/onrobot_rg_msgs/share/colcon-core/packages/onrobot_rg_msgs)
[0.999s] Level 1:colcon.colcon_core.environment:create_environment_scripts_only(onrobot_rg_msgs)
[0.999s] Level 1:colcon.colcon_core.environment:checking '/home/luca/Stage_Lirmm/Diffusion-model-isaacsim/ur10_real_robot/ros2_ws_luca/install/onrobot_rg_msgs' for CMake module files
[1.000s] Level 1:colcon.colcon_core.environment:checking '/home/luca/Stage_Lirmm/Diffusion-model-isaacsim/ur10_real_robot/ros2_ws_luca/install/onrobot_rg_msgs' for CMake config files
[1.001s] Level 1:colcon.colcon_core.shell:create_environment_hook('onrobot_rg_msgs', 'cmake_prefix_path')
[1.001s] INFO:colcon.colcon_core.shell:Creating environment hook '/home/luca/Stage_Lirmm/Diffusion-model-isaacsim/ur10_real_robot/ros2_ws_luca/install/onrobot_rg_msgs/share/onrobot_rg_msgs/hook/cmake_prefix_path.ps1'
[1.002s] INFO:colcon.colcon_core.shell:Creating environment descriptor '/home/luca/Stage_Lirmm/Diffusion-model-isaacsim/ur10_real_robot/ros2_ws_luca/install/onrobot_rg_msgs/share/onrobot_rg_msgs/hook/cmake_prefix_path.dsv'
[1.002s] INFO:colcon.colcon_core.shell:Creating environment hook '/home/luca/Stage_Lirmm/Diffusion-model-isaacsim/ur10_real_robot/ros2_ws_luca/install/onrobot_rg_msgs/share/onrobot_rg_msgs/hook/cmake_prefix_path.sh'
[1.003s] Level 1:colcon.colcon_core.environment:checking '/home/luca/Stage_Lirmm/Diffusion-model-isaacsim/ur10_real_robot/ros2_ws_luca/install/onrobot_rg_msgs/lib'
[1.003s] Level 1:colcon.colcon_core.shell:create_environment_hook('onrobot_rg_msgs', 'ld_library_path_lib')
[1.003s] INFO:colcon.colcon_core.shell:Creating environment hook '/home/luca/Stage_Lirmm/Diffusion-model-isaacsim/ur10_real_robot/ros2_ws_luca/install/onrobot_rg_msgs/share/onrobot_rg_msgs/hook/ld_library_path_lib.ps1'
[1.004s] INFO:colcon.colcon_core.shell:Creating environment descriptor '/home/luca/Stage_Lirmm/Diffusion-model-isaacsim/ur10_real_robot/ros2_ws_luca/install/onrobot_rg_msgs/share/onrobot_rg_msgs/hook/ld_library_path_lib.dsv'
[1.004s] INFO:colcon.colcon_core.shell:Creating environment hook '/home/luca/Stage_Lirmm/Diffusion-model-isaacsim/ur10_real_robot/ros2_ws_luca/install/onrobot_rg_msgs/share/onrobot_rg_msgs/hook/ld_library_path_lib.sh'
[1.004s] Level 1:colcon.colcon_core.environment:checking '/home/luca/Stage_Lirmm/Diffusion-model-isaacsim/ur10_real_robot/ros2_ws_luca/install/onrobot_rg_msgs/bin'
[1.005s] Level 1:colcon.colcon_core.environment:checking '/home/luca/Stage_Lirmm/Diffusion-model-isaacsim/ur10_real_robot/ros2_ws_luca/install/onrobot_rg_msgs/lib/pkgconfig/onrobot_rg_msgs.pc'
[1.005s] Level 1:colcon.colcon_core.environment:checking '/home/luca/Stage_Lirmm/Diffusion-model-isaacsim/ur10_real_robot/ros2_ws_luca/install/onrobot_rg_msgs/lib/python3.10/site-packages'
[1.005s] Level 1:colcon.colcon_core.shell:create_environment_hook('onrobot_rg_msgs', 'pythonpath')
[1.005s] INFO:colcon.colcon_core.shell:Creating environment hook '/home/luca/Stage_Lirmm/Diffusion-model-isaacsim/ur10_real_robot/ros2_ws_luca/install/onrobot_rg_msgs/share/onrobot_rg_msgs/hook/pythonpath.ps1'
[1.006s] INFO:colcon.colcon_core.shell:Creating environment descriptor '/home/luca/Stage_Lirmm/Diffusion-model-isaacsim/ur10_real_robot/ros2_ws_luca/install/onrobot_rg_msgs/share/onrobot_rg_msgs/hook/pythonpath.dsv'
[1.006s] INFO:colcon.colcon_core.shell:Creating environment hook '/home/luca/Stage_Lirmm/Diffusion-model-isaacsim/ur10_real_robot/ros2_ws_luca/install/onrobot_rg_msgs/share/onrobot_rg_msgs/hook/pythonpath.sh'
[1.007s] Level 1:colcon.colcon_core.environment:checking '/home/luca/Stage_Lirmm/Diffusion-model-isaacsim/ur10_real_robot/ros2_ws_luca/install/onrobot_rg_msgs/bin'
[1.007s] INFO:colcon.colcon_core.shell:Creating package script '/home/luca/Stage_Lirmm/Diffusion-model-isaacsim/ur10_real_robot/ros2_ws_luca/install/onrobot_rg_msgs/share/onrobot_rg_msgs/package.ps1'
[1.008s] INFO:colcon.colcon_core.shell:Creating package descriptor '/home/luca/Stage_Lirmm/Diffusion-model-isaacsim/ur10_real_robot/ros2_ws_luca/install/onrobot_rg_msgs/share/onrobot_rg_msgs/package.dsv'
[1.009s] INFO:colcon.colcon_core.shell:Creating package script '/home/luca/Stage_Lirmm/Diffusion-model-isaacsim/ur10_real_robot/ros2_ws_luca/install/onrobot_rg_msgs/share/onrobot_rg_msgs/package.sh'
[1.009s] INFO:colcon.colcon_core.shell:Creating package script '/home/luca/Stage_Lirmm/Diffusion-model-isaacsim/ur10_real_robot/ros2_ws_luca/install/onrobot_rg_msgs/share/onrobot_rg_msgs/package.bash'
[1.010s] INFO:colcon.colcon_core.shell:Creating package script '/home/luca/Stage_Lirmm/Diffusion-model-isaacsim/ur10_real_robot/ros2_ws_luca/install/onrobot_rg_msgs/share/onrobot_rg_msgs/package.zsh'
[1.010s] Level 1:colcon.colcon_core.environment:create_file_with_runtime_dependencies(/home/luca/Stage_Lirmm/Diffusion-model-isaacsim/ur10_real_robot/ros2_ws_luca/install/onrobot_rg_msgs/share/colcon-core/packages/onrobot_rg_msgs)
[1.010s] INFO:colcon.colcon_ros.task.ament_python.build:Building ROS package in '/home/luca/Stage_Lirmm/Diffusion-model-isaacsim/ur10_real_robot/ros2_ws_luca/src/bringup_gripper' with build type 'ament_python'
[1.011s] Level 1:colcon.colcon_core.shell:create_environment_hook('bringup_gripper', 'ament_prefix_path')
[1.011s] INFO:colcon.colcon_core.shell:Creating environment hook '/home/luca/Stage_Lirmm/Diffusion-model-isaacsim/ur10_real_robot/ros2_ws_luca/install/bringup_gripper/share/bringup_gripper/hook/ament_prefix_path.ps1'
[1.013s] INFO:colcon.colcon_core.shell:Creating environment descriptor '/home/luca/Stage_Lirmm/Diffusion-model-isaacsim/ur10_real_robot/ros2_ws_luca/install/bringup_gripper/share/bringup_gripper/hook/ament_prefix_path.dsv'
[1.014s] INFO:colcon.colcon_core.shell:Creating environment hook '/home/luca/Stage_Lirmm/Diffusion-model-isaacsim/ur10_real_robot/ros2_ws_luca/install/bringup_gripper/share/bringup_gripper/hook/ament_prefix_path.sh'
[1.015s] INFO:colcon.colcon_core.shell:Skip shell extension 'powershell' for command environment: Not usable outside of PowerShell
[1.015s] DEBUG:colcon.colcon_core.shell:Skip shell extension 'dsv' for command environment
[1.326s] INFO:colcon.colcon_core.task.python.build:Building Python package in '/home/luca/Stage_Lirmm/Diffusion-model-isaacsim/ur10_real_robot/ros2_ws_luca/src/bringup_gripper'
[1.327s] INFO:colcon.colcon_core.shell:Skip shell extension 'powershell' for command environment: Not usable outside of PowerShell
[1.327s] DEBUG:colcon.colcon_core.shell:Skip shell extension 'dsv' for command environment
[1.847s] DEBUG:colcon.colcon_core.event_handler.log_command:Invoking command in '/home/luca/Stage_Lirmm/Diffusion-model-isaacsim/ur10_real_robot/ros2_ws_luca/src/bringup_gripper': CMAKE_PREFIX_PATH=/home/luca/Stage_Lirmm/Diffusion-model-isaacsim/ur10_real_robot/ros2_ws_luca/install/onrobot_rg_msgs:/home/luca/Stage_Lirmm/Diffusion-model-isaacsim/ur10_real_robot/ros2_ws_luca/install/earth_robot_moveit_config:/home/luca/Stage_Lirmm/Diffusion-model-isaacsim/ur10_real_robot/ros2_ws_luca/install/realsense2_description:/home/luca/Stage_Lirmm/Diffusion-model-isaacsim/ur10_real_robot/ros2_ws_luca/install/ur_robot_description_cb2:/home/luca/Stage_Lirmm/Diffusion-model-isaacsim/ur10_real_robot/ros2_ws_luca/install/onrobot_rg2ft_description PYTHONPATH=/home/luca/Stage_Lirmm/Diffusion-model-isaacsim/ur10_real_robot/ros2_ws_luca/build/bringup_gripper/prefix_override:/usr/lib/python3/dist-packages/colcon_core/task/python/colcon_distutils_commands:/home/luca/Stage_Lirmm/Diffusion-model-isaacsim/ur10_real_robot/ros2_ws_luca/install/bringup_gripper/lib/python3.10/site-packages:/home/luca/Stage_Lirmm/Diffusion-model-isaacsim/ur10_real_robot/ros2_ws_luca/install/onrobot_rg_msgs/lib/python3.10/site-packages:/home/luca/Stage_Lirmm/Diffusion-model-isaacsim/ur10_real_robot/ros2_ws_luca/install/bringup_gripper/lib/python3.10/site-packages:/opt/ros/humble/lib/python3.10/site-packages:/opt/ros/humble/local/lib/python3.10/dist-packages VIRTUAL_ENV_PROMPT=(mujoco_ros) /usr/bin/python3 -W ignore:setup.py install is deprecated -W ignore:easy_install command is deprecated setup.py egg_info --egg-base ../../build/bringup_gripper build --build-base /home/luca/Stage_Lirmm/Diffusion-model-isaacsim/ur10_real_robot/ros2_ws_luca/build/bringup_gripper/build install --record /home/luca/Stage_Lirmm/Diffusion-model-isaacsim/ur10_real_robot/ros2_ws_luca/build/bringup_gripper/install.log --single-version-externally-managed install_data
[2.216s] Level 1:colcon.colcon_core.environment:checking '/home/luca/Stage_Lirmm/Diffusion-model-isaacsim/ur10_real_robot/ros2_ws_luca/install/bringup_gripper' for CMake module files
[2.217s] DEBUG:colcon.colcon_core.event_handler.log_command:Invoked command in '/home/luca/Stage_Lirmm/Diffusion-model-isaacsim/ur10_real_robot/ros2_ws_luca/src/bringup_gripper' returned '0': CMAKE_PREFIX_PATH=/home/luca/Stage_Lirmm/Diffusion-model-isaacsim/ur10_real_robot/ros2_ws_luca/install/onrobot_rg_msgs:/home/luca/Stage_Lirmm/Diffusion-model-isaacsim/ur10_real_robot/ros2_ws_luca/install/earth_robot_moveit_config:/home/luca/Stage_Lirmm/Diffusion-model-isaacsim/ur10_real_robot/ros2_ws_luca/install/realsense2_description:/home/luca/Stage_Lirmm/Diffusion-model-isaacsim/ur10_real_robot/ros2_ws_luca/install/ur_robot_description_cb2:/home/luca/Stage_Lirmm/Diffusion-model-isaacsim/ur10_real_robot/ros2_ws_luca/install/onrobot_rg2ft_description PYTHONPATH=/home/luca/Stage_Lirmm/Diffusion-model-isaacsim/ur10_real_robot/ros2_ws_luca/build/bringup_gripper/prefix_override:/usr/lib/python3/dist-packages/colcon_core/task/python/colcon_distutils_commands:/home/luca/Stage_Lirmm/Diffusion-model-isaacsim/ur10_real_robot/ros2_ws_luca/install/bringup_gripper/lib/python3.10/site-packages:/home/luca/Stage_Lirmm/Diffusion-model-isaacsim/ur10_real_robot/ros2_ws_luca/install/onrobot_rg_msgs/lib/python3.10/site-packages:/home/luca/Stage_Lirmm/Diffusion-model-isaacsim/ur10_real_robot/ros2_ws_luca/install/bringup_gripper/lib/python3.10/site-packages:/opt/ros/humble/lib/python3.10/site-packages:/opt/ros/humble/local/lib/python3.10/dist-packages VIRTUAL_ENV_PROMPT=(mujoco_ros) /usr/bin/python3 -W ignore:setup.py install is deprecated -W ignore:easy_install command is deprecated setup.py egg_info --egg-base ../../build/bringup_gripper build --build-base /home/luca/Stage_Lirmm/Diffusion-model-isaacsim/ur10_real_robot/ros2_ws_luca/build/bringup_gripper/build install --record /home/luca/Stage_Lirmm/Diffusion-model-isaacsim/ur10_real_robot/ros2_ws_luca/build/bringup_gripper/install.log --single-version-externally-managed install_data
[2.218s] Level 1:colcon.colcon_core.environment:checking '/home/luca/Stage_Lirmm/Diffusion-model-isaacsim/ur10_real_robot/ros2_ws_luca/install/bringup_gripper' for CMake config files
[2.218s] Level 1:colcon.colcon_core.environment:checking '/home/luca/Stage_Lirmm/Diffusion-model-isaacsim/ur10_real_robot/ros2_ws_luca/install/bringup_gripper/lib'
[2.219s] Level 1:colcon.colcon_core.environment:checking '/home/luca/Stage_Lirmm/Diffusion-model-isaacsim/ur10_real_robot/ros2_ws_luca/install/bringup_gripper/bin'
[2.219s] Level 1:colcon.colcon_core.environment:checking '/home/luca/Stage_Lirmm/Diffusion-model-isaacsim/ur10_real_robot/ros2_ws_luca/install/bringup_gripper/lib/pkgconfig/bringup_gripper.pc'
[2.219s] Level 1:colcon.colcon_core.environment:checking '/home/luca/Stage_Lirmm/Diffusion-model-isaacsim/ur10_real_robot/ros2_ws_luca/install/bringup_gripper/lib/python3.10/site-packages'
[2.219s] Level 1:colcon.colcon_core.shell:create_environment_hook('bringup_gripper', 'pythonpath')
[2.219s] INFO:colcon.colcon_core.shell:Creating environment hook '/home/luca/Stage_Lirmm/Diffusion-model-isaacsim/ur10_real_robot/ros2_ws_luca/install/bringup_gripper/share/bringup_gripper/hook/pythonpath.ps1'
[2.220s] INFO:colcon.colcon_core.shell:Creating environment descriptor '/home/luca/Stage_Lirmm/Diffusion-model-isaacsim/ur10_real_robot/ros2_ws_luca/install/bringup_gripper/share/bringup_gripper/hook/pythonpath.dsv'
[2.220s] INFO:colcon.colcon_core.shell:Creating environment hook '/home/luca/Stage_Lirmm/Diffusion-model-isaacsim/ur10_real_robot/ros2_ws_luca/install/bringup_gripper/share/bringup_gripper/hook/pythonpath.sh'
[2.221s] Level 1:colcon.colcon_core.environment:checking '/home/luca/Stage_Lirmm/Diffusion-model-isaacsim/ur10_real_robot/ros2_ws_luca/install/bringup_gripper/bin'
[2.221s] Level 1:colcon.colcon_core.environment:create_environment_scripts_only(bringup_gripper)
[2.221s] INFO:colcon.colcon_core.shell:Creating package script '/home/luca/Stage_Lirmm/Diffusion-model-isaacsim/ur10_real_robot/ros2_ws_luca/install/bringup_gripper/share/bringup_gripper/package.ps1'
[2.222s] INFO:colcon.colcon_core.shell:Creating package descriptor '/home/luca/Stage_Lirmm/Diffusion-model-isaacsim/ur10_real_robot/ros2_ws_luca/install/bringup_gripper/share/bringup_gripper/package.dsv'
[2.222s] INFO:colcon.colcon_core.shell:Creating package script '/home/luca/Stage_Lirmm/Diffusion-model-isaacsim/ur10_real_robot/ros2_ws_luca/install/bringup_gripper/share/bringup_gripper/package.sh'
[2.223s] INFO:colcon.colcon_core.shell:Creating package script '/home/luca/Stage_Lirmm/Diffusion-model-isaacsim/ur10_real_robot/ros2_ws_luca/install/bringup_gripper/share/bringup_gripper/package.bash'
[2.224s] INFO:colcon.colcon_core.shell:Creating package script '/home/luca/Stage_Lirmm/Diffusion-model-isaacsim/ur10_real_robot/ros2_ws_luca/install/bringup_gripper/share/bringup_gripper/package.zsh'
[2.225s] Level 1:colcon.colcon_core.environment:create_file_with_runtime_dependencies(/home/luca/Stage_Lirmm/Diffusion-model-isaacsim/ur10_real_robot/ros2_ws_luca/install/bringup_gripper/share/colcon-core/packages/bringup_gripper)
[2.225s] INFO:colcon.colcon_ros.task.ament_cmake.build:Building ROS package in '/home/luca/Stage_Lirmm/Diffusion-model-isaacsim/ur10_real_robot/ros2_ws_luca/src/earth_robot_moveit_config' with build type 'ament_cmake'
[2.225s] INFO:colcon.colcon_cmake.task.cmake.build:Building CMake package in '/home/luca/Stage_Lirmm/Diffusion-model-isaacsim/ur10_real_robot/ros2_ws_luca/src/earth_robot_moveit_config'
[2.226s] INFO:colcon.colcon_core.shell:Skip shell extension 'powershell' for command environment: Not usable outside of PowerShell
[2.226s] DEBUG:colcon.colcon_core.shell:Skip shell extension 'dsv' for command environment
[2.249s] DEBUG:colcon.colcon_core.event_handler.log_command:Invoking command in '/home/luca/Stage_Lirmm/Diffusion-model-isaacsim/ur10_real_robot/ros2_ws_luca/build/earth_robot_moveit_config': AMENT_PREFIX_PATH=/home/luca/Stage_Lirmm/Diffusion-model-isaacsim/ur10_real_robot/ros2_ws_luca/install/ur_robot_driver_cb2:/home/luca/Stage_Lirmm/Diffusion-model-isaacsim/ur10_real_robot/ros2_ws_luca/install/bringup_gripper:/home/luca/Stage_Lirmm/Diffusion-model-isaacsim/ur10_real_robot/ros2_ws_luca/install/earth_robot_moveit_config:/home/luca/Stage_Lirmm/Diffusion-model-isaacsim/ur10_real_robot/ros2_ws_luca/install/realsense2_description:/home/luca/Stage_Lirmm/Diffusion-model-isaacsim/ur10_real_robot/ros2_ws_luca/install/ur_robot_description_cb2:/home/luca/Stage_Lirmm/Diffusion-model-isaacsim/ur10_real_robot/ros2_ws_luca/install/onrobot_rg_msgs:/home/luca/Stage_Lirmm/Diffusion-model-isaacsim/ur10_real_robot/ros2_ws_luca/install/onrobot_rg2ft_description:/opt/ros/humble CMAKE_PREFIX_PATH=/home/luca/Stage_Lirmm/Diffusion-model-isaacsim/ur10_real_robot/ros2_ws_luca/install/realsense2_description:/home/luca/Stage_Lirmm/Diffusion-model-isaacsim/ur10_real_robot/ros2_ws_luca/install/ur_robot_driver_cb2:/home/luca/Stage_Lirmm/Diffusion-model-isaacsim/ur10_real_robot/ros2_ws_luca/install/ur_robot_description_cb2:/home/luca/Stage_Lirmm/Diffusion-model-isaacsim/ur10_real_robot/ros2_ws_luca/install/onrobot_rg_msgs:/home/luca/Stage_Lirmm/Diffusion-model-isaacsim/ur10_real_robot/ros2_ws_luca/install/onrobot_rg2ft_description:/home/luca/Stage_Lirmm/Diffusion-model-isaacsim/ur10_real_robot/ros2_ws_luca/install/earth_robot_moveit_config:/home/luca/Stage_Lirmm/Diffusion-model-isaacsim/ur10_real_robot/ros2_ws_luca/install/bringup_gripper:/opt/ros/humble LD_LIBRARY_PATH=/home/luca/Stage_Lirmm/Diffusion-model-isaacsim/ur10_real_robot/ros2_ws_luca/install/ur_robot_driver_cb2/lib:${LD_LIBRARY_PATH} VIRTUAL_ENV_PROMPT=(mujoco_ros) /usr/bin/cmake --build /home/luca/Stage_Lirmm/Diffusion-model-isaacsim/ur10_real_robot/ros2_ws_luca/build/earth_robot_moveit_config -- -j16 -l16
[2.308s] DEBUG:colcon.colcon_core.event_handler.log_command:Invoked command in '/home/luca/Stage_Lirmm/Diffusion-model-isaacsim/ur10_real_robot/ros2_ws_luca/build/earth_robot_moveit_config' returned '0': AMENT_PREFIX_PATH=/home/luca/Stage_Lirmm/Diffusion-model-isaacsim/ur10_real_robot/ros2_ws_luca/install/ur_robot_driver_cb2:/home/luca/Stage_Lirmm/Diffusion-model-isaacsim/ur10_real_robot/ros2_ws_luca/install/bringup_gripper:/home/luca/Stage_Lirmm/Diffusion-model-isaacsim/ur10_real_robot/ros2_ws_luca/install/earth_robot_moveit_config:/home/luca/Stage_Lirmm/Diffusion-model-isaacsim/ur10_real_robot/ros2_ws_luca/install/realsense2_description:/home/luca/Stage_Lirmm/Diffusion-model-isaacsim/ur10_real_robot/ros2_ws_luca/install/ur_robot_description_cb2:/home/luca/Stage_Lirmm/Diffusion-model-isaacsim/ur10_real_robot/ros2_ws_luca/install/onrobot_rg_msgs:/home/luca/Stage_Lirmm/Diffusion-model-isaacsim/ur10_real_robot/ros2_ws_luca/install/onrobot_rg2ft_description:/opt/ros/humble CMAKE_PREFIX_PATH=/home/luca/Stage_Lirmm/Diffusion-model-isaacsim/ur10_real_robot/ros2_ws_luca/install/realsense2_description:/home/luca/Stage_Lirmm/Diffusion-model-isaacsim/ur10_real_robot/ros2_ws_luca/install/ur_robot_driver_cb2:/home/luca/Stage_Lirmm/Diffusion-model-isaacsim/ur10_real_robot/ros2_ws_luca/install/ur_robot_description_cb2:/home/luca/Stage_Lirmm/Diffusion-model-isaacsim/ur10_real_robot/ros2_ws_luca/install/onrobot_rg_msgs:/home/luca/Stage_Lirmm/Diffusion-model-isaacsim/ur10_real_robot/ros2_ws_luca/install/onrobot_rg2ft_description:/home/luca/Stage_Lirmm/Diffusion-model-isaacsim/ur10_real_robot/ros2_ws_luca/install/earth_robot_moveit_config:/home/luca/Stage_Lirmm/Diffusion-model-isaacsim/ur10_real_robot/ros2_ws_luca/install/bringup_gripper:/opt/ros/humble LD_LIBRARY_PATH=/home/luca/Stage_Lirmm/Diffusion-model-isaacsim/ur10_real_robot/ros2_ws_luca/install/ur_robot_driver_cb2/lib:${LD_LIBRARY_PATH} VIRTUAL_ENV_PROMPT=(mujoco_ros) /usr/bin/cmake --build /home/luca/Stage_Lirmm/Diffusion-model-isaacsim/ur10_real_robot/ros2_ws_luca/build/earth_robot_moveit_config -- -j16 -l16
[2.312s] DEBUG:colcon.colcon_core.event_handler.log_command:Invoking command in '/home/luca/Stage_Lirmm/Diffusion-model-isaacsim/ur10_real_robot/ros2_ws_luca/build/earth_robot_moveit_config': AMENT_PREFIX_PATH=/home/luca/Stage_Lirmm/Diffusion-model-isaacsim/ur10_real_robot/ros2_ws_luca/install/ur_robot_driver_cb2:/home/luca/Stage_Lirmm/Diffusion-model-isaacsim/ur10_real_robot/ros2_ws_luca/install/bringup_gripper:/home/luca/Stage_Lirmm/Diffusion-model-isaacsim/ur10_real_robot/ros2_ws_luca/install/earth_robot_moveit_config:/home/luca/Stage_Lirmm/Diffusion-model-isaacsim/ur10_real_robot/ros2_ws_luca/install/realsense2_description:/home/luca/Stage_Lirmm/Diffusion-model-isaacsim/ur10_real_robot/ros2_ws_luca/install/ur_robot_description_cb2:/home/luca/Stage_Lirmm/Diffusion-model-isaacsim/ur10_real_robot/ros2_ws_luca/install/onrobot_rg_msgs:/home/luca/Stage_Lirmm/Diffusion-model-isaacsim/ur10_real_robot/ros2_ws_luca/install/onrobot_rg2ft_description:/opt/ros/humble CMAKE_PREFIX_PATH=/home/luca/Stage_Lirmm/Diffusion-model-isaacsim/ur10_real_robot/ros2_ws_luca/install/realsense2_description:/home/luca/Stage_Lirmm/Diffusion-model-isaacsim/ur10_real_robot/ros2_ws_luca/install/ur_robot_driver_cb2:/home/luca/Stage_Lirmm/Diffusion-model-isaacsim/ur10_real_robot/ros2_ws_luca/install/ur_robot_description_cb2:/home/luca/Stage_Lirmm/Diffusion-model-isaacsim/ur10_real_robot/ros2_ws_luca/install/onrobot_rg_msgs:/home/luca/Stage_Lirmm/Diffusion-model-isaacsim/ur10_real_robot/ros2_ws_luca/install/onrobot_rg2ft_description:/home/luca/Stage_Lirmm/Diffusion-model-isaacsim/ur10_real_robot/ros2_ws_luca/install/earth_robot_moveit_config:/home/luca/Stage_Lirmm/Diffusion-model-isaacsim/ur10_real_robot/ros2_ws_luca/install/bringup_gripper:/opt/ros/humble LD_LIBRARY_PATH=/home/luca/Stage_Lirmm/Diffusion-model-isaacsim/ur10_real_robot/ros2_ws_luca/install/ur_robot_driver_cb2/lib:${LD_LIBRARY_PATH} VIRTUAL_ENV_PROMPT=(mujoco_ros) /usr/bin/cmake --install /home/luca/Stage_Lirmm/Diffusion-model-isaacsim/ur10_real_robot/ros2_ws_luca/build/earth_robot_moveit_config
[2.324s] Level 1:colcon.colcon_core.environment:create_environment_scripts_only(earth_robot_moveit_config)
[2.324s] Level 1:colcon.colcon_core.environment:checking '/home/luca/Stage_Lirmm/Diffusion-model-isaacsim/ur10_real_robot/ros2_ws_luca/install/earth_robot_moveit_config' for CMake module files
[2.328s] DEBUG:colcon.colcon_core.event_handler.log_command:Invoked command in '/home/luca/Stage_Lirmm/Diffusion-model-isaacsim/ur10_real_robot/ros2_ws_luca/build/earth_robot_moveit_config' returned '0': AMENT_PREFIX_PATH=/home/luca/Stage_Lirmm/Diffusion-model-isaacsim/ur10_real_robot/ros2_ws_luca/install/ur_robot_driver_cb2:/home/luca/Stage_Lirmm/Diffusion-model-isaacsim/ur10_real_robot/ros2_ws_luca/install/bringup_gripper:/home/luca/Stage_Lirmm/Diffusion-model-isaacsim/ur10_real_robot/ros2_ws_luca/install/earth_robot_moveit_config:/home/luca/Stage_Lirmm/Diffusion-model-isaacsim/ur10_real_robot/ros2_ws_luca/install/realsense2_description:/home/luca/Stage_Lirmm/Diffusion-model-isaacsim/ur10_real_robot/ros2_ws_luca/install/ur_robot_description_cb2:/home/luca/Stage_Lirmm/Diffusion-model-isaacsim/ur10_real_robot/ros2_ws_luca/install/onrobot_rg_msgs:/home/luca/Stage_Lirmm/Diffusion-model-isaacsim/ur10_real_robot/ros2_ws_luca/install/onrobot_rg2ft_description:/opt/ros/humble CMAKE_PREFIX_PATH=/home/luca/Stage_Lirmm/Diffusion-model-isaacsim/ur10_real_robot/ros2_ws_luca/install/realsense2_description:/home/luca/Stage_Lirmm/Diffusion-model-isaacsim/ur10_real_robot/ros2_ws_luca/install/ur_robot_driver_cb2:/home/luca/Stage_Lirmm/Diffusion-model-isaacsim/ur10_real_robot/ros2_ws_luca/install/ur_robot_description_cb2:/home/luca/Stage_Lirmm/Diffusion-model-isaacsim/ur10_real_robot/ros2_ws_luca/install/onrobot_rg_msgs:/home/luca/Stage_Lirmm/Diffusion-model-isaacsim/ur10_real_robot/ros2_ws_luca/install/onrobot_rg2ft_description:/home/luca/Stage_Lirmm/Diffusion-model-isaacsim/ur10_real_robot/ros2_ws_luca/install/earth_robot_moveit_config:/home/luca/Stage_Lirmm/Diffusion-model-isaacsim/ur10_real_robot/ros2_ws_luca/install/bringup_gripper:/opt/ros/humble LD_LIBRARY_PATH=/home/luca/Stage_Lirmm/Diffusion-model-isaacsim/ur10_real_robot/ros2_ws_luca/install/ur_robot_driver_cb2/lib:${LD_LIBRARY_PATH} VIRTUAL_ENV_PROMPT=(mujoco_ros) /usr/bin/cmake --install /home/luca/Stage_Lirmm/Diffusion-model-isaacsim/ur10_real_robot/ros2_ws_luca/build/earth_robot_moveit_config
[2.328s] Level 1:colcon.colcon_core.environment:checking '/home/luca/Stage_Lirmm/Diffusion-model-isaacsim/ur10_real_robot/ros2_ws_luca/install/earth_robot_moveit_config' for CMake config files
[2.328s] Level 1:colcon.colcon_core.shell:create_environment_hook('earth_robot_moveit_config', 'cmake_prefix_path')
[2.329s] INFO:colcon.colcon_core.shell:Creating environment hook '/home/luca/Stage_Lirmm/Diffusion-model-isaacsim/ur10_real_robot/ros2_ws_luca/install/earth_robot_moveit_config/share/earth_robot_moveit_config/hook/cmake_prefix_path.ps1'
[2.330s] INFO:colcon.colcon_core.shell:Creating environment descriptor '/home/luca/Stage_Lirmm/Diffusion-model-isaacsim/ur10_real_robot/ros2_ws_luca/install/earth_robot_moveit_config/share/earth_robot_moveit_config/hook/cmake_prefix_path.dsv'
[2.330s] INFO:colcon.colcon_core.shell:Creating environment hook '/home/luca/Stage_Lirmm/Diffusion-model-isaacsim/ur10_real_robot/ros2_ws_luca/install/earth_robot_moveit_config/share/earth_robot_moveit_config/hook/cmake_prefix_path.sh'
[2.331s] Level 1:colcon.colcon_core.environment:checking '/home/luca/Stage_Lirmm/Diffusion-model-isaacsim/ur10_real_robot/ros2_ws_luca/install/earth_robot_moveit_config/bin'
[2.331s] Level 1:colcon.colcon_core.environment:checking '/home/luca/Stage_Lirmm/Diffusion-model-isaacsim/ur10_real_robot/ros2_ws_luca/install/earth_robot_moveit_config/lib/pkgconfig/earth_robot_moveit_config.pc'
[2.332s] Level 1:colcon.colcon_core.environment:checking '/home/luca/Stage_Lirmm/Diffusion-model-isaacsim/ur10_real_robot/ros2_ws_luca/install/earth_robot_moveit_config/lib/python3.10/site-packages'
[2.332s] Level 1:colcon.colcon_core.environment:checking '/home/luca/Stage_Lirmm/Diffusion-model-isaacsim/ur10_real_robot/ros2_ws_luca/install/earth_robot_moveit_config/bin'
[2.332s] INFO:colcon.colcon_core.shell:Creating package script '/home/luca/Stage_Lirmm/Diffusion-model-isaacsim/ur10_real_robot/ros2_ws_luca/install/earth_robot_moveit_config/share/earth_robot_moveit_config/package.ps1'
[2.333s] INFO:colcon.colcon_core.shell:Creating package descriptor '/home/luca/Stage_Lirmm/Diffusion-model-isaacsim/ur10_real_robot/ros2_ws_luca/install/earth_robot_moveit_config/share/earth_robot_moveit_config/package.dsv'
[2.333s] INFO:colcon.colcon_core.shell:Creating package script '/home/luca/Stage_Lirmm/Diffusion-model-isaacsim/ur10_real_robot/ros2_ws_luca/install/earth_robot_moveit_config/share/earth_robot_moveit_config/package.sh'
[2.334s] INFO:colcon.colcon_core.shell:Creating package script '/home/luca/Stage_Lirmm/Diffusion-model-isaacsim/ur10_real_robot/ros2_ws_luca/install/earth_robot_moveit_config/share/earth_robot_moveit_config/package.bash'
[2.334s] INFO:colcon.colcon_core.shell:Creating package script '/home/luca/Stage_Lirmm/Diffusion-model-isaacsim/ur10_real_robot/ros2_ws_luca/install/earth_robot_moveit_config/share/earth_robot_moveit_config/package.zsh'
[2.335s] Level 1:colcon.colcon_core.environment:create_file_with_runtime_dependencies(/home/luca/Stage_Lirmm/Diffusion-model-isaacsim/ur10_real_robot/ros2_ws_luca/install/earth_robot_moveit_config/share/colcon-core/packages/earth_robot_moveit_config)
[2.335s] Level 1:colcon.colcon_core.environment:create_environment_scripts_only(earth_robot_moveit_config)
[2.336s] Level 1:colcon.colcon_core.environment:checking '/home/luca/Stage_Lirmm/Diffusion-model-isaacsim/ur10_real_robot/ros2_ws_luca/install/earth_robot_moveit_config' for CMake module files
[2.336s] Level 1:colcon.colcon_core.environment:checking '/home/luca/Stage_Lirmm/Diffusion-model-isaacsim/ur10_real_robot/ros2_ws_luca/install/earth_robot_moveit_config' for CMake config files
[2.336s] Level 1:colcon.colcon_core.shell:create_environment_hook('earth_robot_moveit_config', 'cmake_prefix_path')
[2.336s] INFO:colcon.colcon_core.shell:Creating environment hook '/home/luca/Stage_Lirmm/Diffusion-model-isaacsim/ur10_real_robot/ros2_ws_luca/install/earth_robot_moveit_config/share/earth_robot_moveit_config/hook/cmake_prefix_path.ps1'
[2.337s] INFO:colcon.colcon_core.shell:Creating environment descriptor '/home/luca/Stage_Lirmm/Diffusion-model-isaacsim/ur10_real_robot/ros2_ws_luca/install/earth_robot_moveit_config/share/earth_robot_moveit_config/hook/cmake_prefix_path.dsv'
[2.337s] INFO:colcon.colcon_core.shell:Creating environment hook '/home/luca/Stage_Lirmm/Diffusion-model-isaacsim/ur10_real_robot/ros2_ws_luca/install/earth_robot_moveit_config/share/earth_robot_moveit_config/hook/cmake_prefix_path.sh'
[2.338s] Level 1:colcon.colcon_core.environment:checking '/home/luca/Stage_Lirmm/Diffusion-model-isaacsim/ur10_real_robot/ros2_ws_luca/install/earth_robot_moveit_config/bin'
[2.338s] Level 1:colcon.colcon_core.environment:checking '/home/luca/Stage_Lirmm/Diffusion-model-isaacsim/ur10_real_robot/ros2_ws_luca/install/earth_robot_moveit_config/lib/pkgconfig/earth_robot_moveit_config.pc'
[2.338s] Level 1:colcon.colcon_core.environment:checking '/home/luca/Stage_Lirmm/Diffusion-model-isaacsim/ur10_real_robot/ros2_ws_luca/install/earth_robot_moveit_config/lib/python3.10/site-packages'
[2.338s] Level 1:colcon.colcon_core.environment:checking '/home/luca/Stage_Lirmm/Diffusion-model-isaacsim/ur10_real_robot/ros2_ws_luca/install/earth_robot_moveit_config/bin'
[2.339s] INFO:colcon.colcon_core.shell:Creating package script '/home/luca/Stage_Lirmm/Diffusion-model-isaacsim/ur10_real_robot/ros2_ws_luca/install/earth_robot_moveit_config/share/earth_robot_moveit_config/package.ps1'
[2.339s] INFO:colcon.colcon_core.shell:Creating package descriptor '/home/luca/Stage_Lirmm/Diffusion-model-isaacsim/ur10_real_robot/ros2_ws_luca/install/earth_robot_moveit_config/share/earth_robot_moveit_config/package.dsv'
[2.340s] INFO:colcon.colcon_core.shell:Creating package script '/home/luca/Stage_Lirmm/Diffusion-model-isaacsim/ur10_real_robot/ros2_ws_luca/install/earth_robot_moveit_config/share/earth_robot_moveit_config/package.sh'
[2.340s] INFO:colcon.colcon_core.shell:Creating package script '/home/luca/Stage_Lirmm/Diffusion-model-isaacsim/ur10_real_robot/ros2_ws_luca/install/earth_robot_moveit_config/share/earth_robot_moveit_config/package.bash'
[2.341s] INFO:colcon.colcon_core.shell:Creating package script '/home/luca/Stage_Lirmm/Diffusion-model-isaacsim/ur10_real_robot/ros2_ws_luca/install/earth_robot_moveit_config/share/earth_robot_moveit_config/package.zsh'
[2.341s] Level 1:colcon.colcon_core.environment:create_file_with_runtime_dependencies(/home/luca/Stage_Lirmm/Diffusion-model-isaacsim/ur10_real_robot/ros2_ws_luca/install/earth_robot_moveit_config/share/colcon-core/packages/earth_robot_moveit_config)
[2.341s] DEBUG:colcon.colcon_parallel_executor.executor.parallel:closing loop
[2.342s] DEBUG:colcon.colcon_parallel_executor.executor.parallel:loop closed
[2.342s] DEBUG:colcon.colcon_parallel_executor.executor.parallel:run_until_complete finished with '0'
[2.342s] DEBUG:colcon.colcon_core.event_reactor:joining thread
[2.349s] INFO:colcon.colcon_core.plugin_system:Skipping extension 'colcon_notification.desktop_notification.terminal_notifier': Not used on non-Darwin systems
[2.349s] INFO:colcon.colcon_core.plugin_system:Skipping extension 'colcon_notification.desktop_notification.win32': Not used on non-Windows systems
[2.349s] INFO:colcon.colcon_notification.desktop_notification:Sending desktop notification using 'notify2'
[2.356s] DEBUG:colcon.colcon_core.event_reactor:joined thread
[2.357s] INFO:colcon.colcon_core.shell:Creating prefix script '/home/luca/Stage_Lirmm/Diffusion-model-isaacsim/ur10_real_robot/ros2_ws_luca/install/local_setup.ps1'
[2.358s] INFO:colcon.colcon_core.shell:Creating prefix util module '/home/luca/Stage_Lirmm/Diffusion-model-isaacsim/ur10_real_robot/ros2_ws_luca/install/_local_setup_util_ps1.py'
[2.360s] INFO:colcon.colcon_core.shell:Creating prefix chain script '/home/luca/Stage_Lirmm/Diffusion-model-isaacsim/ur10_real_robot/ros2_ws_luca/install/setup.ps1'
[2.362s] INFO:colcon.colcon_core.shell:Creating prefix script '/home/luca/Stage_Lirmm/Diffusion-model-isaacsim/ur10_real_robot/ros2_ws_luca/install/local_setup.sh'
[2.362s] INFO:colcon.colcon_core.shell:Creating prefix util module '/home/luca/Stage_Lirmm/Diffusion-model-isaacsim/ur10_real_robot/ros2_ws_luca/install/_local_setup_util_sh.py'
[2.363s] INFO:colcon.colcon_core.shell:Creating prefix chain script '/home/luca/Stage_Lirmm/Diffusion-model-isaacsim/ur10_real_robot/ros2_ws_luca/install/setup.sh'
[2.365s] INFO:colcon.colcon_core.shell:Creating prefix script '/home/luca/Stage_Lirmm/Diffusion-model-isaacsim/ur10_real_robot/ros2_ws_luca/install/local_setup.bash'
[2.365s] INFO:colcon.colcon_core.shell:Creating prefix chain script '/home/luca/Stage_Lirmm/Diffusion-model-isaacsim/ur10_real_robot/ros2_ws_luca/install/setup.bash'
[2.367s] INFO:colcon.colcon_core.shell:Creating prefix script '/home/luca/Stage_Lirmm/Diffusion-model-isaacsim/ur10_real_robot/ros2_ws_luca/install/local_setup.zsh'
[2.367s] INFO:colcon.colcon_core.shell:Creating prefix chain script '/home/luca/Stage_Lirmm/Diffusion-model-isaacsim/ur10_real_robot/ros2_ws_luca/install/setup.zsh'
