[0.164s] DEBUG:colcon:Command line arguments: ['/usr/bin/colcon', 'build']
[0.164s] DEBUG:colcon:Parsed command line arguments: Namespace(log_base=None, log_level=None, verb_name='build', build_base='build', install_base='install', merge_install=False, symlink_install=False, test_result_base=None, continue_on_error=False, executor='parallel', parallel_workers=16, event_handlers=None, ignore_user_meta=False, metas=['./colcon.meta'], base_paths=['.'], packages_ignore=None, packages_ignore_regex=None, paths=None, packages_up_to=None, packages_up_to_regex=None, packages_above=None, packages_above_and_dependencies=None, packages_above_depth=None, packages_select_by_dep=None, packages_skip_by_dep=None, packages_skip_up_to=None, packages_select_build_failed=False, packages_skip_build_finished=False, packages_select_test_failures=False, packages_skip_test_passed=False, packages_select=None, packages_skip=None, packages_select_regex=None, packages_skip_regex=None, packages_start=None, packages_end=None, allow_overriding=[], cmake_args=None, cmake_target=None, cmake_target_skip_unavailable=False, cmake_clean_cache=False, cmake_clean_first=False, cmake_force_configure=False, ament_cmake_args=None, catkin_cmake_args=None, catkin_skip_building_tests=False, mixin_files=None, mixin=None, verb_parser=<colcon_mixin.mixin.mixin_argument.MixinArgumentDecorator object at 0x760540bbb040>, verb_extension=<colcon_core.verb.build.BuildVerb object at 0x760540bba9b0>, main=<bound method BuildVerb.main of <colcon_core.verb.build.BuildVerb object at 0x760540bba9b0>>, mixin_verb=('build',))
[0.484s] Level 1:colcon.colcon_core.package_discovery:discover_packages(colcon_meta) check parameters
[0.485s] Level 1:colcon.colcon_core.package_discovery:discover_packages(recursive) check parameters
[0.485s] Level 1:colcon.colcon_core.package_discovery:discover_packages(ignore) check parameters
[0.485s] Level 1:colcon.colcon_core.package_discovery:discover_packages(path) check parameters
[0.485s] Level 1:colcon.colcon_core.package_discovery:discover_packages(colcon_meta) discover
[0.485s] Level 1:colcon.colcon_core.package_discovery:discover_packages(recursive) discover
[0.485s] INFO:colcon.colcon_core.package_discovery:Crawling recursively for packages in '/home/luca/Stage_Lirmm/Diffusion-model-isaacsim/ur10_real_robot/ros2_ws_luca'
[0.485s] Level 1:colcon.colcon_core.package_identification:_identify(.) by extensions ['ignore', 'ignore_ament_install']
[0.485s] Level 1:colcon.colcon_core.package_identification:_identify(.) by extension 'ignore'
[0.485s] Level 1:colcon.colcon_core.package_identification:_identify(.) by extension 'ignore_ament_install'
[0.486s] Level 1:colcon.colcon_core.package_identification:_identify(.) by extensions ['colcon_pkg']
[0.486s] Level 1:colcon.colcon_core.package_identification:_identify(.) by extension 'colcon_pkg'
[0.486s] Level 1:colcon.colcon_core.package_identification:_identify(.) by extensions ['colcon_meta']
[0.486s] Level 1:colcon.colcon_core.package_identification:_identify(.) by extension 'colcon_meta'
[0.486s] Level 1:colcon.colcon_core.package_identification:_identify(.) by extensions ['ros']
[0.486s] Level 1:colcon.colcon_core.package_identification:_identify(.) by extension 'ros'
[0.501s] Level 1:colcon.colcon_core.package_identification:_identify(.) by extensions ['cmake', 'python']
[0.501s] Level 1:colcon.colcon_core.package_identification:_identify(.) by extension 'cmake'
[0.501s] Level 1:colcon.colcon_core.package_identification:_identify(.) by extension 'python'
[0.501s] Level 1:colcon.colcon_core.package_identification:_identify(.) by extensions ['python_setup_py']
[0.501s] Level 1:colcon.colcon_core.package_identification:_identify(.) by extension 'python_setup_py'
[0.501s] Level 1:colcon.colcon_core.package_identification:_identify(build) by extensions ['ignore', 'ignore_ament_install']
[0.501s] Level 1:colcon.colcon_core.package_identification:_identify(build) by extension 'ignore'
[0.501s] Level 1:colcon.colcon_core.package_identification:_identify(build) ignored
[0.501s] Level 1:colcon.colcon_core.package_identification:_identify(install) by extensions ['ignore', 'ignore_ament_install']
[0.502s] Level 1:colcon.colcon_core.package_identification:_identify(install) by extension 'ignore'
[0.502s] Level 1:colcon.colcon_core.package_identification:_identify(install) ignored
[0.502s] Level 1:colcon.colcon_core.package_identification:_identify(log) by extensions ['ignore', 'ignore_ament_install']
[0.502s] Level 1:colcon.colcon_core.package_identification:_identify(log) by extension 'ignore'
[0.502s] Level 1:colcon.colcon_core.package_identification:_identify(log) ignored
[0.502s] Level 1:colcon.colcon_core.package_identification:_identify(src) by extensions ['ignore', 'ignore_ament_install']
[0.502s] Level 1:colcon.colcon_core.package_identification:_identify(src) by extension 'ignore'
[0.502s] Level 1:colcon.colcon_core.package_identification:_identify(src) by extension 'ignore_ament_install'
[0.502s] Level 1:colcon.colcon_core.package_identification:_identify(src) by extensions ['colcon_pkg']
[0.502s] Level 1:colcon.colcon_core.package_identification:_identify(src) by extension 'colcon_pkg'
[0.503s] Level 1:colcon.colcon_core.package_identification:_identify(src) by extensions ['colcon_meta']
[0.503s] Level 1:colcon.colcon_core.package_identification:_identify(src) by extension 'colcon_meta'
[0.503s] Level 1:colcon.colcon_core.package_identification:_identify(src) by extensions ['ros']
[0.503s] Level 1:colcon.colcon_core.package_identification:_identify(src) by extension 'ros'
[0.503s] Level 1:colcon.colcon_core.package_identification:_identify(src) by extensions ['cmake', 'python']
[0.503s] Level 1:colcon.colcon_core.package_identification:_identify(src) by extension 'cmake'
[0.503s] Level 1:colcon.colcon_core.package_identification:_identify(src) by extension 'python'
[0.503s] Level 1:colcon.colcon_core.package_identification:_identify(src) by extensions ['python_setup_py']
[0.503s] Level 1:colcon.colcon_core.package_identification:_identify(src) by extension 'python_setup_py'
[0.503s] Level 1:colcon.colcon_core.package_identification:_identify(src/bringup_gripper) by extensions ['ignore', 'ignore_ament_install']
[0.503s] Level 1:colcon.colcon_core.package_identification:_identify(src/bringup_gripper) by extension 'ignore'
[0.503s] Level 1:colcon.colcon_core.package_identification:_identify(src/bringup_gripper) by extension 'ignore_ament_install'
[0.504s] Level 1:colcon.colcon_core.package_identification:_identify(src/bringup_gripper) by extensions ['colcon_pkg']
[0.504s] Level 1:colcon.colcon_core.package_identification:_identify(src/bringup_gripper) by extension 'colcon_pkg'
[0.504s] Level 1:colcon.colcon_core.package_identification:_identify(src/bringup_gripper) by extensions ['colcon_meta']
[0.504s] Level 1:colcon.colcon_core.package_identification:_identify(src/bringup_gripper) by extension 'colcon_meta'
[0.504s] Level 1:colcon.colcon_core.package_identification:_identify(src/bringup_gripper) by extensions ['ros']
[0.504s] Level 1:colcon.colcon_core.package_identification:_identify(src/bringup_gripper) by extension 'ros'
[0.508s] DEBUG:colcon.colcon_core.package_identification:Package 'src/bringup_gripper' with type 'ros.ament_python' and name 'bringup_gripper'
[0.509s] Level 1:colcon.colcon_core.package_identification:_identify(src/earth_robot_moveit_config) by extensions ['ignore', 'ignore_ament_install']
[0.509s] Level 1:colcon.colcon_core.package_identification:_identify(src/earth_robot_moveit_config) by extension 'ignore'
[0.509s] Level 1:colcon.colcon_core.package_identification:_identify(src/earth_robot_moveit_config) by extension 'ignore_ament_install'
[0.509s] Level 1:colcon.colcon_core.package_identification:_identify(src/earth_robot_moveit_config) by extensions ['colcon_pkg']
[0.509s] Level 1:colcon.colcon_core.package_identification:_identify(src/earth_robot_moveit_config) by extension 'colcon_pkg'
[0.509s] Level 1:colcon.colcon_core.package_identification:_identify(src/earth_robot_moveit_config) by extensions ['colcon_meta']
[0.509s] Level 1:colcon.colcon_core.package_identification:_identify(src/earth_robot_moveit_config) by extension 'colcon_meta'
[0.509s] Level 1:colcon.colcon_core.package_identification:_identify(src/earth_robot_moveit_config) by extensions ['ros']
[0.509s] Level 1:colcon.colcon_core.package_identification:_identify(src/earth_robot_moveit_config) by extension 'ros'
[0.512s] DEBUG:colcon.colcon_core.package_identification:Package 'src/earth_robot_moveit_config' with type 'ros.ament_cmake' and name 'earth_robot_moveit_config'
[0.512s] Level 1:colcon.colcon_core.package_identification:_identify(src/onrobot_rg2ft_description) by extensions ['ignore', 'ignore_ament_install']
[0.513s] Level 1:colcon.colcon_core.package_identification:_identify(src/onrobot_rg2ft_description) by extension 'ignore'
[0.513s] Level 1:colcon.colcon_core.package_identification:_identify(src/onrobot_rg2ft_description) by extension 'ignore_ament_install'
[0.513s] Level 1:colcon.colcon_core.package_identification:_identify(src/onrobot_rg2ft_description) by extensions ['colcon_pkg']
[0.513s] Level 1:colcon.colcon_core.package_identification:_identify(src/onrobot_rg2ft_description) by extension 'colcon_pkg'
[0.513s] Level 1:colcon.colcon_core.package_identification:_identify(src/onrobot_rg2ft_description) by extensions ['colcon_meta']
[0.513s] Level 1:colcon.colcon_core.package_identification:_identify(src/onrobot_rg2ft_description) by extension 'colcon_meta'
[0.513s] Level 1:colcon.colcon_core.package_identification:_identify(src/onrobot_rg2ft_description) by extensions ['ros']
[0.513s] Level 1:colcon.colcon_core.package_identification:_identify(src/onrobot_rg2ft_description) by extension 'ros'
[0.514s] DEBUG:colcon.colcon_core.package_identification:Package 'src/onrobot_rg2ft_description' with type 'ros.ament_cmake' and name 'onrobot_rg2ft_description'
[0.514s] Level 1:colcon.colcon_core.package_identification:_identify(src/onrobot_rg_msgs) by extensions ['ignore', 'ignore_ament_install']
[0.514s] Level 1:colcon.colcon_core.package_identification:_identify(src/onrobot_rg_msgs) by extension 'ignore'
[0.514s] Level 1:colcon.colcon_core.package_identification:_identify(src/onrobot_rg_msgs) by extension 'ignore_ament_install'
[0.514s] Level 1:colcon.colcon_core.package_identification:_identify(src/onrobot_rg_msgs) by extensions ['colcon_pkg']
[0.514s] Level 1:colcon.colcon_core.package_identification:_identify(src/onrobot_rg_msgs) by extension 'colcon_pkg'
[0.514s] Level 1:colcon.colcon_core.package_identification:_identify(src/onrobot_rg_msgs) by extensions ['colcon_meta']
[0.514s] Level 1:colcon.colcon_core.package_identification:_identify(src/onrobot_rg_msgs) by extension 'colcon_meta'
[0.514s] Level 1:colcon.colcon_core.package_identification:_identify(src/onrobot_rg_msgs) by extensions ['ros']
[0.514s] Level 1:colcon.colcon_core.package_identification:_identify(src/onrobot_rg_msgs) by extension 'ros'
[0.515s] DEBUG:colcon.colcon_core.package_identification:Package 'src/onrobot_rg_msgs' with type 'ros.ament_cmake' and name 'onrobot_rg_msgs'
[0.515s] Level 1:colcon.colcon_core.package_identification:_identify(src/realsense-ros) by extensions ['ignore', 'ignore_ament_install']
[0.515s] Level 1:colcon.colcon_core.package_identification:_identify(src/realsense-ros) by extension 'ignore'
[0.515s] Level 1:colcon.colcon_core.package_identification:_identify(src/realsense-ros) by extension 'ignore_ament_install'
[0.515s] Level 1:colcon.colcon_core.package_identification:_identify(src/realsense-ros) by extensions ['colcon_pkg']
[0.516s] Level 1:colcon.colcon_core.package_identification:_identify(src/realsense-ros) by extension 'colcon_pkg'
[0.516s] Level 1:colcon.colcon_core.package_identification:_identify(src/realsense-ros) by extensions ['colcon_meta']
[0.516s] Level 1:colcon.colcon_core.package_identification:_identify(src/realsense-ros) by extension 'colcon_meta'
[0.516s] Level 1:colcon.colcon_core.package_identification:_identify(src/realsense-ros) by extensions ['ros']
[0.516s] Level 1:colcon.colcon_core.package_identification:_identify(src/realsense-ros) by extension 'ros'
[0.516s] Level 1:colcon.colcon_core.package_identification:_identify(src/realsense-ros) by extensions ['cmake', 'python']
[0.516s] Level 1:colcon.colcon_core.package_identification:_identify(src/realsense-ros) by extension 'cmake'
[0.516s] Level 1:colcon.colcon_core.package_identification:_identify(src/realsense-ros) by extension 'python'
[0.516s] Level 1:colcon.colcon_core.package_identification:_identify(src/realsense-ros) by extensions ['python_setup_py']
[0.516s] Level 1:colcon.colcon_core.package_identification:_identify(src/realsense-ros) by extension 'python_setup_py'
[0.516s] Level 1:colcon.colcon_core.package_identification:_identify(src/realsense-ros/realsense2_description) by extensions ['ignore', 'ignore_ament_install']
[0.516s] Level 1:colcon.colcon_core.package_identification:_identify(src/realsense-ros/realsense2_description) by extension 'ignore'
[0.516s] Level 1:colcon.colcon_core.package_identification:_identify(src/realsense-ros/realsense2_description) by extension 'ignore_ament_install'
[0.516s] Level 1:colcon.colcon_core.package_identification:_identify(src/realsense-ros/realsense2_description) by extensions ['colcon_pkg']
[0.516s] Level 1:colcon.colcon_core.package_identification:_identify(src/realsense-ros/realsense2_description) by extension 'colcon_pkg'
[0.516s] Level 1:colcon.colcon_core.package_identification:_identify(src/realsense-ros/realsense2_description) by extensions ['colcon_meta']
[0.516s] Level 1:colcon.colcon_core.package_identification:_identify(src/realsense-ros/realsense2_description) by extension 'colcon_meta'
[0.517s] Level 1:colcon.colcon_core.package_identification:_identify(src/realsense-ros/realsense2_description) by extensions ['ros']
[0.517s] Level 1:colcon.colcon_core.package_identification:_identify(src/realsense-ros/realsense2_description) by extension 'ros'
[0.518s] DEBUG:colcon.colcon_core.package_identification:Package 'src/realsense-ros/realsense2_description' with type 'ros.ament_cmake' and name 'realsense2_description'
[0.518s] Level 1:colcon.colcon_core.package_identification:_identify(src/ur_robot_description_cb2) by extensions ['ignore', 'ignore_ament_install']
[0.518s] Level 1:colcon.colcon_core.package_identification:_identify(src/ur_robot_description_cb2) by extension 'ignore'
[0.518s] Level 1:colcon.colcon_core.package_identification:_identify(src/ur_robot_description_cb2) by extension 'ignore_ament_install'
[0.518s] Level 1:colcon.colcon_core.package_identification:_identify(src/ur_robot_description_cb2) by extensions ['colcon_pkg']
[0.518s] Level 1:colcon.colcon_core.package_identification:_identify(src/ur_robot_description_cb2) by extension 'colcon_pkg'
[0.518s] Level 1:colcon.colcon_core.package_identification:_identify(src/ur_robot_description_cb2) by extensions ['colcon_meta']
[0.518s] Level 1:colcon.colcon_core.package_identification:_identify(src/ur_robot_description_cb2) by extension 'colcon_meta'
[0.519s] Level 1:colcon.colcon_core.package_identification:_identify(src/ur_robot_description_cb2) by extensions ['ros']
[0.519s] Level 1:colcon.colcon_core.package_identification:_identify(src/ur_robot_description_cb2) by extension 'ros'
[0.520s] DEBUG:colcon.colcon_core.package_identification:Package 'src/ur_robot_description_cb2' with type 'ros.ament_cmake' and name 'ur_robot_description_cb2'
[0.521s] Level 1:colcon.colcon_core.package_identification:_identify(src/ur_robot_driver_cb2) by extensions ['ignore', 'ignore_ament_install']
[0.521s] Level 1:colcon.colcon_core.package_identification:_identify(src/ur_robot_driver_cb2) by extension 'ignore'
[0.521s] Level 1:colcon.colcon_core.package_identification:_identify(src/ur_robot_driver_cb2) by extension 'ignore_ament_install'
[0.521s] Level 1:colcon.colcon_core.package_identification:_identify(src/ur_robot_driver_cb2) by extensions ['colcon_pkg']
[0.521s] Level 1:colcon.colcon_core.package_identification:_identify(src/ur_robot_driver_cb2) by extension 'colcon_pkg'
[0.521s] Level 1:colcon.colcon_core.package_identification:_identify(src/ur_robot_driver_cb2) by extensions ['colcon_meta']
[0.521s] Level 1:colcon.colcon_core.package_identification:_identify(src/ur_robot_driver_cb2) by extension 'colcon_meta'
[0.521s] Level 1:colcon.colcon_core.package_identification:_identify(src/ur_robot_driver_cb2) by extensions ['ros']
[0.521s] Level 1:colcon.colcon_core.package_identification:_identify(src/ur_robot_driver_cb2) by extension 'ros'
[0.524s] DEBUG:colcon.colcon_core.package_identification:Package 'src/ur_robot_driver_cb2' with type 'ros.ament_cmake' and name 'ur_robot_driver_cb2'
[0.524s] Level 1:colcon.colcon_core.package_discovery:discover_packages(recursive) using defaults
[0.524s] Level 1:colcon.colcon_core.package_discovery:discover_packages(ignore) discover
[0.524s] Level 1:colcon.colcon_core.package_discovery:discover_packages(ignore) using defaults
[0.524s] Level 1:colcon.colcon_core.package_discovery:discover_packages(path) discover
[0.524s] Level 1:colcon.colcon_core.package_discovery:discover_packages(path) using defaults
[0.553s] Level 1:colcon.colcon_core.package_discovery:discover_packages(prefix_path) check parameters
[0.553s] Level 1:colcon.colcon_core.package_discovery:discover_packages(prefix_path) discover
[0.557s] DEBUG:colcon.colcon_installed_package_information.package_discovery:Found 7 installed packages in /home/luca/Stage_Lirmm/Diffusion-model-isaacsim/ur10_real_robot/ros2_ws_luca/install
[0.560s] DEBUG:colcon.colcon_installed_package_information.package_discovery:Found 388 installed packages in /opt/ros/humble
[0.562s] Level 1:colcon.colcon_core.package_discovery:discover_packages(prefix_path) using defaults
[0.622s] Level 5:colcon.colcon_core.verb:set package 'onrobot_rg2ft_description' build argument 'cmake_args' from command line to 'None'
[0.622s] Level 5:colcon.colcon_core.verb:set package 'onrobot_rg2ft_description' build argument 'cmake_target' from command line to 'None'
[0.622s] Level 5:colcon.colcon_core.verb:set package 'onrobot_rg2ft_description' build argument 'cmake_target_skip_unavailable' from command line to 'False'
[0.622s] Level 5:colcon.colcon_core.verb:set package 'onrobot_rg2ft_description' build argument 'cmake_clean_cache' from command line to 'False'
[0.622s] Level 5:colcon.colcon_core.verb:set package 'onrobot_rg2ft_description' build argument 'cmake_clean_first' from command line to 'False'
[0.622s] Level 5:colcon.colcon_core.verb:set package 'onrobot_rg2ft_description' build argument 'cmake_force_configure' from command line to 'False'
[0.622s] Level 5:colcon.colcon_core.verb:set package 'onrobot_rg2ft_description' build argument 'ament_cmake_args' from command line to 'None'
[0.622s] Level 5:colcon.colcon_core.verb:set package 'onrobot_rg2ft_description' build argument 'catkin_cmake_args' from command line to 'None'
[0.622s] Level 5:colcon.colcon_core.verb:set package 'onrobot_rg2ft_description' build argument 'catkin_skip_building_tests' from command line to 'False'
[0.623s] DEBUG:colcon.colcon_core.verb:Building package 'onrobot_rg2ft_description' with the following arguments: {'ament_cmake_args': None, 'build_base': '/home/luca/Stage_Lirmm/Diffusion-model-isaacsim/ur10_real_robot/ros2_ws_luca/build/onrobot_rg2ft_description', 'catkin_cmake_args': None, 'catkin_skip_building_tests': False, 'cmake_args': None, 'cmake_clean_cache': False, 'cmake_clean_first': False, 'cmake_force_configure': False, 'cmake_target': None, 'cmake_target_skip_unavailable': False, 'install_base': '/home/luca/Stage_Lirmm/Diffusion-model-isaacsim/ur10_real_robot/ros2_ws_luca/install/onrobot_rg2ft_description', 'merge_install': False, 'path': '/home/luca/Stage_Lirmm/Diffusion-model-isaacsim/ur10_real_robot/ros2_ws_luca/src/onrobot_rg2ft_description', 'symlink_install': False, 'test_result_base': None}
[0.623s] Level 5:colcon.colcon_core.verb:set package 'onrobot_rg_msgs' build argument 'cmake_args' from command line to 'None'
[0.623s] Level 5:colcon.colcon_core.verb:set package 'onrobot_rg_msgs' build argument 'cmake_target' from command line to 'None'
[0.623s] Level 5:colcon.colcon_core.verb:set package 'onrobot_rg_msgs' build argument 'cmake_target_skip_unavailable' from command line to 'False'
[0.623s] Level 5:colcon.colcon_core.verb:set package 'onrobot_rg_msgs' build argument 'cmake_clean_cache' from command line to 'False'
[0.623s] Level 5:colcon.colcon_core.verb:set package 'onrobot_rg_msgs' build argument 'cmake_clean_first' from command line to 'False'
[0.623s] Level 5:colcon.colcon_core.verb:set package 'onrobot_rg_msgs' build argument 'cmake_force_configure' from command line to 'False'
[0.623s] Level 5:colcon.colcon_core.verb:set package 'onrobot_rg_msgs' build argument 'ament_cmake_args' from command line to 'None'
[0.623s] Level 5:colcon.colcon_core.verb:set package 'onrobot_rg_msgs' build argument 'catkin_cmake_args' from command line to 'None'
[0.623s] Level 5:colcon.colcon_core.verb:set package 'onrobot_rg_msgs' build argument 'catkin_skip_building_tests' from command line to 'False'
[0.623s] DEBUG:colcon.colcon_core.verb:Building package 'onrobot_rg_msgs' with the following arguments: {'ament_cmake_args': None, 'build_base': '/home/luca/Stage_Lirmm/Diffusion-model-isaacsim/ur10_real_robot/ros2_ws_luca/build/onrobot_rg_msgs', 'catkin_cmake_args': None, 'catkin_skip_building_tests': False, 'cmake_args': None, 'cmake_clean_cache': False, 'cmake_clean_first': False, 'cmake_force_configure': False, 'cmake_target': None, 'cmake_target_skip_unavailable': False, 'install_base': '/home/luca/Stage_Lirmm/Diffusion-model-isaacsim/ur10_real_robot/ros2_ws_luca/install/onrobot_rg_msgs', 'merge_install': False, 'path': '/home/luca/Stage_Lirmm/Diffusion-model-isaacsim/ur10_real_robot/ros2_ws_luca/src/onrobot_rg_msgs', 'symlink_install': False, 'test_result_base': None}
[0.624s] Level 5:colcon.colcon_core.verb:set package 'ur_robot_description_cb2' build argument 'cmake_args' from command line to 'None'
[0.624s] Level 5:colcon.colcon_core.verb:set package 'ur_robot_description_cb2' build argument 'cmake_target' from command line to 'None'
[0.624s] Level 5:colcon.colcon_core.verb:set package 'ur_robot_description_cb2' build argument 'cmake_target_skip_unavailable' from command line to 'False'
[0.624s] Level 5:colcon.colcon_core.verb:set package 'ur_robot_description_cb2' build argument 'cmake_clean_cache' from command line to 'False'
[0.624s] Level 5:colcon.colcon_core.verb:set package 'ur_robot_description_cb2' build argument 'cmake_clean_first' from command line to 'False'
[0.624s] Level 5:colcon.colcon_core.verb:set package 'ur_robot_description_cb2' build argument 'cmake_force_configure' from command line to 'False'
[0.624s] Level 5:colcon.colcon_core.verb:set package 'ur_robot_description_cb2' build argument 'ament_cmake_args' from command line to 'None'
[0.624s] Level 5:colcon.colcon_core.verb:set package 'ur_robot_description_cb2' build argument 'catkin_cmake_args' from command line to 'None'
[0.624s] Level 5:colcon.colcon_core.verb:set package 'ur_robot_description_cb2' build argument 'catkin_skip_building_tests' from command line to 'False'
[0.624s] DEBUG:colcon.colcon_core.verb:Building package 'ur_robot_description_cb2' with the following arguments: {'ament_cmake_args': None, 'build_base': '/home/luca/Stage_Lirmm/Diffusion-model-isaacsim/ur10_real_robot/ros2_ws_luca/build/ur_robot_description_cb2', 'catkin_cmake_args': None, 'catkin_skip_building_tests': False, 'cmake_args': None, 'cmake_clean_cache': False, 'cmake_clean_first': False, 'cmake_force_configure': False, 'cmake_target': None, 'cmake_target_skip_unavailable': False, 'install_base': '/home/luca/Stage_Lirmm/Diffusion-model-isaacsim/ur10_real_robot/ros2_ws_luca/install/ur_robot_description_cb2', 'merge_install': False, 'path': '/home/luca/Stage_Lirmm/Diffusion-model-isaacsim/ur10_real_robot/ros2_ws_luca/src/ur_robot_description_cb2', 'symlink_install': False, 'test_result_base': None}
[0.624s] Level 5:colcon.colcon_core.verb:set package 'bringup_gripper' build argument 'cmake_args' from command line to 'None'
[0.624s] Level 5:colcon.colcon_core.verb:set package 'bringup_gripper' build argument 'cmake_target' from command line to 'None'
[0.624s] Level 5:colcon.colcon_core.verb:set package 'bringup_gripper' build argument 'cmake_target_skip_unavailable' from command line to 'False'
[0.624s] Level 5:colcon.colcon_core.verb:set package 'bringup_gripper' build argument 'cmake_clean_cache' from command line to 'False'
[0.624s] Level 5:colcon.colcon_core.verb:set package 'bringup_gripper' build argument 'cmake_clean_first' from command line to 'False'
[0.625s] Level 5:colcon.colcon_core.verb:set package 'bringup_gripper' build argument 'cmake_force_configure' from command line to 'False'
[0.625s] Level 5:colcon.colcon_core.verb:set package 'bringup_gripper' build argument 'ament_cmake_args' from command line to 'None'
[0.625s] Level 5:colcon.colcon_core.verb:set package 'bringup_gripper' build argument 'catkin_cmake_args' from command line to 'None'
[0.625s] Level 5:colcon.colcon_core.verb:set package 'bringup_gripper' build argument 'catkin_skip_building_tests' from command line to 'False'
[0.625s] DEBUG:colcon.colcon_core.verb:Building package 'bringup_gripper' with the following arguments: {'ament_cmake_args': None, 'build_base': '/home/luca/Stage_Lirmm/Diffusion-model-isaacsim/ur10_real_robot/ros2_ws_luca/build/bringup_gripper', 'catkin_cmake_args': None, 'catkin_skip_building_tests': False, 'cmake_args': None, 'cmake_clean_cache': False, 'cmake_clean_first': False, 'cmake_force_configure': False, 'cmake_target': None, 'cmake_target_skip_unavailable': False, 'install_base': '/home/luca/Stage_Lirmm/Diffusion-model-isaacsim/ur10_real_robot/ros2_ws_luca/install/bringup_gripper', 'merge_install': False, 'path': '/home/luca/Stage_Lirmm/Diffusion-model-isaacsim/ur10_real_robot/ros2_ws_luca/src/bringup_gripper', 'symlink_install': False, 'test_result_base': None}
[0.625s] Level 5:colcon.colcon_core.verb:set package 'ur_robot_driver_cb2' build argument 'cmake_args' from command line to 'None'
[0.625s] Level 5:colcon.colcon_core.verb:set package 'ur_robot_driver_cb2' build argument 'cmake_target' from command line to 'None'
[0.625s] Level 5:colcon.colcon_core.verb:set package 'ur_robot_driver_cb2' build argument 'cmake_target_skip_unavailable' from command line to 'False'
[0.625s] Level 5:colcon.colcon_core.verb:set package 'ur_robot_driver_cb2' build argument 'cmake_clean_cache' from command line to 'False'
[0.625s] Level 5:colcon.colcon_core.verb:set package 'ur_robot_driver_cb2' build argument 'cmake_clean_first' from command line to 'False'
[0.625s] Level 5:colcon.colcon_core.verb:set package 'ur_robot_driver_cb2' build argument 'cmake_force_configure' from command line to 'False'
[0.625s] Level 5:colcon.colcon_core.verb:set package 'ur_robot_driver_cb2' build argument 'ament_cmake_args' from command line to 'None'
[0.625s] Level 5:colcon.colcon_core.verb:set package 'ur_robot_driver_cb2' build argument 'catkin_cmake_args' from command line to 'None'
[0.625s] Level 5:colcon.colcon_core.verb:set package 'ur_robot_driver_cb2' build argument 'catkin_skip_building_tests' from command line to 'False'
[0.625s] DEBUG:colcon.colcon_core.verb:Building package 'ur_robot_driver_cb2' with the following arguments: {'ament_cmake_args': None, 'build_base': '/home/luca/Stage_Lirmm/Diffusion-model-isaacsim/ur10_real_robot/ros2_ws_luca/build/ur_robot_driver_cb2', 'catkin_cmake_args': None, 'catkin_skip_building_tests': False, 'cmake_args': None, 'cmake_clean_cache': False, 'cmake_clean_first': False, 'cmake_force_configure': False, 'cmake_target': None, 'cmake_target_skip_unavailable': False, 'install_base': '/home/luca/Stage_Lirmm/Diffusion-model-isaacsim/ur10_real_robot/ros2_ws_luca/install/ur_robot_driver_cb2', 'merge_install': False, 'path': '/home/luca/Stage_Lirmm/Diffusion-model-isaacsim/ur10_real_robot/ros2_ws_luca/src/ur_robot_driver_cb2', 'symlink_install': False, 'test_result_base': None}
[0.626s] Level 5:colcon.colcon_core.verb:set package 'realsense2_description' build argument 'cmake_args' from command line to 'None'
[0.626s] Level 5:colcon.colcon_core.verb:set package 'realsense2_description' build argument 'cmake_target' from command line to 'None'
[0.626s] Level 5:colcon.colcon_core.verb:set package 'realsense2_description' build argument 'cmake_target_skip_unavailable' from command line to 'False'
[0.626s] Level 5:colcon.colcon_core.verb:set package 'realsense2_description' build argument 'cmake_clean_cache' from command line to 'False'
[0.626s] Level 5:colcon.colcon_core.verb:set package 'realsense2_description' build argument 'cmake_clean_first' from command line to 'False'
[0.626s] Level 5:colcon.colcon_core.verb:set package 'realsense2_description' build argument 'cmake_force_configure' from command line to 'False'
[0.626s] Level 5:colcon.colcon_core.verb:set package 'realsense2_description' build argument 'ament_cmake_args' from command line to 'None'
[0.626s] Level 5:colcon.colcon_core.verb:set package 'realsense2_description' build argument 'catkin_cmake_args' from command line to 'None'
[0.626s] Level 5:colcon.colcon_core.verb:set package 'realsense2_description' build argument 'catkin_skip_building_tests' from command line to 'False'
[0.626s] DEBUG:colcon.colcon_core.verb:Building package 'realsense2_description' with the following arguments: {'ament_cmake_args': None, 'build_base': '/home/luca/Stage_Lirmm/Diffusion-model-isaacsim/ur10_real_robot/ros2_ws_luca/build/realsense2_description', 'catkin_cmake_args': None, 'catkin_skip_building_tests': False, 'cmake_args': None, 'cmake_clean_cache': False, 'cmake_clean_first': False, 'cmake_force_configure': False, 'cmake_target': None, 'cmake_target_skip_unavailable': False, 'install_base': '/home/luca/Stage_Lirmm/Diffusion-model-isaacsim/ur10_real_robot/ros2_ws_luca/install/realsense2_description', 'merge_install': False, 'path': '/home/luca/Stage_Lirmm/Diffusion-model-isaacsim/ur10_real_robot/ros2_ws_luca/src/realsense-ros/realsense2_description', 'symlink_install': False, 'test_result_base': None}
[0.627s] Level 5:colcon.colcon_core.verb:set package 'earth_robot_moveit_config' build argument 'cmake_args' from command line to 'None'
[0.627s] Level 5:colcon.colcon_core.verb:set package 'earth_robot_moveit_config' build argument 'cmake_target' from command line to 'None'
[0.627s] Level 5:colcon.colcon_core.verb:set package 'earth_robot_moveit_config' build argument 'cmake_target_skip_unavailable' from command line to 'False'
[0.627s] Level 5:colcon.colcon_core.verb:set package 'earth_robot_moveit_config' build argument 'cmake_clean_cache' from command line to 'False'
[0.627s] Level 5:colcon.colcon_core.verb:set package 'earth_robot_moveit_config' build argument 'cmake_clean_first' from command line to 'False'
[0.627s] Level 5:colcon.colcon_core.verb:set package 'earth_robot_moveit_config' build argument 'cmake_force_configure' from command line to 'False'
[0.627s] Level 5:colcon.colcon_core.verb:set package 'earth_robot_moveit_config' build argument 'ament_cmake_args' from command line to 'None'
[0.627s] Level 5:colcon.colcon_core.verb:set package 'earth_robot_moveit_config' build argument 'catkin_cmake_args' from command line to 'None'
[0.627s] Level 5:colcon.colcon_core.verb:set package 'earth_robot_moveit_config' build argument 'catkin_skip_building_tests' from command line to 'False'
[0.627s] DEBUG:colcon.colcon_core.verb:Building package 'earth_robot_moveit_config' with the following arguments: {'ament_cmake_args': None, 'build_base': '/home/luca/Stage_Lirmm/Diffusion-model-isaacsim/ur10_real_robot/ros2_ws_luca/build/earth_robot_moveit_config', 'catkin_cmake_args': None, 'catkin_skip_building_tests': False, 'cmake_args': None, 'cmake_clean_cache': False, 'cmake_clean_first': False, 'cmake_force_configure': False, 'cmake_target': None, 'cmake_target_skip_unavailable': False, 'install_base': '/home/luca/Stage_Lirmm/Diffusion-model-isaacsim/ur10_real_robot/ros2_ws_luca/install/earth_robot_moveit_config', 'merge_install': False, 'path': '/home/luca/Stage_Lirmm/Diffusion-model-isaacsim/ur10_real_robot/ros2_ws_luca/src/earth_robot_moveit_config', 'symlink_install': False, 'test_result_base': None}
[0.627s] INFO:colcon.colcon_core.executor:Executing jobs using 'parallel' executor
[0.629s] DEBUG:colcon.colcon_parallel_executor.executor.parallel:run_until_complete
[0.629s] INFO:colcon.colcon_ros.task.ament_cmake.build:Building ROS package in '/home/luca/Stage_Lirmm/Diffusion-model-isaacsim/ur10_real_robot/ros2_ws_luca/src/ur_robot_description_cb2' with build type 'ament_cmake'
[0.630s] INFO:colcon.colcon_cmake.task.cmake.build:Building CMake package in '/home/luca/Stage_Lirmm/Diffusion-model-isaacsim/ur10_real_robot/ros2_ws_luca/src/ur_robot_description_cb2'
[0.632s] INFO:colcon.colcon_core.plugin_system:Skipping extension 'colcon_core.shell.bat': Not used on non-Windows systems
[0.632s] INFO:colcon.colcon_core.shell:Skip shell extension 'powershell' for command environment: Not usable outside of PowerShell
[0.632s] DEBUG:colcon.colcon_core.shell:Skip shell extension 'dsv' for command environment
[0.638s] INFO:colcon.colcon_ros.task.ament_cmake.build:Building ROS package in '/home/luca/Stage_Lirmm/Diffusion-model-isaacsim/ur10_real_robot/ros2_ws_luca/src/onrobot_rg2ft_description' with build type 'ament_cmake'
[0.639s] INFO:colcon.colcon_cmake.task.cmake.build:Building CMake package in '/home/luca/Stage_Lirmm/Diffusion-model-isaacsim/ur10_real_robot/ros2_ws_luca/src/onrobot_rg2ft_description'
[0.640s] INFO:colcon.colcon_core.shell:Skip shell extension 'powershell' for command environment: Not usable outside of PowerShell
[0.640s] DEBUG:colcon.colcon_core.shell:Skip shell extension 'dsv' for command environment
[0.646s] INFO:colcon.colcon_ros.task.ament_cmake.build:Building ROS package in '/home/luca/Stage_Lirmm/Diffusion-model-isaacsim/ur10_real_robot/ros2_ws_luca/src/onrobot_rg_msgs' with build type 'ament_cmake'
[0.646s] INFO:colcon.colcon_cmake.task.cmake.build:Building CMake package in '/home/luca/Stage_Lirmm/Diffusion-model-isaacsim/ur10_real_robot/ros2_ws_luca/src/onrobot_rg_msgs'
[0.647s] INFO:colcon.colcon_core.shell:Skip shell extension 'powershell' for command environment: Not usable outside of PowerShell
[0.647s] DEBUG:colcon.colcon_core.shell:Skip shell extension 'dsv' for command environment
[0.662s] DEBUG:colcon.colcon_core.event_handler.log_command:Invoking command in '/home/luca/Stage_Lirmm/Diffusion-model-isaacsim/ur10_real_robot/ros2_ws_luca/build/ur_robot_description_cb2': CMAKE_PREFIX_PATH=${CMAKE_PREFIX_PATH}:/home/luca/Stage_Lirmm/Diffusion-model-isaacsim/ur10_real_robot/ros2_ws_luca/install/bringup_gripper:/opt/ros/humble VIRTUAL_ENV_PROMPT=(mujoco_ros) /usr/bin/cmake --build /home/luca/Stage_Lirmm/Diffusion-model-isaacsim/ur10_real_robot/ros2_ws_luca/build/ur_robot_description_cb2 -- -j16 -l16
[0.669s] DEBUG:colcon.colcon_core.event_handler.log_command:Invoking command in '/home/luca/Stage_Lirmm/Diffusion-model-isaacsim/ur10_real_robot/ros2_ws_luca/build/onrobot_rg2ft_description': CMAKE_PREFIX_PATH=${CMAKE_PREFIX_PATH}:/home/luca/Stage_Lirmm/Diffusion-model-isaacsim/ur10_real_robot/ros2_ws_luca/install/bringup_gripper:/opt/ros/humble VIRTUAL_ENV_PROMPT=(mujoco_ros) /usr/bin/cmake --build /home/luca/Stage_Lirmm/Diffusion-model-isaacsim/ur10_real_robot/ros2_ws_luca/build/onrobot_rg2ft_description -- -j16 -l16
[0.676s] DEBUG:colcon.colcon_core.event_handler.log_command:Invoking command in '/home/luca/Stage_Lirmm/Diffusion-model-isaacsim/ur10_real_robot/ros2_ws_luca/build/onrobot_rg_msgs': CMAKE_PREFIX_PATH=${CMAKE_PREFIX_PATH}:/home/luca/Stage_Lirmm/Diffusion-model-isaacsim/ur10_real_robot/ros2_ws_luca/install/bringup_gripper:/opt/ros/humble VIRTUAL_ENV_PROMPT=(mujoco_ros) /usr/bin/cmake --build /home/luca/Stage_Lirmm/Diffusion-model-isaacsim/ur10_real_robot/ros2_ws_luca/build/onrobot_rg_msgs -- -j16 -l16
[0.725s] DEBUG:colcon.colcon_core.event_handler.log_command:Invoked command in '/home/luca/Stage_Lirmm/Diffusion-model-isaacsim/ur10_real_robot/ros2_ws_luca/build/ur_robot_description_cb2' returned '0': CMAKE_PREFIX_PATH=${CMAKE_PREFIX_PATH}:/home/luca/Stage_Lirmm/Diffusion-model-isaacsim/ur10_real_robot/ros2_ws_luca/install/bringup_gripper:/opt/ros/humble VIRTUAL_ENV_PROMPT=(mujoco_ros) /usr/bin/cmake --build /home/luca/Stage_Lirmm/Diffusion-model-isaacsim/ur10_real_robot/ros2_ws_luca/build/ur_robot_description_cb2 -- -j16 -l16
[0.745s] DEBUG:colcon.colcon_core.event_handler.log_command:Invoking command in '/home/luca/Stage_Lirmm/Diffusion-model-isaacsim/ur10_real_robot/ros2_ws_luca/build/ur_robot_description_cb2': CMAKE_PREFIX_PATH=${CMAKE_PREFIX_PATH}:/home/luca/Stage_Lirmm/Diffusion-model-isaacsim/ur10_real_robot/ros2_ws_luca/install/bringup_gripper:/opt/ros/humble VIRTUAL_ENV_PROMPT=(mujoco_ros) /usr/bin/cmake --install /home/luca/Stage_Lirmm/Diffusion-model-isaacsim/ur10_real_robot/ros2_ws_luca/build/ur_robot_description_cb2
[0.749s] DEBUG:colcon.colcon_core.event_handler.log_command:Invoked command in '/home/luca/Stage_Lirmm/Diffusion-model-isaacsim/ur10_real_robot/ros2_ws_luca/build/onrobot_rg2ft_description' returned '0': CMAKE_PREFIX_PATH=${CMAKE_PREFIX_PATH}:/home/luca/Stage_Lirmm/Diffusion-model-isaacsim/ur10_real_robot/ros2_ws_luca/install/bringup_gripper:/opt/ros/humble VIRTUAL_ENV_PROMPT=(mujoco_ros) /usr/bin/cmake --build /home/luca/Stage_Lirmm/Diffusion-model-isaacsim/ur10_real_robot/ros2_ws_luca/build/onrobot_rg2ft_description -- -j16 -l16
[0.752s] DEBUG:colcon.colcon_core.event_handler.log_command:Invoking command in '/home/luca/Stage_Lirmm/Diffusion-model-isaacsim/ur10_real_robot/ros2_ws_luca/build/onrobot_rg2ft_description': CMAKE_PREFIX_PATH=${CMAKE_PREFIX_PATH}:/home/luca/Stage_Lirmm/Diffusion-model-isaacsim/ur10_real_robot/ros2_ws_luca/install/bringup_gripper:/opt/ros/humble VIRTUAL_ENV_PROMPT=(mujoco_ros) /usr/bin/cmake --install /home/luca/Stage_Lirmm/Diffusion-model-isaacsim/ur10_real_robot/ros2_ws_luca/build/onrobot_rg2ft_description
[0.811s] Level 1:colcon.colcon_core.environment:create_environment_scripts_only(onrobot_rg2ft_description)
[0.817s] DEBUG:colcon.colcon_core.event_handler.log_command:Invoked command in '/home/luca/Stage_Lirmm/Diffusion-model-isaacsim/ur10_real_robot/ros2_ws_luca/build/onrobot_rg2ft_description' returned '0': CMAKE_PREFIX_PATH=${CMAKE_PREFIX_PATH}:/home/luca/Stage_Lirmm/Diffusion-model-isaacsim/ur10_real_robot/ros2_ws_luca/install/bringup_gripper:/opt/ros/humble VIRTUAL_ENV_PROMPT=(mujoco_ros) /usr/bin/cmake --install /home/luca/Stage_Lirmm/Diffusion-model-isaacsim/ur10_real_robot/ros2_ws_luca/build/onrobot_rg2ft_description
[0.826s] Level 1:colcon.colcon_core.environment:checking '/home/luca/Stage_Lirmm/Diffusion-model-isaacsim/ur10_real_robot/ros2_ws_luca/install/onrobot_rg2ft_description' for CMake module files
[0.831s] Level 1:colcon.colcon_core.environment:checking '/home/luca/Stage_Lirmm/Diffusion-model-isaacsim/ur10_real_robot/ros2_ws_luca/install/onrobot_rg2ft_description' for CMake config files
[0.832s] Level 1:colcon.colcon_core.shell:create_environment_hook('onrobot_rg2ft_description', 'cmake_prefix_path')
[0.832s] INFO:colcon.colcon_core.shell:Creating environment hook '/home/luca/Stage_Lirmm/Diffusion-model-isaacsim/ur10_real_robot/ros2_ws_luca/install/onrobot_rg2ft_description/share/onrobot_rg2ft_description/hook/cmake_prefix_path.ps1'
[0.833s] INFO:colcon.colcon_core.shell:Creating environment descriptor '/home/luca/Stage_Lirmm/Diffusion-model-isaacsim/ur10_real_robot/ros2_ws_luca/install/onrobot_rg2ft_description/share/onrobot_rg2ft_description/hook/cmake_prefix_path.dsv'
[0.834s] INFO:colcon.colcon_core.shell:Creating environment hook '/home/luca/Stage_Lirmm/Diffusion-model-isaacsim/ur10_real_robot/ros2_ws_luca/install/onrobot_rg2ft_description/share/onrobot_rg2ft_description/hook/cmake_prefix_path.sh'
[0.835s] Level 1:colcon.colcon_core.environment:checking '/home/luca/Stage_Lirmm/Diffusion-model-isaacsim/ur10_real_robot/ros2_ws_luca/install/onrobot_rg2ft_description/bin'
[0.835s] Level 1:colcon.colcon_core.environment:checking '/home/luca/Stage_Lirmm/Diffusion-model-isaacsim/ur10_real_robot/ros2_ws_luca/install/onrobot_rg2ft_description/lib/pkgconfig/onrobot_rg2ft_description.pc'
[0.836s] Level 1:colcon.colcon_core.environment:checking '/home/luca/Stage_Lirmm/Diffusion-model-isaacsim/ur10_real_robot/ros2_ws_luca/install/onrobot_rg2ft_description/lib/python3.10/site-packages'
[0.836s] Level 1:colcon.colcon_core.environment:checking '/home/luca/Stage_Lirmm/Diffusion-model-isaacsim/ur10_real_robot/ros2_ws_luca/install/onrobot_rg2ft_description/bin'
[0.837s] INFO:colcon.colcon_core.shell:Creating package script '/home/luca/Stage_Lirmm/Diffusion-model-isaacsim/ur10_real_robot/ros2_ws_luca/install/onrobot_rg2ft_description/share/onrobot_rg2ft_description/package.ps1'
[0.838s] INFO:colcon.colcon_core.shell:Creating package descriptor '/home/luca/Stage_Lirmm/Diffusion-model-isaacsim/ur10_real_robot/ros2_ws_luca/install/onrobot_rg2ft_description/share/onrobot_rg2ft_description/package.dsv'
[0.839s] INFO:colcon.colcon_core.shell:Creating package script '/home/luca/Stage_Lirmm/Diffusion-model-isaacsim/ur10_real_robot/ros2_ws_luca/install/onrobot_rg2ft_description/share/onrobot_rg2ft_description/package.sh'
[0.840s] INFO:colcon.colcon_core.shell:Creating package script '/home/luca/Stage_Lirmm/Diffusion-model-isaacsim/ur10_real_robot/ros2_ws_luca/install/onrobot_rg2ft_description/share/onrobot_rg2ft_description/package.bash'
[0.841s] INFO:colcon.colcon_core.shell:Creating package script '/home/luca/Stage_Lirmm/Diffusion-model-isaacsim/ur10_real_robot/ros2_ws_luca/install/onrobot_rg2ft_description/share/onrobot_rg2ft_description/package.zsh'
[0.846s] Level 1:colcon.colcon_core.environment:create_file_with_runtime_dependencies(/home/luca/Stage_Lirmm/Diffusion-model-isaacsim/ur10_real_robot/ros2_ws_luca/install/onrobot_rg2ft_description/share/colcon-core/packages/onrobot_rg2ft_description)
[0.848s] Level 1:colcon.colcon_core.environment:create_environment_scripts_only(onrobot_rg2ft_description)
[0.848s] Level 1:colcon.colcon_core.environment:checking '/home/luca/Stage_Lirmm/Diffusion-model-isaacsim/ur10_real_robot/ros2_ws_luca/install/onrobot_rg2ft_description' for CMake module files
[0.849s] Level 1:colcon.colcon_core.environment:checking '/home/luca/Stage_Lirmm/Diffusion-model-isaacsim/ur10_real_robot/ros2_ws_luca/install/onrobot_rg2ft_description' for CMake config files
[0.850s] Level 1:colcon.colcon_core.shell:create_environment_hook('onrobot_rg2ft_description', 'cmake_prefix_path')
[0.851s] INFO:colcon.colcon_core.shell:Creating environment hook '/home/luca/Stage_Lirmm/Diffusion-model-isaacsim/ur10_real_robot/ros2_ws_luca/install/onrobot_rg2ft_description/share/onrobot_rg2ft_description/hook/cmake_prefix_path.ps1'
[0.852s] INFO:colcon.colcon_core.shell:Creating environment descriptor '/home/luca/Stage_Lirmm/Diffusion-model-isaacsim/ur10_real_robot/ros2_ws_luca/install/onrobot_rg2ft_description/share/onrobot_rg2ft_description/hook/cmake_prefix_path.dsv'
[0.852s] INFO:colcon.colcon_core.shell:Creating environment hook '/home/luca/Stage_Lirmm/Diffusion-model-isaacsim/ur10_real_robot/ros2_ws_luca/install/onrobot_rg2ft_description/share/onrobot_rg2ft_description/hook/cmake_prefix_path.sh'
[0.853s] Level 1:colcon.colcon_core.environment:checking '/home/luca/Stage_Lirmm/Diffusion-model-isaacsim/ur10_real_robot/ros2_ws_luca/install/onrobot_rg2ft_description/bin'
[0.854s] Level 1:colcon.colcon_core.environment:checking '/home/luca/Stage_Lirmm/Diffusion-model-isaacsim/ur10_real_robot/ros2_ws_luca/install/onrobot_rg2ft_description/lib/pkgconfig/onrobot_rg2ft_description.pc'
[0.854s] Level 1:colcon.colcon_core.environment:checking '/home/luca/Stage_Lirmm/Diffusion-model-isaacsim/ur10_real_robot/ros2_ws_luca/install/onrobot_rg2ft_description/lib/python3.10/site-packages'
[0.854s] Level 1:colcon.colcon_core.environment:checking '/home/luca/Stage_Lirmm/Diffusion-model-isaacsim/ur10_real_robot/ros2_ws_luca/install/onrobot_rg2ft_description/bin'
[0.855s] INFO:colcon.colcon_core.shell:Creating package script '/home/luca/Stage_Lirmm/Diffusion-model-isaacsim/ur10_real_robot/ros2_ws_luca/install/onrobot_rg2ft_description/share/onrobot_rg2ft_description/package.ps1'
[0.857s] INFO:colcon.colcon_core.shell:Creating package descriptor '/home/luca/Stage_Lirmm/Diffusion-model-isaacsim/ur10_real_robot/ros2_ws_luca/install/onrobot_rg2ft_description/share/onrobot_rg2ft_description/package.dsv'
[0.858s] INFO:colcon.colcon_core.shell:Creating package script '/home/luca/Stage_Lirmm/Diffusion-model-isaacsim/ur10_real_robot/ros2_ws_luca/install/onrobot_rg2ft_description/share/onrobot_rg2ft_description/package.sh'
[0.859s] INFO:colcon.colcon_core.shell:Creating package script '/home/luca/Stage_Lirmm/Diffusion-model-isaacsim/ur10_real_robot/ros2_ws_luca/install/onrobot_rg2ft_description/share/onrobot_rg2ft_description/package.bash'
[0.859s] INFO:colcon.colcon_core.shell:Creating package script '/home/luca/Stage_Lirmm/Diffusion-model-isaacsim/ur10_real_robot/ros2_ws_luca/install/onrobot_rg2ft_description/share/onrobot_rg2ft_description/package.zsh'
[0.860s] Level 1:colcon.colcon_core.environment:create_file_with_runtime_dependencies(/home/luca/Stage_Lirmm/Diffusion-model-isaacsim/ur10_real_robot/ros2_ws_luca/install/onrobot_rg2ft_description/share/colcon-core/packages/onrobot_rg2ft_description)
[0.863s] Level 1:colcon.colcon_core.environment:create_environment_scripts_only(ur_robot_description_cb2)
[0.863s] Level 1:colcon.colcon_core.environment:checking '/home/luca/Stage_Lirmm/Diffusion-model-isaacsim/ur10_real_robot/ros2_ws_luca/install/ur_robot_description_cb2' for CMake module files
[0.864s] DEBUG:colcon.colcon_core.event_handler.log_command:Invoked command in '/home/luca/Stage_Lirmm/Diffusion-model-isaacsim/ur10_real_robot/ros2_ws_luca/build/ur_robot_description_cb2' returned '0': CMAKE_PREFIX_PATH=${CMAKE_PREFIX_PATH}:/home/luca/Stage_Lirmm/Diffusion-model-isaacsim/ur10_real_robot/ros2_ws_luca/install/bringup_gripper:/opt/ros/humble VIRTUAL_ENV_PROMPT=(mujoco_ros) /usr/bin/cmake --install /home/luca/Stage_Lirmm/Diffusion-model-isaacsim/ur10_real_robot/ros2_ws_luca/build/ur_robot_description_cb2
[0.865s] Level 1:colcon.colcon_core.environment:checking '/home/luca/Stage_Lirmm/Diffusion-model-isaacsim/ur10_real_robot/ros2_ws_luca/install/ur_robot_description_cb2' for CMake config files
[0.865s] Level 1:colcon.colcon_core.shell:create_environment_hook('ur_robot_description_cb2', 'cmake_prefix_path')
[0.865s] INFO:colcon.colcon_core.shell:Creating environment hook '/home/luca/Stage_Lirmm/Diffusion-model-isaacsim/ur10_real_robot/ros2_ws_luca/install/ur_robot_description_cb2/share/ur_robot_description_cb2/hook/cmake_prefix_path.ps1'
[0.866s] INFO:colcon.colcon_core.shell:Creating environment descriptor '/home/luca/Stage_Lirmm/Diffusion-model-isaacsim/ur10_real_robot/ros2_ws_luca/install/ur_robot_description_cb2/share/ur_robot_description_cb2/hook/cmake_prefix_path.dsv'
[0.866s] INFO:colcon.colcon_core.shell:Creating environment hook '/home/luca/Stage_Lirmm/Diffusion-model-isaacsim/ur10_real_robot/ros2_ws_luca/install/ur_robot_description_cb2/share/ur_robot_description_cb2/hook/cmake_prefix_path.sh'
[0.867s] Level 1:colcon.colcon_core.environment:checking '/home/luca/Stage_Lirmm/Diffusion-model-isaacsim/ur10_real_robot/ros2_ws_luca/install/ur_robot_description_cb2/bin'
[0.867s] Level 1:colcon.colcon_core.environment:checking '/home/luca/Stage_Lirmm/Diffusion-model-isaacsim/ur10_real_robot/ros2_ws_luca/install/ur_robot_description_cb2/lib/pkgconfig/ur_robot_description_cb2.pc'
[0.868s] Level 1:colcon.colcon_core.environment:checking '/home/luca/Stage_Lirmm/Diffusion-model-isaacsim/ur10_real_robot/ros2_ws_luca/install/ur_robot_description_cb2/lib/python3.10/site-packages'
[0.868s] Level 1:colcon.colcon_core.environment:checking '/home/luca/Stage_Lirmm/Diffusion-model-isaacsim/ur10_real_robot/ros2_ws_luca/install/ur_robot_description_cb2/bin'
[0.868s] INFO:colcon.colcon_core.shell:Creating package script '/home/luca/Stage_Lirmm/Diffusion-model-isaacsim/ur10_real_robot/ros2_ws_luca/install/ur_robot_description_cb2/share/ur_robot_description_cb2/package.ps1'
[0.869s] INFO:colcon.colcon_core.shell:Creating package descriptor '/home/luca/Stage_Lirmm/Diffusion-model-isaacsim/ur10_real_robot/ros2_ws_luca/install/ur_robot_description_cb2/share/ur_robot_description_cb2/package.dsv'
[0.870s] INFO:colcon.colcon_core.shell:Creating package script '/home/luca/Stage_Lirmm/Diffusion-model-isaacsim/ur10_real_robot/ros2_ws_luca/install/ur_robot_description_cb2/share/ur_robot_description_cb2/package.sh'
[0.871s] INFO:colcon.colcon_core.shell:Creating package script '/home/luca/Stage_Lirmm/Diffusion-model-isaacsim/ur10_real_robot/ros2_ws_luca/install/ur_robot_description_cb2/share/ur_robot_description_cb2/package.bash'
[0.871s] INFO:colcon.colcon_core.shell:Creating package script '/home/luca/Stage_Lirmm/Diffusion-model-isaacsim/ur10_real_robot/ros2_ws_luca/install/ur_robot_description_cb2/share/ur_robot_description_cb2/package.zsh'
[0.872s] Level 1:colcon.colcon_core.environment:create_file_with_runtime_dependencies(/home/luca/Stage_Lirmm/Diffusion-model-isaacsim/ur10_real_robot/ros2_ws_luca/install/ur_robot_description_cb2/share/colcon-core/packages/ur_robot_description_cb2)
[0.873s] Level 1:colcon.colcon_core.environment:create_environment_scripts_only(ur_robot_description_cb2)
[0.873s] Level 1:colcon.colcon_core.environment:checking '/home/luca/Stage_Lirmm/Diffusion-model-isaacsim/ur10_real_robot/ros2_ws_luca/install/ur_robot_description_cb2' for CMake module files
[0.874s] Level 1:colcon.colcon_core.environment:checking '/home/luca/Stage_Lirmm/Diffusion-model-isaacsim/ur10_real_robot/ros2_ws_luca/install/ur_robot_description_cb2' for CMake config files
[0.874s] Level 1:colcon.colcon_core.shell:create_environment_hook('ur_robot_description_cb2', 'cmake_prefix_path')
[0.875s] INFO:colcon.colcon_core.shell:Creating environment hook '/home/luca/Stage_Lirmm/Diffusion-model-isaacsim/ur10_real_robot/ros2_ws_luca/install/ur_robot_description_cb2/share/ur_robot_description_cb2/hook/cmake_prefix_path.ps1'
[0.876s] INFO:colcon.colcon_core.shell:Creating environment descriptor '/home/luca/Stage_Lirmm/Diffusion-model-isaacsim/ur10_real_robot/ros2_ws_luca/install/ur_robot_description_cb2/share/ur_robot_description_cb2/hook/cmake_prefix_path.dsv'
[0.876s] INFO:colcon.colcon_core.shell:Creating environment hook '/home/luca/Stage_Lirmm/Diffusion-model-isaacsim/ur10_real_robot/ros2_ws_luca/install/ur_robot_description_cb2/share/ur_robot_description_cb2/hook/cmake_prefix_path.sh'
[0.877s] Level 1:colcon.colcon_core.environment:checking '/home/luca/Stage_Lirmm/Diffusion-model-isaacsim/ur10_real_robot/ros2_ws_luca/install/ur_robot_description_cb2/bin'
[0.877s] Level 1:colcon.colcon_core.environment:checking '/home/luca/Stage_Lirmm/Diffusion-model-isaacsim/ur10_real_robot/ros2_ws_luca/install/ur_robot_description_cb2/lib/pkgconfig/ur_robot_description_cb2.pc'
[0.877s] Level 1:colcon.colcon_core.environment:checking '/home/luca/Stage_Lirmm/Diffusion-model-isaacsim/ur10_real_robot/ros2_ws_luca/install/ur_robot_description_cb2/lib/python3.10/site-packages'
[0.878s] Level 1:colcon.colcon_core.environment:checking '/home/luca/Stage_Lirmm/Diffusion-model-isaacsim/ur10_real_robot/ros2_ws_luca/install/ur_robot_description_cb2/bin'
[0.878s] INFO:colcon.colcon_core.shell:Creating package script '/home/luca/Stage_Lirmm/Diffusion-model-isaacsim/ur10_real_robot/ros2_ws_luca/install/ur_robot_description_cb2/share/ur_robot_description_cb2/package.ps1'
[0.879s] INFO:colcon.colcon_core.shell:Creating package descriptor '/home/luca/Stage_Lirmm/Diffusion-model-isaacsim/ur10_real_robot/ros2_ws_luca/install/ur_robot_description_cb2/share/ur_robot_description_cb2/package.dsv'
[0.880s] INFO:colcon.colcon_core.shell:Creating package script '/home/luca/Stage_Lirmm/Diffusion-model-isaacsim/ur10_real_robot/ros2_ws_luca/install/ur_robot_description_cb2/share/ur_robot_description_cb2/package.sh'
[0.881s] INFO:colcon.colcon_core.shell:Creating package script '/home/luca/Stage_Lirmm/Diffusion-model-isaacsim/ur10_real_robot/ros2_ws_luca/install/ur_robot_description_cb2/share/ur_robot_description_cb2/package.bash'
[0.881s] INFO:colcon.colcon_core.shell:Creating package script '/home/luca/Stage_Lirmm/Diffusion-model-isaacsim/ur10_real_robot/ros2_ws_luca/install/ur_robot_description_cb2/share/ur_robot_description_cb2/package.zsh'
[0.882s] Level 1:colcon.colcon_core.environment:create_file_with_runtime_dependencies(/home/luca/Stage_Lirmm/Diffusion-model-isaacsim/ur10_real_robot/ros2_ws_luca/install/ur_robot_description_cb2/share/colcon-core/packages/ur_robot_description_cb2)
[0.883s] INFO:colcon.colcon_ros.task.ament_cmake.build:Building ROS package in '/home/luca/Stage_Lirmm/Diffusion-model-isaacsim/ur10_real_robot/ros2_ws_luca/src/ur_robot_driver_cb2' with build type 'ament_cmake'
[0.883s] INFO:colcon.colcon_cmake.task.cmake.build:Building CMake package in '/home/luca/Stage_Lirmm/Diffusion-model-isaacsim/ur10_real_robot/ros2_ws_luca/src/ur_robot_driver_cb2'
[0.883s] INFO:colcon.colcon_core.shell:Skip shell extension 'powershell' for command environment: Not usable outside of PowerShell
[0.883s] DEBUG:colcon.colcon_core.shell:Skip shell extension 'dsv' for command environment
[0.902s] DEBUG:colcon.colcon_core.event_handler.log_command:Invoking command in '/home/luca/Stage_Lirmm/Diffusion-model-isaacsim/ur10_real_robot/ros2_ws_luca/build/ur_robot_driver_cb2': CMAKE_PREFIX_PATH=/home/luca/Stage_Lirmm/Diffusion-model-isaacsim/ur10_real_robot/ros2_ws_luca/install/ur_robot_description_cb2:/home/luca/Stage_Lirmm/Diffusion-model-isaacsim/ur10_real_robot/ros2_ws_luca/install/earth_robot_moveit_config:/home/luca/Stage_Lirmm/Diffusion-model-isaacsim/ur10_real_robot/ros2_ws_luca/install/realsense2_description:/home/luca/Stage_Lirmm/Diffusion-model-isaacsim/ur10_real_robot/ros2_ws_luca/install/onrobot_rg_msgs:/home/luca/Stage_Lirmm/Diffusion-model-isaacsim/ur10_real_robot/ros2_ws_luca/install/onrobot_rg2ft_description:/home/luca/Stage_Lirmm/Diffusion-model-isaacsim/ur10_real_robot/ros2_ws_luca/install/bringup_gripper:/opt/ros/humble VIRTUAL_ENV_PROMPT=(mujoco_ros) /usr/bin/cmake --build /home/luca/Stage_Lirmm/Diffusion-model-isaacsim/ur10_real_robot/ros2_ws_luca/build/ur_robot_driver_cb2 -- -j16 -l16
[1.073s] DEBUG:colcon.colcon_core.event_handler.log_command:Invoked command in '/home/luca/Stage_Lirmm/Diffusion-model-isaacsim/ur10_real_robot/ros2_ws_luca/build/ur_robot_driver_cb2' returned '0': CMAKE_PREFIX_PATH=/home/luca/Stage_Lirmm/Diffusion-model-isaacsim/ur10_real_robot/ros2_ws_luca/install/ur_robot_description_cb2:/home/luca/Stage_Lirmm/Diffusion-model-isaacsim/ur10_real_robot/ros2_ws_luca/install/earth_robot_moveit_config:/home/luca/Stage_Lirmm/Diffusion-model-isaacsim/ur10_real_robot/ros2_ws_luca/install/realsense2_description:/home/luca/Stage_Lirmm/Diffusion-model-isaacsim/ur10_real_robot/ros2_ws_luca/install/onrobot_rg_msgs:/home/luca/Stage_Lirmm/Diffusion-model-isaacsim/ur10_real_robot/ros2_ws_luca/install/onrobot_rg2ft_description:/home/luca/Stage_Lirmm/Diffusion-model-isaacsim/ur10_real_robot/ros2_ws_luca/install/bringup_gripper:/opt/ros/humble VIRTUAL_ENV_PROMPT=(mujoco_ros) /usr/bin/cmake --build /home/luca/Stage_Lirmm/Diffusion-model-isaacsim/ur10_real_robot/ros2_ws_luca/build/ur_robot_driver_cb2 -- -j16 -l16
[1.077s] DEBUG:colcon.colcon_core.event_handler.log_command:Invoking command in '/home/luca/Stage_Lirmm/Diffusion-model-isaacsim/ur10_real_robot/ros2_ws_luca/build/ur_robot_driver_cb2': CMAKE_PREFIX_PATH=/home/luca/Stage_Lirmm/Diffusion-model-isaacsim/ur10_real_robot/ros2_ws_luca/install/ur_robot_description_cb2:/home/luca/Stage_Lirmm/Diffusion-model-isaacsim/ur10_real_robot/ros2_ws_luca/install/earth_robot_moveit_config:/home/luca/Stage_Lirmm/Diffusion-model-isaacsim/ur10_real_robot/ros2_ws_luca/install/realsense2_description:/home/luca/Stage_Lirmm/Diffusion-model-isaacsim/ur10_real_robot/ros2_ws_luca/install/onrobot_rg_msgs:/home/luca/Stage_Lirmm/Diffusion-model-isaacsim/ur10_real_robot/ros2_ws_luca/install/onrobot_rg2ft_description:/home/luca/Stage_Lirmm/Diffusion-model-isaacsim/ur10_real_robot/ros2_ws_luca/install/bringup_gripper:/opt/ros/humble VIRTUAL_ENV_PROMPT=(mujoco_ros) /usr/bin/cmake --install /home/luca/Stage_Lirmm/Diffusion-model-isaacsim/ur10_real_robot/ros2_ws_luca/build/ur_robot_driver_cb2
[1.094s] Level 1:colcon.colcon_core.environment:create_environment_scripts_only(ur_robot_driver_cb2)
[1.095s] Level 1:colcon.colcon_core.environment:checking '/home/luca/Stage_Lirmm/Diffusion-model-isaacsim/ur10_real_robot/ros2_ws_luca/install/ur_robot_driver_cb2' for CMake module files
[1.095s] DEBUG:colcon.colcon_core.event_handler.log_command:Invoked command in '/home/luca/Stage_Lirmm/Diffusion-model-isaacsim/ur10_real_robot/ros2_ws_luca/build/ur_robot_driver_cb2' returned '0': CMAKE_PREFIX_PATH=/home/luca/Stage_Lirmm/Diffusion-model-isaacsim/ur10_real_robot/ros2_ws_luca/install/ur_robot_description_cb2:/home/luca/Stage_Lirmm/Diffusion-model-isaacsim/ur10_real_robot/ros2_ws_luca/install/earth_robot_moveit_config:/home/luca/Stage_Lirmm/Diffusion-model-isaacsim/ur10_real_robot/ros2_ws_luca/install/realsense2_description:/home/luca/Stage_Lirmm/Diffusion-model-isaacsim/ur10_real_robot/ros2_ws_luca/install/onrobot_rg_msgs:/home/luca/Stage_Lirmm/Diffusion-model-isaacsim/ur10_real_robot/ros2_ws_luca/install/onrobot_rg2ft_description:/home/luca/Stage_Lirmm/Diffusion-model-isaacsim/ur10_real_robot/ros2_ws_luca/install/bringup_gripper:/opt/ros/humble VIRTUAL_ENV_PROMPT=(mujoco_ros) /usr/bin/cmake --install /home/luca/Stage_Lirmm/Diffusion-model-isaacsim/ur10_real_robot/ros2_ws_luca/build/ur_robot_driver_cb2
[1.096s] Level 1:colcon.colcon_core.environment:checking '/home/luca/Stage_Lirmm/Diffusion-model-isaacsim/ur10_real_robot/ros2_ws_luca/install/ur_robot_driver_cb2' for CMake config files
[1.096s] Level 1:colcon.colcon_core.shell:create_environment_hook('ur_robot_driver_cb2', 'cmake_prefix_path')
[1.097s] INFO:colcon.colcon_core.shell:Creating environment hook '/home/luca/Stage_Lirmm/Diffusion-model-isaacsim/ur10_real_robot/ros2_ws_luca/install/ur_robot_driver_cb2/share/ur_robot_driver_cb2/hook/cmake_prefix_path.ps1'
[1.097s] INFO:colcon.colcon_core.shell:Creating environment descriptor '/home/luca/Stage_Lirmm/Diffusion-model-isaacsim/ur10_real_robot/ros2_ws_luca/install/ur_robot_driver_cb2/share/ur_robot_driver_cb2/hook/cmake_prefix_path.dsv'
[1.098s] INFO:colcon.colcon_core.shell:Creating environment hook '/home/luca/Stage_Lirmm/Diffusion-model-isaacsim/ur10_real_robot/ros2_ws_luca/install/ur_robot_driver_cb2/share/ur_robot_driver_cb2/hook/cmake_prefix_path.sh'
[1.098s] Level 1:colcon.colcon_core.environment:checking '/home/luca/Stage_Lirmm/Diffusion-model-isaacsim/ur10_real_robot/ros2_ws_luca/install/ur_robot_driver_cb2/lib'
[1.099s] Level 1:colcon.colcon_core.shell:create_environment_hook('ur_robot_driver_cb2', 'ld_library_path_lib')
[1.099s] INFO:colcon.colcon_core.shell:Creating environment hook '/home/luca/Stage_Lirmm/Diffusion-model-isaacsim/ur10_real_robot/ros2_ws_luca/install/ur_robot_driver_cb2/share/ur_robot_driver_cb2/hook/ld_library_path_lib.ps1'
[1.099s] INFO:colcon.colcon_core.shell:Creating environment descriptor '/home/luca/Stage_Lirmm/Diffusion-model-isaacsim/ur10_real_robot/ros2_ws_luca/install/ur_robot_driver_cb2/share/ur_robot_driver_cb2/hook/ld_library_path_lib.dsv'
[1.100s] INFO:colcon.colcon_core.shell:Creating environment hook '/home/luca/Stage_Lirmm/Diffusion-model-isaacsim/ur10_real_robot/ros2_ws_luca/install/ur_robot_driver_cb2/share/ur_robot_driver_cb2/hook/ld_library_path_lib.sh'
[1.101s] Level 1:colcon.colcon_core.environment:checking '/home/luca/Stage_Lirmm/Diffusion-model-isaacsim/ur10_real_robot/ros2_ws_luca/install/ur_robot_driver_cb2/bin'
[1.101s] Level 1:colcon.colcon_core.environment:checking '/home/luca/Stage_Lirmm/Diffusion-model-isaacsim/ur10_real_robot/ros2_ws_luca/install/ur_robot_driver_cb2/lib/pkgconfig/ur_robot_driver_cb2.pc'
[1.101s] Level 1:colcon.colcon_core.environment:checking '/home/luca/Stage_Lirmm/Diffusion-model-isaacsim/ur10_real_robot/ros2_ws_luca/install/ur_robot_driver_cb2/lib/python3.10/site-packages'
[1.101s] Level 1:colcon.colcon_core.environment:checking '/home/luca/Stage_Lirmm/Diffusion-model-isaacsim/ur10_real_robot/ros2_ws_luca/install/ur_robot_driver_cb2/bin'
[1.102s] INFO:colcon.colcon_core.shell:Creating package script '/home/luca/Stage_Lirmm/Diffusion-model-isaacsim/ur10_real_robot/ros2_ws_luca/install/ur_robot_driver_cb2/share/ur_robot_driver_cb2/package.ps1'
[1.103s] INFO:colcon.colcon_core.shell:Creating package descriptor '/home/luca/Stage_Lirmm/Diffusion-model-isaacsim/ur10_real_robot/ros2_ws_luca/install/ur_robot_driver_cb2/share/ur_robot_driver_cb2/package.dsv'
[1.104s] INFO:colcon.colcon_core.shell:Creating package script '/home/luca/Stage_Lirmm/Diffusion-model-isaacsim/ur10_real_robot/ros2_ws_luca/install/ur_robot_driver_cb2/share/ur_robot_driver_cb2/package.sh'
[1.104s] INFO:colcon.colcon_core.shell:Creating package script '/home/luca/Stage_Lirmm/Diffusion-model-isaacsim/ur10_real_robot/ros2_ws_luca/install/ur_robot_driver_cb2/share/ur_robot_driver_cb2/package.bash'
[1.105s] INFO:colcon.colcon_core.shell:Creating package script '/home/luca/Stage_Lirmm/Diffusion-model-isaacsim/ur10_real_robot/ros2_ws_luca/install/ur_robot_driver_cb2/share/ur_robot_driver_cb2/package.zsh'
[1.105s] Level 1:colcon.colcon_core.environment:create_file_with_runtime_dependencies(/home/luca/Stage_Lirmm/Diffusion-model-isaacsim/ur10_real_robot/ros2_ws_luca/install/ur_robot_driver_cb2/share/colcon-core/packages/ur_robot_driver_cb2)
[1.106s] Level 1:colcon.colcon_core.environment:create_environment_scripts_only(ur_robot_driver_cb2)
[1.107s] Level 1:colcon.colcon_core.environment:checking '/home/luca/Stage_Lirmm/Diffusion-model-isaacsim/ur10_real_robot/ros2_ws_luca/install/ur_robot_driver_cb2' for CMake module files
[1.107s] Level 1:colcon.colcon_core.environment:checking '/home/luca/Stage_Lirmm/Diffusion-model-isaacsim/ur10_real_robot/ros2_ws_luca/install/ur_robot_driver_cb2' for CMake config files
[1.108s] Level 1:colcon.colcon_core.shell:create_environment_hook('ur_robot_driver_cb2', 'cmake_prefix_path')
[1.108s] INFO:colcon.colcon_core.shell:Creating environment hook '/home/luca/Stage_Lirmm/Diffusion-model-isaacsim/ur10_real_robot/ros2_ws_luca/install/ur_robot_driver_cb2/share/ur_robot_driver_cb2/hook/cmake_prefix_path.ps1'
[1.109s] INFO:colcon.colcon_core.shell:Creating environment descriptor '/home/luca/Stage_Lirmm/Diffusion-model-isaacsim/ur10_real_robot/ros2_ws_luca/install/ur_robot_driver_cb2/share/ur_robot_driver_cb2/hook/cmake_prefix_path.dsv'
[1.109s] INFO:colcon.colcon_core.shell:Creating environment hook '/home/luca/Stage_Lirmm/Diffusion-model-isaacsim/ur10_real_robot/ros2_ws_luca/install/ur_robot_driver_cb2/share/ur_robot_driver_cb2/hook/cmake_prefix_path.sh'
[1.110s] Level 1:colcon.colcon_core.environment:checking '/home/luca/Stage_Lirmm/Diffusion-model-isaacsim/ur10_real_robot/ros2_ws_luca/install/ur_robot_driver_cb2/lib'
[1.110s] Level 1:colcon.colcon_core.shell:create_environment_hook('ur_robot_driver_cb2', 'ld_library_path_lib')
[1.110s] INFO:colcon.colcon_core.shell:Creating environment hook '/home/luca/Stage_Lirmm/Diffusion-model-isaacsim/ur10_real_robot/ros2_ws_luca/install/ur_robot_driver_cb2/share/ur_robot_driver_cb2/hook/ld_library_path_lib.ps1'
[1.111s] INFO:colcon.colcon_core.shell:Creating environment descriptor '/home/luca/Stage_Lirmm/Diffusion-model-isaacsim/ur10_real_robot/ros2_ws_luca/install/ur_robot_driver_cb2/share/ur_robot_driver_cb2/hook/ld_library_path_lib.dsv'
[1.111s] INFO:colcon.colcon_core.shell:Creating environment hook '/home/luca/Stage_Lirmm/Diffusion-model-isaacsim/ur10_real_robot/ros2_ws_luca/install/ur_robot_driver_cb2/share/ur_robot_driver_cb2/hook/ld_library_path_lib.sh'
[1.112s] Level 1:colcon.colcon_core.environment:checking '/home/luca/Stage_Lirmm/Diffusion-model-isaacsim/ur10_real_robot/ros2_ws_luca/install/ur_robot_driver_cb2/bin'
[1.112s] Level 1:colcon.colcon_core.environment:checking '/home/luca/Stage_Lirmm/Diffusion-model-isaacsim/ur10_real_robot/ros2_ws_luca/install/ur_robot_driver_cb2/lib/pkgconfig/ur_robot_driver_cb2.pc'
[1.112s] Level 1:colcon.colcon_core.environment:checking '/home/luca/Stage_Lirmm/Diffusion-model-isaacsim/ur10_real_robot/ros2_ws_luca/install/ur_robot_driver_cb2/lib/python3.10/site-packages'
[1.113s] Level 1:colcon.colcon_core.environment:checking '/home/luca/Stage_Lirmm/Diffusion-model-isaacsim/ur10_real_robot/ros2_ws_luca/install/ur_robot_driver_cb2/bin'
[1.113s] INFO:colcon.colcon_core.shell:Creating package script '/home/luca/Stage_Lirmm/Diffusion-model-isaacsim/ur10_real_robot/ros2_ws_luca/install/ur_robot_driver_cb2/share/ur_robot_driver_cb2/package.ps1'
[1.115s] INFO:colcon.colcon_core.shell:Creating package descriptor '/home/luca/Stage_Lirmm/Diffusion-model-isaacsim/ur10_real_robot/ros2_ws_luca/install/ur_robot_driver_cb2/share/ur_robot_driver_cb2/package.dsv'
[1.116s] INFO:colcon.colcon_core.shell:Creating package script '/home/luca/Stage_Lirmm/Diffusion-model-isaacsim/ur10_real_robot/ros2_ws_luca/install/ur_robot_driver_cb2/share/ur_robot_driver_cb2/package.sh'
[1.117s] INFO:colcon.colcon_core.shell:Creating package script '/home/luca/Stage_Lirmm/Diffusion-model-isaacsim/ur10_real_robot/ros2_ws_luca/install/ur_robot_driver_cb2/share/ur_robot_driver_cb2/package.bash'
[1.117s] INFO:colcon.colcon_core.shell:Creating package script '/home/luca/Stage_Lirmm/Diffusion-model-isaacsim/ur10_real_robot/ros2_ws_luca/install/ur_robot_driver_cb2/share/ur_robot_driver_cb2/package.zsh'
[1.118s] Level 1:colcon.colcon_core.environment:create_file_with_runtime_dependencies(/home/luca/Stage_Lirmm/Diffusion-model-isaacsim/ur10_real_robot/ros2_ws_luca/install/ur_robot_driver_cb2/share/colcon-core/packages/ur_robot_driver_cb2)
[1.118s] INFO:colcon.colcon_ros.task.ament_cmake.build:Building ROS package in '/home/luca/Stage_Lirmm/Diffusion-model-isaacsim/ur10_real_robot/ros2_ws_luca/src/realsense-ros/realsense2_description' with build type 'ament_cmake'
[1.119s] INFO:colcon.colcon_cmake.task.cmake.build:Building CMake package in '/home/luca/Stage_Lirmm/Diffusion-model-isaacsim/ur10_real_robot/ros2_ws_luca/src/realsense-ros/realsense2_description'
[1.119s] INFO:colcon.colcon_core.shell:Skip shell extension 'powershell' for command environment: Not usable outside of PowerShell
[1.119s] DEBUG:colcon.colcon_core.shell:Skip shell extension 'dsv' for command environment
[1.143s] DEBUG:colcon.colcon_core.event_handler.log_command:Invoking command in '/home/luca/Stage_Lirmm/Diffusion-model-isaacsim/ur10_real_robot/ros2_ws_luca/build/realsense2_description': AMENT_PREFIX_PATH=/home/luca/Stage_Lirmm/Diffusion-model-isaacsim/ur10_real_robot/ros2_ws_luca/install/ur_robot_driver_cb2:${AMENT_PREFIX_PATH} CMAKE_PREFIX_PATH=/home/luca/Stage_Lirmm/Diffusion-model-isaacsim/ur10_real_robot/ros2_ws_luca/install/ur_robot_driver_cb2:/home/luca/Stage_Lirmm/Diffusion-model-isaacsim/ur10_real_robot/ros2_ws_luca/install/ur_robot_description_cb2:/home/luca/Stage_Lirmm/Diffusion-model-isaacsim/ur10_real_robot/ros2_ws_luca/install/onrobot_rg2ft_description:/home/luca/Stage_Lirmm/Diffusion-model-isaacsim/ur10_real_robot/ros2_ws_luca/install/earth_robot_moveit_config:/home/luca/Stage_Lirmm/Diffusion-model-isaacsim/ur10_real_robot/ros2_ws_luca/install/realsense2_description:/home/luca/Stage_Lirmm/Diffusion-model-isaacsim/ur10_real_robot/ros2_ws_luca/install/onrobot_rg_msgs:/home/luca/Stage_Lirmm/Diffusion-model-isaacsim/ur10_real_robot/ros2_ws_luca/install/bringup_gripper:/opt/ros/humble LD_LIBRARY_PATH=/home/luca/Stage_Lirmm/Diffusion-model-isaacsim/ur10_real_robot/ros2_ws_luca/install/ur_robot_driver_cb2/lib:${LD_LIBRARY_PATH} VIRTUAL_ENV_PROMPT=(mujoco_ros) /usr/bin/cmake --build /home/luca/Stage_Lirmm/Diffusion-model-isaacsim/ur10_real_robot/ros2_ws_luca/build/realsense2_description -- -j16 -l16
[1.210s] DEBUG:colcon.colcon_core.event_handler.log_command:Invoked command in '/home/luca/Stage_Lirmm/Diffusion-model-isaacsim/ur10_real_robot/ros2_ws_luca/build/realsense2_description' returned '0': AMENT_PREFIX_PATH=/home/luca/Stage_Lirmm/Diffusion-model-isaacsim/ur10_real_robot/ros2_ws_luca/install/ur_robot_driver_cb2:${AMENT_PREFIX_PATH} CMAKE_PREFIX_PATH=/home/luca/Stage_Lirmm/Diffusion-model-isaacsim/ur10_real_robot/ros2_ws_luca/install/ur_robot_driver_cb2:/home/luca/Stage_Lirmm/Diffusion-model-isaacsim/ur10_real_robot/ros2_ws_luca/install/ur_robot_description_cb2:/home/luca/Stage_Lirmm/Diffusion-model-isaacsim/ur10_real_robot/ros2_ws_luca/install/onrobot_rg2ft_description:/home/luca/Stage_Lirmm/Diffusion-model-isaacsim/ur10_real_robot/ros2_ws_luca/install/earth_robot_moveit_config:/home/luca/Stage_Lirmm/Diffusion-model-isaacsim/ur10_real_robot/ros2_ws_luca/install/realsense2_description:/home/luca/Stage_Lirmm/Diffusion-model-isaacsim/ur10_real_robot/ros2_ws_luca/install/onrobot_rg_msgs:/home/luca/Stage_Lirmm/Diffusion-model-isaacsim/ur10_real_robot/ros2_ws_luca/install/bringup_gripper:/opt/ros/humble LD_LIBRARY_PATH=/home/luca/Stage_Lirmm/Diffusion-model-isaacsim/ur10_real_robot/ros2_ws_luca/install/ur_robot_driver_cb2/lib:${LD_LIBRARY_PATH} VIRTUAL_ENV_PROMPT=(mujoco_ros) /usr/bin/cmake --build /home/luca/Stage_Lirmm/Diffusion-model-isaacsim/ur10_real_robot/ros2_ws_luca/build/realsense2_description -- -j16 -l16
[1.213s] DEBUG:colcon.colcon_core.event_handler.log_command:Invoking command in '/home/luca/Stage_Lirmm/Diffusion-model-isaacsim/ur10_real_robot/ros2_ws_luca/build/realsense2_description': AMENT_PREFIX_PATH=/home/luca/Stage_Lirmm/Diffusion-model-isaacsim/ur10_real_robot/ros2_ws_luca/install/ur_robot_driver_cb2:${AMENT_PREFIX_PATH} CMAKE_PREFIX_PATH=/home/luca/Stage_Lirmm/Diffusion-model-isaacsim/ur10_real_robot/ros2_ws_luca/install/ur_robot_driver_cb2:/home/luca/Stage_Lirmm/Diffusion-model-isaacsim/ur10_real_robot/ros2_ws_luca/install/ur_robot_description_cb2:/home/luca/Stage_Lirmm/Diffusion-model-isaacsim/ur10_real_robot/ros2_ws_luca/install/onrobot_rg2ft_description:/home/luca/Stage_Lirmm/Diffusion-model-isaacsim/ur10_real_robot/ros2_ws_luca/install/earth_robot_moveit_config:/home/luca/Stage_Lirmm/Diffusion-model-isaacsim/ur10_real_robot/ros2_ws_luca/install/realsense2_description:/home/luca/Stage_Lirmm/Diffusion-model-isaacsim/ur10_real_robot/ros2_ws_luca/install/onrobot_rg_msgs:/home/luca/Stage_Lirmm/Diffusion-model-isaacsim/ur10_real_robot/ros2_ws_luca/install/bringup_gripper:/opt/ros/humble LD_LIBRARY_PATH=/home/luca/Stage_Lirmm/Diffusion-model-isaacsim/ur10_real_robot/ros2_ws_luca/install/ur_robot_driver_cb2/lib:${LD_LIBRARY_PATH} VIRTUAL_ENV_PROMPT=(mujoco_ros) /usr/bin/cmake --install /home/luca/Stage_Lirmm/Diffusion-model-isaacsim/ur10_real_robot/ros2_ws_luca/build/realsense2_description
[1.231s] Level 1:colcon.colcon_core.environment:create_environment_scripts_only(realsense2_description)
[1.232s] Level 1:colcon.colcon_core.environment:checking '/home/luca/Stage_Lirmm/Diffusion-model-isaacsim/ur10_real_robot/ros2_ws_luca/install/realsense2_description' for CMake module files
[1.234s] DEBUG:colcon.colcon_core.event_handler.log_command:Invoked command in '/home/luca/Stage_Lirmm/Diffusion-model-isaacsim/ur10_real_robot/ros2_ws_luca/build/realsense2_description' returned '0': AMENT_PREFIX_PATH=/home/luca/Stage_Lirmm/Diffusion-model-isaacsim/ur10_real_robot/ros2_ws_luca/install/ur_robot_driver_cb2:${AMENT_PREFIX_PATH} CMAKE_PREFIX_PATH=/home/luca/Stage_Lirmm/Diffusion-model-isaacsim/ur10_real_robot/ros2_ws_luca/install/ur_robot_driver_cb2:/home/luca/Stage_Lirmm/Diffusion-model-isaacsim/ur10_real_robot/ros2_ws_luca/install/ur_robot_description_cb2:/home/luca/Stage_Lirmm/Diffusion-model-isaacsim/ur10_real_robot/ros2_ws_luca/install/onrobot_rg2ft_description:/home/luca/Stage_Lirmm/Diffusion-model-isaacsim/ur10_real_robot/ros2_ws_luca/install/earth_robot_moveit_config:/home/luca/Stage_Lirmm/Diffusion-model-isaacsim/ur10_real_robot/ros2_ws_luca/install/realsense2_description:/home/luca/Stage_Lirmm/Diffusion-model-isaacsim/ur10_real_robot/ros2_ws_luca/install/onrobot_rg_msgs:/home/luca/Stage_Lirmm/Diffusion-model-isaacsim/ur10_real_robot/ros2_ws_luca/install/bringup_gripper:/opt/ros/humble LD_LIBRARY_PATH=/home/luca/Stage_Lirmm/Diffusion-model-isaacsim/ur10_real_robot/ros2_ws_luca/install/ur_robot_driver_cb2/lib:${LD_LIBRARY_PATH} VIRTUAL_ENV_PROMPT=(mujoco_ros) /usr/bin/cmake --install /home/luca/Stage_Lirmm/Diffusion-model-isaacsim/ur10_real_robot/ros2_ws_luca/build/realsense2_description
[1.234s] Level 1:colcon.colcon_core.environment:checking '/home/luca/Stage_Lirmm/Diffusion-model-isaacsim/ur10_real_robot/ros2_ws_luca/install/realsense2_description' for CMake config files
[1.235s] Level 1:colcon.colcon_core.shell:create_environment_hook('realsense2_description', 'cmake_prefix_path')
[1.235s] INFO:colcon.colcon_core.shell:Creating environment hook '/home/luca/Stage_Lirmm/Diffusion-model-isaacsim/ur10_real_robot/ros2_ws_luca/install/realsense2_description/share/realsense2_description/hook/cmake_prefix_path.ps1'
[1.236s] INFO:colcon.colcon_core.shell:Creating environment descriptor '/home/luca/Stage_Lirmm/Diffusion-model-isaacsim/ur10_real_robot/ros2_ws_luca/install/realsense2_description/share/realsense2_description/hook/cmake_prefix_path.dsv'
[1.236s] INFO:colcon.colcon_core.shell:Creating environment hook '/home/luca/Stage_Lirmm/Diffusion-model-isaacsim/ur10_real_robot/ros2_ws_luca/install/realsense2_description/share/realsense2_description/hook/cmake_prefix_path.sh'
[1.237s] Level 1:colcon.colcon_core.environment:checking '/home/luca/Stage_Lirmm/Diffusion-model-isaacsim/ur10_real_robot/ros2_ws_luca/install/realsense2_description/bin'
[1.237s] Level 1:colcon.colcon_core.environment:checking '/home/luca/Stage_Lirmm/Diffusion-model-isaacsim/ur10_real_robot/ros2_ws_luca/install/realsense2_description/lib/pkgconfig/realsense2_description.pc'
[1.237s] Level 1:colcon.colcon_core.environment:checking '/home/luca/Stage_Lirmm/Diffusion-model-isaacsim/ur10_real_robot/ros2_ws_luca/install/realsense2_description/lib/python3.10/site-packages'
[1.238s] Level 1:colcon.colcon_core.environment:checking '/home/luca/Stage_Lirmm/Diffusion-model-isaacsim/ur10_real_robot/ros2_ws_luca/install/realsense2_description/bin'
[1.238s] INFO:colcon.colcon_core.shell:Creating package script '/home/luca/Stage_Lirmm/Diffusion-model-isaacsim/ur10_real_robot/ros2_ws_luca/install/realsense2_description/share/realsense2_description/package.ps1'
[1.240s] INFO:colcon.colcon_core.shell:Creating package descriptor '/home/luca/Stage_Lirmm/Diffusion-model-isaacsim/ur10_real_robot/ros2_ws_luca/install/realsense2_description/share/realsense2_description/package.dsv'
[1.241s] INFO:colcon.colcon_core.shell:Creating package script '/home/luca/Stage_Lirmm/Diffusion-model-isaacsim/ur10_real_robot/ros2_ws_luca/install/realsense2_description/share/realsense2_description/package.sh'
[1.241s] INFO:colcon.colcon_core.shell:Creating package script '/home/luca/Stage_Lirmm/Diffusion-model-isaacsim/ur10_real_robot/ros2_ws_luca/install/realsense2_description/share/realsense2_description/package.bash'
[1.242s] INFO:colcon.colcon_core.shell:Creating package script '/home/luca/Stage_Lirmm/Diffusion-model-isaacsim/ur10_real_robot/ros2_ws_luca/install/realsense2_description/share/realsense2_description/package.zsh'
[1.243s] Level 1:colcon.colcon_core.environment:create_file_with_runtime_dependencies(/home/luca/Stage_Lirmm/Diffusion-model-isaacsim/ur10_real_robot/ros2_ws_luca/install/realsense2_description/share/colcon-core/packages/realsense2_description)
[1.243s] Level 1:colcon.colcon_core.environment:create_environment_scripts_only(realsense2_description)
[1.244s] Level 1:colcon.colcon_core.environment:checking '/home/luca/Stage_Lirmm/Diffusion-model-isaacsim/ur10_real_robot/ros2_ws_luca/install/realsense2_description' for CMake module files
[1.244s] Level 1:colcon.colcon_core.environment:checking '/home/luca/Stage_Lirmm/Diffusion-model-isaacsim/ur10_real_robot/ros2_ws_luca/install/realsense2_description' for CMake config files
[1.245s] Level 1:colcon.colcon_core.shell:create_environment_hook('realsense2_description', 'cmake_prefix_path')
[1.245s] INFO:colcon.colcon_core.shell:Creating environment hook '/home/luca/Stage_Lirmm/Diffusion-model-isaacsim/ur10_real_robot/ros2_ws_luca/install/realsense2_description/share/realsense2_description/hook/cmake_prefix_path.ps1'
[1.246s] INFO:colcon.colcon_core.shell:Creating environment descriptor '/home/luca/Stage_Lirmm/Diffusion-model-isaacsim/ur10_real_robot/ros2_ws_luca/install/realsense2_description/share/realsense2_description/hook/cmake_prefix_path.dsv'
[1.246s] INFO:colcon.colcon_core.shell:Creating environment hook '/home/luca/Stage_Lirmm/Diffusion-model-isaacsim/ur10_real_robot/ros2_ws_luca/install/realsense2_description/share/realsense2_description/hook/cmake_prefix_path.sh'
[1.247s] Level 1:colcon.colcon_core.environment:checking '/home/luca/Stage_Lirmm/Diffusion-model-isaacsim/ur10_real_robot/ros2_ws_luca/install/realsense2_description/bin'
[1.247s] Level 1:colcon.colcon_core.environment:checking '/home/luca/Stage_Lirmm/Diffusion-model-isaacsim/ur10_real_robot/ros2_ws_luca/install/realsense2_description/lib/pkgconfig/realsense2_description.pc'
[1.247s] Level 1:colcon.colcon_core.environment:checking '/home/luca/Stage_Lirmm/Diffusion-model-isaacsim/ur10_real_robot/ros2_ws_luca/install/realsense2_description/lib/python3.10/site-packages'
[1.247s] Level 1:colcon.colcon_core.environment:checking '/home/luca/Stage_Lirmm/Diffusion-model-isaacsim/ur10_real_robot/ros2_ws_luca/install/realsense2_description/bin'
[1.248s] INFO:colcon.colcon_core.shell:Creating package script '/home/luca/Stage_Lirmm/Diffusion-model-isaacsim/ur10_real_robot/ros2_ws_luca/install/realsense2_description/share/realsense2_description/package.ps1'
[1.249s] INFO:colcon.colcon_core.shell:Creating package descriptor '/home/luca/Stage_Lirmm/Diffusion-model-isaacsim/ur10_real_robot/ros2_ws_luca/install/realsense2_description/share/realsense2_description/package.dsv'
[1.249s] INFO:colcon.colcon_core.shell:Creating package script '/home/luca/Stage_Lirmm/Diffusion-model-isaacsim/ur10_real_robot/ros2_ws_luca/install/realsense2_description/share/realsense2_description/package.sh'
[1.250s] INFO:colcon.colcon_core.shell:Creating package script '/home/luca/Stage_Lirmm/Diffusion-model-isaacsim/ur10_real_robot/ros2_ws_luca/install/realsense2_description/share/realsense2_description/package.bash'
[1.250s] INFO:colcon.colcon_core.shell:Creating package script '/home/luca/Stage_Lirmm/Diffusion-model-isaacsim/ur10_real_robot/ros2_ws_luca/install/realsense2_description/share/realsense2_description/package.zsh'
[1.251s] Level 1:colcon.colcon_core.environment:create_file_with_runtime_dependencies(/home/luca/Stage_Lirmm/Diffusion-model-isaacsim/ur10_real_robot/ros2_ws_luca/install/realsense2_description/share/colcon-core/packages/realsense2_description)
[1.254s] DEBUG:colcon.colcon_core.event_handler.log_command:Invoked command in '/home/luca/Stage_Lirmm/Diffusion-model-isaacsim/ur10_real_robot/ros2_ws_luca/build/onrobot_rg_msgs' returned '0': CMAKE_PREFIX_PATH=${CMAKE_PREFIX_PATH}:/home/luca/Stage_Lirmm/Diffusion-model-isaacsim/ur10_real_robot/ros2_ws_luca/install/bringup_gripper:/opt/ros/humble VIRTUAL_ENV_PROMPT=(mujoco_ros) /usr/bin/cmake --build /home/luca/Stage_Lirmm/Diffusion-model-isaacsim/ur10_real_robot/ros2_ws_luca/build/onrobot_rg_msgs -- -j16 -l16
[1.255s] DEBUG:colcon.colcon_core.event_handler.log_command:Invoking command in '/home/luca/Stage_Lirmm/Diffusion-model-isaacsim/ur10_real_robot/ros2_ws_luca/build/onrobot_rg_msgs': CMAKE_PREFIX_PATH=${CMAKE_PREFIX_PATH}:/home/luca/Stage_Lirmm/Diffusion-model-isaacsim/ur10_real_robot/ros2_ws_luca/install/bringup_gripper:/opt/ros/humble VIRTUAL_ENV_PROMPT=(mujoco_ros) /usr/bin/cmake --install /home/luca/Stage_Lirmm/Diffusion-model-isaacsim/ur10_real_robot/ros2_ws_luca/build/onrobot_rg_msgs
[1.334s] Level 1:colcon.colcon_core.environment:create_environment_scripts_only(onrobot_rg_msgs)
[1.335s] Level 1:colcon.colcon_core.environment:checking '/home/luca/Stage_Lirmm/Diffusion-model-isaacsim/ur10_real_robot/ros2_ws_luca/install/onrobot_rg_msgs' for CMake module files
[1.335s] DEBUG:colcon.colcon_core.event_handler.log_command:Invoked command in '/home/luca/Stage_Lirmm/Diffusion-model-isaacsim/ur10_real_robot/ros2_ws_luca/build/onrobot_rg_msgs' returned '0': CMAKE_PREFIX_PATH=${CMAKE_PREFIX_PATH}:/home/luca/Stage_Lirmm/Diffusion-model-isaacsim/ur10_real_robot/ros2_ws_luca/install/bringup_gripper:/opt/ros/humble VIRTUAL_ENV_PROMPT=(mujoco_ros) /usr/bin/cmake --install /home/luca/Stage_Lirmm/Diffusion-model-isaacsim/ur10_real_robot/ros2_ws_luca/build/onrobot_rg_msgs
[1.336s] Level 1:colcon.colcon_core.environment:checking '/home/luca/Stage_Lirmm/Diffusion-model-isaacsim/ur10_real_robot/ros2_ws_luca/install/onrobot_rg_msgs' for CMake config files
[1.337s] Level 1:colcon.colcon_core.shell:create_environment_hook('onrobot_rg_msgs', 'cmake_prefix_path')
[1.337s] INFO:colcon.colcon_core.shell:Creating environment hook '/home/luca/Stage_Lirmm/Diffusion-model-isaacsim/ur10_real_robot/ros2_ws_luca/install/onrobot_rg_msgs/share/onrobot_rg_msgs/hook/cmake_prefix_path.ps1'
[1.337s] INFO:colcon.colcon_core.shell:Creating environment descriptor '/home/luca/Stage_Lirmm/Diffusion-model-isaacsim/ur10_real_robot/ros2_ws_luca/install/onrobot_rg_msgs/share/onrobot_rg_msgs/hook/cmake_prefix_path.dsv'
[1.338s] INFO:colcon.colcon_core.shell:Creating environment hook '/home/luca/Stage_Lirmm/Diffusion-model-isaacsim/ur10_real_robot/ros2_ws_luca/install/onrobot_rg_msgs/share/onrobot_rg_msgs/hook/cmake_prefix_path.sh'
[1.339s] Level 1:colcon.colcon_core.environment:checking '/home/luca/Stage_Lirmm/Diffusion-model-isaacsim/ur10_real_robot/ros2_ws_luca/install/onrobot_rg_msgs/lib'
[1.339s] Level 1:colcon.colcon_core.shell:create_environment_hook('onrobot_rg_msgs', 'ld_library_path_lib')
[1.339s] INFO:colcon.colcon_core.shell:Creating environment hook '/home/luca/Stage_Lirmm/Diffusion-model-isaacsim/ur10_real_robot/ros2_ws_luca/install/onrobot_rg_msgs/share/onrobot_rg_msgs/hook/ld_library_path_lib.ps1'
[1.340s] INFO:colcon.colcon_core.shell:Creating environment descriptor '/home/luca/Stage_Lirmm/Diffusion-model-isaacsim/ur10_real_robot/ros2_ws_luca/install/onrobot_rg_msgs/share/onrobot_rg_msgs/hook/ld_library_path_lib.dsv'
[1.340s] INFO:colcon.colcon_core.shell:Creating environment hook '/home/luca/Stage_Lirmm/Diffusion-model-isaacsim/ur10_real_robot/ros2_ws_luca/install/onrobot_rg_msgs/share/onrobot_rg_msgs/hook/ld_library_path_lib.sh'
[1.341s] Level 1:colcon.colcon_core.environment:checking '/home/luca/Stage_Lirmm/Diffusion-model-isaacsim/ur10_real_robot/ros2_ws_luca/install/onrobot_rg_msgs/bin'
[1.341s] Level 1:colcon.colcon_core.environment:checking '/home/luca/Stage_Lirmm/Diffusion-model-isaacsim/ur10_real_robot/ros2_ws_luca/install/onrobot_rg_msgs/lib/pkgconfig/onrobot_rg_msgs.pc'
[1.342s] Level 1:colcon.colcon_core.environment:checking '/home/luca/Stage_Lirmm/Diffusion-model-isaacsim/ur10_real_robot/ros2_ws_luca/install/onrobot_rg_msgs/lib/python3.10/site-packages'
[1.342s] Level 1:colcon.colcon_core.shell:create_environment_hook('onrobot_rg_msgs', 'pythonpath')
[1.342s] INFO:colcon.colcon_core.shell:Creating environment hook '/home/luca/Stage_Lirmm/Diffusion-model-isaacsim/ur10_real_robot/ros2_ws_luca/install/onrobot_rg_msgs/share/onrobot_rg_msgs/hook/pythonpath.ps1'
[1.343s] INFO:colcon.colcon_core.shell:Creating environment descriptor '/home/luca/Stage_Lirmm/Diffusion-model-isaacsim/ur10_real_robot/ros2_ws_luca/install/onrobot_rg_msgs/share/onrobot_rg_msgs/hook/pythonpath.dsv'
[1.343s] INFO:colcon.colcon_core.shell:Creating environment hook '/home/luca/Stage_Lirmm/Diffusion-model-isaacsim/ur10_real_robot/ros2_ws_luca/install/onrobot_rg_msgs/share/onrobot_rg_msgs/hook/pythonpath.sh'
[1.344s] Level 1:colcon.colcon_core.environment:checking '/home/luca/Stage_Lirmm/Diffusion-model-isaacsim/ur10_real_robot/ros2_ws_luca/install/onrobot_rg_msgs/bin'
[1.345s] INFO:colcon.colcon_core.shell:Creating package script '/home/luca/Stage_Lirmm/Diffusion-model-isaacsim/ur10_real_robot/ros2_ws_luca/install/onrobot_rg_msgs/share/onrobot_rg_msgs/package.ps1'
[1.345s] INFO:colcon.colcon_core.shell:Creating package descriptor '/home/luca/Stage_Lirmm/Diffusion-model-isaacsim/ur10_real_robot/ros2_ws_luca/install/onrobot_rg_msgs/share/onrobot_rg_msgs/package.dsv'
[1.346s] INFO:colcon.colcon_core.shell:Creating package script '/home/luca/Stage_Lirmm/Diffusion-model-isaacsim/ur10_real_robot/ros2_ws_luca/install/onrobot_rg_msgs/share/onrobot_rg_msgs/package.sh'
[1.347s] INFO:colcon.colcon_core.shell:Creating package script '/home/luca/Stage_Lirmm/Diffusion-model-isaacsim/ur10_real_robot/ros2_ws_luca/install/onrobot_rg_msgs/share/onrobot_rg_msgs/package.bash'
[1.347s] INFO:colcon.colcon_core.shell:Creating package script '/home/luca/Stage_Lirmm/Diffusion-model-isaacsim/ur10_real_robot/ros2_ws_luca/install/onrobot_rg_msgs/share/onrobot_rg_msgs/package.zsh'
[1.348s] Level 1:colcon.colcon_core.environment:create_file_with_runtime_dependencies(/home/luca/Stage_Lirmm/Diffusion-model-isaacsim/ur10_real_robot/ros2_ws_luca/install/onrobot_rg_msgs/share/colcon-core/packages/onrobot_rg_msgs)
[1.349s] Level 1:colcon.colcon_core.environment:create_environment_scripts_only(onrobot_rg_msgs)
[1.349s] Level 1:colcon.colcon_core.environment:checking '/home/luca/Stage_Lirmm/Diffusion-model-isaacsim/ur10_real_robot/ros2_ws_luca/install/onrobot_rg_msgs' for CMake module files
[1.350s] Level 1:colcon.colcon_core.environment:checking '/home/luca/Stage_Lirmm/Diffusion-model-isaacsim/ur10_real_robot/ros2_ws_luca/install/onrobot_rg_msgs' for CMake config files
[1.350s] Level 1:colcon.colcon_core.shell:create_environment_hook('onrobot_rg_msgs', 'cmake_prefix_path')
[1.351s] INFO:colcon.colcon_core.shell:Creating environment hook '/home/luca/Stage_Lirmm/Diffusion-model-isaacsim/ur10_real_robot/ros2_ws_luca/install/onrobot_rg_msgs/share/onrobot_rg_msgs/hook/cmake_prefix_path.ps1'
[1.351s] INFO:colcon.colcon_core.shell:Creating environment descriptor '/home/luca/Stage_Lirmm/Diffusion-model-isaacsim/ur10_real_robot/ros2_ws_luca/install/onrobot_rg_msgs/share/onrobot_rg_msgs/hook/cmake_prefix_path.dsv'
[1.352s] INFO:colcon.colcon_core.shell:Creating environment hook '/home/luca/Stage_Lirmm/Diffusion-model-isaacsim/ur10_real_robot/ros2_ws_luca/install/onrobot_rg_msgs/share/onrobot_rg_msgs/hook/cmake_prefix_path.sh'
[1.353s] Level 1:colcon.colcon_core.environment:checking '/home/luca/Stage_Lirmm/Diffusion-model-isaacsim/ur10_real_robot/ros2_ws_luca/install/onrobot_rg_msgs/lib'
[1.353s] Level 1:colcon.colcon_core.shell:create_environment_hook('onrobot_rg_msgs', 'ld_library_path_lib')
[1.353s] INFO:colcon.colcon_core.shell:Creating environment hook '/home/luca/Stage_Lirmm/Diffusion-model-isaacsim/ur10_real_robot/ros2_ws_luca/install/onrobot_rg_msgs/share/onrobot_rg_msgs/hook/ld_library_path_lib.ps1'
[1.353s] INFO:colcon.colcon_core.shell:Creating environment descriptor '/home/luca/Stage_Lirmm/Diffusion-model-isaacsim/ur10_real_robot/ros2_ws_luca/install/onrobot_rg_msgs/share/onrobot_rg_msgs/hook/ld_library_path_lib.dsv'
[1.354s] INFO:colcon.colcon_core.shell:Creating environment hook '/home/luca/Stage_Lirmm/Diffusion-model-isaacsim/ur10_real_robot/ros2_ws_luca/install/onrobot_rg_msgs/share/onrobot_rg_msgs/hook/ld_library_path_lib.sh'
[1.354s] Level 1:colcon.colcon_core.environment:checking '/home/luca/Stage_Lirmm/Diffusion-model-isaacsim/ur10_real_robot/ros2_ws_luca/install/onrobot_rg_msgs/bin'
[1.354s] Level 1:colcon.colcon_core.environment:checking '/home/luca/Stage_Lirmm/Diffusion-model-isaacsim/ur10_real_robot/ros2_ws_luca/install/onrobot_rg_msgs/lib/pkgconfig/onrobot_rg_msgs.pc'
[1.355s] Level 1:colcon.colcon_core.environment:checking '/home/luca/Stage_Lirmm/Diffusion-model-isaacsim/ur10_real_robot/ros2_ws_luca/install/onrobot_rg_msgs/lib/python3.10/site-packages'
[1.355s] Level 1:colcon.colcon_core.shell:create_environment_hook('onrobot_rg_msgs', 'pythonpath')
[1.355s] INFO:colcon.colcon_core.shell:Creating environment hook '/home/luca/Stage_Lirmm/Diffusion-model-isaacsim/ur10_real_robot/ros2_ws_luca/install/onrobot_rg_msgs/share/onrobot_rg_msgs/hook/pythonpath.ps1'
[1.356s] INFO:colcon.colcon_core.shell:Creating environment descriptor '/home/luca/Stage_Lirmm/Diffusion-model-isaacsim/ur10_real_robot/ros2_ws_luca/install/onrobot_rg_msgs/share/onrobot_rg_msgs/hook/pythonpath.dsv'
[1.356s] INFO:colcon.colcon_core.shell:Creating environment hook '/home/luca/Stage_Lirmm/Diffusion-model-isaacsim/ur10_real_robot/ros2_ws_luca/install/onrobot_rg_msgs/share/onrobot_rg_msgs/hook/pythonpath.sh'
[1.358s] Level 1:colcon.colcon_core.environment:checking '/home/luca/Stage_Lirmm/Diffusion-model-isaacsim/ur10_real_robot/ros2_ws_luca/install/onrobot_rg_msgs/bin'
[1.359s] INFO:colcon.colcon_core.shell:Creating package script '/home/luca/Stage_Lirmm/Diffusion-model-isaacsim/ur10_real_robot/ros2_ws_luca/install/onrobot_rg_msgs/share/onrobot_rg_msgs/package.ps1'
[1.360s] INFO:colcon.colcon_core.shell:Creating package descriptor '/home/luca/Stage_Lirmm/Diffusion-model-isaacsim/ur10_real_robot/ros2_ws_luca/install/onrobot_rg_msgs/share/onrobot_rg_msgs/package.dsv'
[1.361s] INFO:colcon.colcon_core.shell:Creating package script '/home/luca/Stage_Lirmm/Diffusion-model-isaacsim/ur10_real_robot/ros2_ws_luca/install/onrobot_rg_msgs/share/onrobot_rg_msgs/package.sh'
[1.362s] INFO:colcon.colcon_core.shell:Creating package script '/home/luca/Stage_Lirmm/Diffusion-model-isaacsim/ur10_real_robot/ros2_ws_luca/install/onrobot_rg_msgs/share/onrobot_rg_msgs/package.bash'
[1.363s] INFO:colcon.colcon_core.shell:Creating package script '/home/luca/Stage_Lirmm/Diffusion-model-isaacsim/ur10_real_robot/ros2_ws_luca/install/onrobot_rg_msgs/share/onrobot_rg_msgs/package.zsh'
[1.364s] Level 1:colcon.colcon_core.environment:create_file_with_runtime_dependencies(/home/luca/Stage_Lirmm/Diffusion-model-isaacsim/ur10_real_robot/ros2_ws_luca/install/onrobot_rg_msgs/share/colcon-core/packages/onrobot_rg_msgs)
[1.364s] INFO:colcon.colcon_ros.task.ament_python.build:Building ROS package in '/home/luca/Stage_Lirmm/Diffusion-model-isaacsim/ur10_real_robot/ros2_ws_luca/src/bringup_gripper' with build type 'ament_python'
[1.364s] Level 1:colcon.colcon_core.shell:create_environment_hook('bringup_gripper', 'ament_prefix_path')
[1.365s] INFO:colcon.colcon_core.shell:Creating environment hook '/home/luca/Stage_Lirmm/Diffusion-model-isaacsim/ur10_real_robot/ros2_ws_luca/install/bringup_gripper/share/bringup_gripper/hook/ament_prefix_path.ps1'
[1.366s] INFO:colcon.colcon_core.shell:Creating environment descriptor '/home/luca/Stage_Lirmm/Diffusion-model-isaacsim/ur10_real_robot/ros2_ws_luca/install/bringup_gripper/share/bringup_gripper/hook/ament_prefix_path.dsv'
[1.367s] INFO:colcon.colcon_core.shell:Creating environment hook '/home/luca/Stage_Lirmm/Diffusion-model-isaacsim/ur10_real_robot/ros2_ws_luca/install/bringup_gripper/share/bringup_gripper/hook/ament_prefix_path.sh'
[1.368s] INFO:colcon.colcon_core.shell:Skip shell extension 'powershell' for command environment: Not usable outside of PowerShell
[1.368s] DEBUG:colcon.colcon_core.shell:Skip shell extension 'dsv' for command environment
[1.789s] INFO:colcon.colcon_core.task.python.build:Building Python package in '/home/luca/Stage_Lirmm/Diffusion-model-isaacsim/ur10_real_robot/ros2_ws_luca/src/bringup_gripper'
[1.790s] INFO:colcon.colcon_core.shell:Skip shell extension 'powershell' for command environment: Not usable outside of PowerShell
[1.790s] DEBUG:colcon.colcon_core.shell:Skip shell extension 'dsv' for command environment
[2.412s] DEBUG:colcon.colcon_core.event_handler.log_command:Invoking command in '/home/luca/Stage_Lirmm/Diffusion-model-isaacsim/ur10_real_robot/ros2_ws_luca/src/bringup_gripper': CMAKE_PREFIX_PATH=/home/luca/Stage_Lirmm/Diffusion-model-isaacsim/ur10_real_robot/ros2_ws_luca/install/onrobot_rg_msgs:/home/luca/Stage_Lirmm/Diffusion-model-isaacsim/ur10_real_robot/ros2_ws_luca/install/earth_robot_moveit_config:/home/luca/Stage_Lirmm/Diffusion-model-isaacsim/ur10_real_robot/ros2_ws_luca/install/realsense2_description:/home/luca/Stage_Lirmm/Diffusion-model-isaacsim/ur10_real_robot/ros2_ws_luca/install/ur_robot_description_cb2:/home/luca/Stage_Lirmm/Diffusion-model-isaacsim/ur10_real_robot/ros2_ws_luca/install/onrobot_rg2ft_description PYTHONPATH=/home/luca/Stage_Lirmm/Diffusion-model-isaacsim/ur10_real_robot/ros2_ws_luca/build/bringup_gripper/prefix_override:/usr/lib/python3/dist-packages/colcon_core/task/python/colcon_distutils_commands:/home/luca/Stage_Lirmm/Diffusion-model-isaacsim/ur10_real_robot/ros2_ws_luca/install/bringup_gripper/lib/python3.10/site-packages:/home/luca/Stage_Lirmm/Diffusion-model-isaacsim/ur10_real_robot/ros2_ws_luca/install/onrobot_rg_msgs/lib/python3.10/site-packages:/home/luca/Stage_Lirmm/Diffusion-model-isaacsim/ur10_real_robot/ros2_ws_luca/install/bringup_gripper/lib/python3.10/site-packages:/opt/ros/humble/lib/python3.10/site-packages:/opt/ros/humble/local/lib/python3.10/dist-packages VIRTUAL_ENV_PROMPT=(mujoco_ros) /usr/bin/python3 -W ignore:setup.py install is deprecated -W ignore:easy_install command is deprecated setup.py egg_info --egg-base ../../build/bringup_gripper build --build-base /home/luca/Stage_Lirmm/Diffusion-model-isaacsim/ur10_real_robot/ros2_ws_luca/build/bringup_gripper/build install --record /home/luca/Stage_Lirmm/Diffusion-model-isaacsim/ur10_real_robot/ros2_ws_luca/build/bringup_gripper/install.log --single-version-externally-managed install_data
[2.864s] Level 1:colcon.colcon_core.environment:checking '/home/luca/Stage_Lirmm/Diffusion-model-isaacsim/ur10_real_robot/ros2_ws_luca/install/bringup_gripper' for CMake module files
[2.865s] DEBUG:colcon.colcon_core.event_handler.log_command:Invoked command in '/home/luca/Stage_Lirmm/Diffusion-model-isaacsim/ur10_real_robot/ros2_ws_luca/src/bringup_gripper' returned '0': CMAKE_PREFIX_PATH=/home/luca/Stage_Lirmm/Diffusion-model-isaacsim/ur10_real_robot/ros2_ws_luca/install/onrobot_rg_msgs:/home/luca/Stage_Lirmm/Diffusion-model-isaacsim/ur10_real_robot/ros2_ws_luca/install/earth_robot_moveit_config:/home/luca/Stage_Lirmm/Diffusion-model-isaacsim/ur10_real_robot/ros2_ws_luca/install/realsense2_description:/home/luca/Stage_Lirmm/Diffusion-model-isaacsim/ur10_real_robot/ros2_ws_luca/install/ur_robot_description_cb2:/home/luca/Stage_Lirmm/Diffusion-model-isaacsim/ur10_real_robot/ros2_ws_luca/install/onrobot_rg2ft_description PYTHONPATH=/home/luca/Stage_Lirmm/Diffusion-model-isaacsim/ur10_real_robot/ros2_ws_luca/build/bringup_gripper/prefix_override:/usr/lib/python3/dist-packages/colcon_core/task/python/colcon_distutils_commands:/home/luca/Stage_Lirmm/Diffusion-model-isaacsim/ur10_real_robot/ros2_ws_luca/install/bringup_gripper/lib/python3.10/site-packages:/home/luca/Stage_Lirmm/Diffusion-model-isaacsim/ur10_real_robot/ros2_ws_luca/install/onrobot_rg_msgs/lib/python3.10/site-packages:/home/luca/Stage_Lirmm/Diffusion-model-isaacsim/ur10_real_robot/ros2_ws_luca/install/bringup_gripper/lib/python3.10/site-packages:/opt/ros/humble/lib/python3.10/site-packages:/opt/ros/humble/local/lib/python3.10/dist-packages VIRTUAL_ENV_PROMPT=(mujoco_ros) /usr/bin/python3 -W ignore:setup.py install is deprecated -W ignore:easy_install command is deprecated setup.py egg_info --egg-base ../../build/bringup_gripper build --build-base /home/luca/Stage_Lirmm/Diffusion-model-isaacsim/ur10_real_robot/ros2_ws_luca/build/bringup_gripper/build install --record /home/luca/Stage_Lirmm/Diffusion-model-isaacsim/ur10_real_robot/ros2_ws_luca/build/bringup_gripper/install.log --single-version-externally-managed install_data
[2.866s] Level 1:colcon.colcon_core.environment:checking '/home/luca/Stage_Lirmm/Diffusion-model-isaacsim/ur10_real_robot/ros2_ws_luca/install/bringup_gripper' for CMake config files
[2.867s] Level 1:colcon.colcon_core.environment:checking '/home/luca/Stage_Lirmm/Diffusion-model-isaacsim/ur10_real_robot/ros2_ws_luca/install/bringup_gripper/lib'
[2.867s] Level 1:colcon.colcon_core.environment:checking '/home/luca/Stage_Lirmm/Diffusion-model-isaacsim/ur10_real_robot/ros2_ws_luca/install/bringup_gripper/bin'
[2.867s] Level 1:colcon.colcon_core.environment:checking '/home/luca/Stage_Lirmm/Diffusion-model-isaacsim/ur10_real_robot/ros2_ws_luca/install/bringup_gripper/lib/pkgconfig/bringup_gripper.pc'
[2.867s] Level 1:colcon.colcon_core.environment:checking '/home/luca/Stage_Lirmm/Diffusion-model-isaacsim/ur10_real_robot/ros2_ws_luca/install/bringup_gripper/lib/python3.10/site-packages'
[2.867s] Level 1:colcon.colcon_core.shell:create_environment_hook('bringup_gripper', 'pythonpath')
[2.868s] INFO:colcon.colcon_core.shell:Creating environment hook '/home/luca/Stage_Lirmm/Diffusion-model-isaacsim/ur10_real_robot/ros2_ws_luca/install/bringup_gripper/share/bringup_gripper/hook/pythonpath.ps1'
[2.868s] INFO:colcon.colcon_core.shell:Creating environment descriptor '/home/luca/Stage_Lirmm/Diffusion-model-isaacsim/ur10_real_robot/ros2_ws_luca/install/bringup_gripper/share/bringup_gripper/hook/pythonpath.dsv'
[2.869s] INFO:colcon.colcon_core.shell:Creating environment hook '/home/luca/Stage_Lirmm/Diffusion-model-isaacsim/ur10_real_robot/ros2_ws_luca/install/bringup_gripper/share/bringup_gripper/hook/pythonpath.sh'
[2.869s] Level 1:colcon.colcon_core.environment:checking '/home/luca/Stage_Lirmm/Diffusion-model-isaacsim/ur10_real_robot/ros2_ws_luca/install/bringup_gripper/bin'
[2.870s] Level 1:colcon.colcon_core.environment:create_environment_scripts_only(bringup_gripper)
[2.870s] INFO:colcon.colcon_core.shell:Creating package script '/home/luca/Stage_Lirmm/Diffusion-model-isaacsim/ur10_real_robot/ros2_ws_luca/install/bringup_gripper/share/bringup_gripper/package.ps1'
[2.871s] INFO:colcon.colcon_core.shell:Creating package descriptor '/home/luca/Stage_Lirmm/Diffusion-model-isaacsim/ur10_real_robot/ros2_ws_luca/install/bringup_gripper/share/bringup_gripper/package.dsv'
[2.871s] INFO:colcon.colcon_core.shell:Creating package script '/home/luca/Stage_Lirmm/Diffusion-model-isaacsim/ur10_real_robot/ros2_ws_luca/install/bringup_gripper/share/bringup_gripper/package.sh'
[2.872s] INFO:colcon.colcon_core.shell:Creating package script '/home/luca/Stage_Lirmm/Diffusion-model-isaacsim/ur10_real_robot/ros2_ws_luca/install/bringup_gripper/share/bringup_gripper/package.bash'
[2.873s] INFO:colcon.colcon_core.shell:Creating package script '/home/luca/Stage_Lirmm/Diffusion-model-isaacsim/ur10_real_robot/ros2_ws_luca/install/bringup_gripper/share/bringup_gripper/package.zsh'
[2.873s] Level 1:colcon.colcon_core.environment:create_file_with_runtime_dependencies(/home/luca/Stage_Lirmm/Diffusion-model-isaacsim/ur10_real_robot/ros2_ws_luca/install/bringup_gripper/share/colcon-core/packages/bringup_gripper)
[2.874s] INFO:colcon.colcon_ros.task.ament_cmake.build:Building ROS package in '/home/luca/Stage_Lirmm/Diffusion-model-isaacsim/ur10_real_robot/ros2_ws_luca/src/earth_robot_moveit_config' with build type 'ament_cmake'
[2.875s] INFO:colcon.colcon_cmake.task.cmake.build:Building CMake package in '/home/luca/Stage_Lirmm/Diffusion-model-isaacsim/ur10_real_robot/ros2_ws_luca/src/earth_robot_moveit_config'
[2.875s] INFO:colcon.colcon_core.shell:Skip shell extension 'powershell' for command environment: Not usable outside of PowerShell
[2.875s] DEBUG:colcon.colcon_core.shell:Skip shell extension 'dsv' for command environment
[2.906s] DEBUG:colcon.colcon_core.event_handler.log_command:Invoking command in '/home/luca/Stage_Lirmm/Diffusion-model-isaacsim/ur10_real_robot/ros2_ws_luca/build/earth_robot_moveit_config': AMENT_PREFIX_PATH=/home/luca/Stage_Lirmm/Diffusion-model-isaacsim/ur10_real_robot/ros2_ws_luca/install/ur_robot_driver_cb2:/home/luca/Stage_Lirmm/Diffusion-model-isaacsim/ur10_real_robot/ros2_ws_luca/install/bringup_gripper:/home/luca/Stage_Lirmm/Diffusion-model-isaacsim/ur10_real_robot/ros2_ws_luca/install/earth_robot_moveit_config:/home/luca/Stage_Lirmm/Diffusion-model-isaacsim/ur10_real_robot/ros2_ws_luca/install/realsense2_description:/home/luca/Stage_Lirmm/Diffusion-model-isaacsim/ur10_real_robot/ros2_ws_luca/install/ur_robot_description_cb2:/home/luca/Stage_Lirmm/Diffusion-model-isaacsim/ur10_real_robot/ros2_ws_luca/install/onrobot_rg_msgs:/home/luca/Stage_Lirmm/Diffusion-model-isaacsim/ur10_real_robot/ros2_ws_luca/install/onrobot_rg2ft_description:/opt/ros/humble CMAKE_PREFIX_PATH=/home/luca/Stage_Lirmm/Diffusion-model-isaacsim/ur10_real_robot/ros2_ws_luca/install/realsense2_description:/home/luca/Stage_Lirmm/Diffusion-model-isaacsim/ur10_real_robot/ros2_ws_luca/install/ur_robot_driver_cb2:/home/luca/Stage_Lirmm/Diffusion-model-isaacsim/ur10_real_robot/ros2_ws_luca/install/ur_robot_description_cb2:/home/luca/Stage_Lirmm/Diffusion-model-isaacsim/ur10_real_robot/ros2_ws_luca/install/onrobot_rg_msgs:/home/luca/Stage_Lirmm/Diffusion-model-isaacsim/ur10_real_robot/ros2_ws_luca/install/onrobot_rg2ft_description:/home/luca/Stage_Lirmm/Diffusion-model-isaacsim/ur10_real_robot/ros2_ws_luca/install/earth_robot_moveit_config:/home/luca/Stage_Lirmm/Diffusion-model-isaacsim/ur10_real_robot/ros2_ws_luca/install/bringup_gripper:/opt/ros/humble LD_LIBRARY_PATH=/home/luca/Stage_Lirmm/Diffusion-model-isaacsim/ur10_real_robot/ros2_ws_luca/install/ur_robot_driver_cb2/lib:${LD_LIBRARY_PATH} VIRTUAL_ENV_PROMPT=(mujoco_ros) /usr/bin/cmake --build /home/luca/Stage_Lirmm/Diffusion-model-isaacsim/ur10_real_robot/ros2_ws_luca/build/earth_robot_moveit_config -- -j16 -l16
[2.975s] DEBUG:colcon.colcon_core.event_handler.log_command:Invoked command in '/home/luca/Stage_Lirmm/Diffusion-model-isaacsim/ur10_real_robot/ros2_ws_luca/build/earth_robot_moveit_config' returned '0': AMENT_PREFIX_PATH=/home/luca/Stage_Lirmm/Diffusion-model-isaacsim/ur10_real_robot/ros2_ws_luca/install/ur_robot_driver_cb2:/home/luca/Stage_Lirmm/Diffusion-model-isaacsim/ur10_real_robot/ros2_ws_luca/install/bringup_gripper:/home/luca/Stage_Lirmm/Diffusion-model-isaacsim/ur10_real_robot/ros2_ws_luca/install/earth_robot_moveit_config:/home/luca/Stage_Lirmm/Diffusion-model-isaacsim/ur10_real_robot/ros2_ws_luca/install/realsense2_description:/home/luca/Stage_Lirmm/Diffusion-model-isaacsim/ur10_real_robot/ros2_ws_luca/install/ur_robot_description_cb2:/home/luca/Stage_Lirmm/Diffusion-model-isaacsim/ur10_real_robot/ros2_ws_luca/install/onrobot_rg_msgs:/home/luca/Stage_Lirmm/Diffusion-model-isaacsim/ur10_real_robot/ros2_ws_luca/install/onrobot_rg2ft_description:/opt/ros/humble CMAKE_PREFIX_PATH=/home/luca/Stage_Lirmm/Diffusion-model-isaacsim/ur10_real_robot/ros2_ws_luca/install/realsense2_description:/home/luca/Stage_Lirmm/Diffusion-model-isaacsim/ur10_real_robot/ros2_ws_luca/install/ur_robot_driver_cb2:/home/luca/Stage_Lirmm/Diffusion-model-isaacsim/ur10_real_robot/ros2_ws_luca/install/ur_robot_description_cb2:/home/luca/Stage_Lirmm/Diffusion-model-isaacsim/ur10_real_robot/ros2_ws_luca/install/onrobot_rg_msgs:/home/luca/Stage_Lirmm/Diffusion-model-isaacsim/ur10_real_robot/ros2_ws_luca/install/onrobot_rg2ft_description:/home/luca/Stage_Lirmm/Diffusion-model-isaacsim/ur10_real_robot/ros2_ws_luca/install/earth_robot_moveit_config:/home/luca/Stage_Lirmm/Diffusion-model-isaacsim/ur10_real_robot/ros2_ws_luca/install/bringup_gripper:/opt/ros/humble LD_LIBRARY_PATH=/home/luca/Stage_Lirmm/Diffusion-model-isaacsim/ur10_real_robot/ros2_ws_luca/install/ur_robot_driver_cb2/lib:${LD_LIBRARY_PATH} VIRTUAL_ENV_PROMPT=(mujoco_ros) /usr/bin/cmake --build /home/luca/Stage_Lirmm/Diffusion-model-isaacsim/ur10_real_robot/ros2_ws_luca/build/earth_robot_moveit_config -- -j16 -l16
[2.978s] DEBUG:colcon.colcon_core.event_handler.log_command:Invoking command in '/home/luca/Stage_Lirmm/Diffusion-model-isaacsim/ur10_real_robot/ros2_ws_luca/build/earth_robot_moveit_config': AMENT_PREFIX_PATH=/home/luca/Stage_Lirmm/Diffusion-model-isaacsim/ur10_real_robot/ros2_ws_luca/install/ur_robot_driver_cb2:/home/luca/Stage_Lirmm/Diffusion-model-isaacsim/ur10_real_robot/ros2_ws_luca/install/bringup_gripper:/home/luca/Stage_Lirmm/Diffusion-model-isaacsim/ur10_real_robot/ros2_ws_luca/install/earth_robot_moveit_config:/home/luca/Stage_Lirmm/Diffusion-model-isaacsim/ur10_real_robot/ros2_ws_luca/install/realsense2_description:/home/luca/Stage_Lirmm/Diffusion-model-isaacsim/ur10_real_robot/ros2_ws_luca/install/ur_robot_description_cb2:/home/luca/Stage_Lirmm/Diffusion-model-isaacsim/ur10_real_robot/ros2_ws_luca/install/onrobot_rg_msgs:/home/luca/Stage_Lirmm/Diffusion-model-isaacsim/ur10_real_robot/ros2_ws_luca/install/onrobot_rg2ft_description:/opt/ros/humble CMAKE_PREFIX_PATH=/home/luca/Stage_Lirmm/Diffusion-model-isaacsim/ur10_real_robot/ros2_ws_luca/install/realsense2_description:/home/luca/Stage_Lirmm/Diffusion-model-isaacsim/ur10_real_robot/ros2_ws_luca/install/ur_robot_driver_cb2:/home/luca/Stage_Lirmm/Diffusion-model-isaacsim/ur10_real_robot/ros2_ws_luca/install/ur_robot_description_cb2:/home/luca/Stage_Lirmm/Diffusion-model-isaacsim/ur10_real_robot/ros2_ws_luca/install/onrobot_rg_msgs:/home/luca/Stage_Lirmm/Diffusion-model-isaacsim/ur10_real_robot/ros2_ws_luca/install/onrobot_rg2ft_description:/home/luca/Stage_Lirmm/Diffusion-model-isaacsim/ur10_real_robot/ros2_ws_luca/install/earth_robot_moveit_config:/home/luca/Stage_Lirmm/Diffusion-model-isaacsim/ur10_real_robot/ros2_ws_luca/install/bringup_gripper:/opt/ros/humble LD_LIBRARY_PATH=/home/luca/Stage_Lirmm/Diffusion-model-isaacsim/ur10_real_robot/ros2_ws_luca/install/ur_robot_driver_cb2/lib:${LD_LIBRARY_PATH} VIRTUAL_ENV_PROMPT=(mujoco_ros) /usr/bin/cmake --install /home/luca/Stage_Lirmm/Diffusion-model-isaacsim/ur10_real_robot/ros2_ws_luca/build/earth_robot_moveit_config
[2.994s] Level 1:colcon.colcon_core.environment:create_environment_scripts_only(earth_robot_moveit_config)
[2.995s] Level 1:colcon.colcon_core.environment:checking '/home/luca/Stage_Lirmm/Diffusion-model-isaacsim/ur10_real_robot/ros2_ws_luca/install/earth_robot_moveit_config' for CMake module files
[2.998s] DEBUG:colcon.colcon_core.event_handler.log_command:Invoked command in '/home/luca/Stage_Lirmm/Diffusion-model-isaacsim/ur10_real_robot/ros2_ws_luca/build/earth_robot_moveit_config' returned '0': AMENT_PREFIX_PATH=/home/luca/Stage_Lirmm/Diffusion-model-isaacsim/ur10_real_robot/ros2_ws_luca/install/ur_robot_driver_cb2:/home/luca/Stage_Lirmm/Diffusion-model-isaacsim/ur10_real_robot/ros2_ws_luca/install/bringup_gripper:/home/luca/Stage_Lirmm/Diffusion-model-isaacsim/ur10_real_robot/ros2_ws_luca/install/earth_robot_moveit_config:/home/luca/Stage_Lirmm/Diffusion-model-isaacsim/ur10_real_robot/ros2_ws_luca/install/realsense2_description:/home/luca/Stage_Lirmm/Diffusion-model-isaacsim/ur10_real_robot/ros2_ws_luca/install/ur_robot_description_cb2:/home/luca/Stage_Lirmm/Diffusion-model-isaacsim/ur10_real_robot/ros2_ws_luca/install/onrobot_rg_msgs:/home/luca/Stage_Lirmm/Diffusion-model-isaacsim/ur10_real_robot/ros2_ws_luca/install/onrobot_rg2ft_description:/opt/ros/humble CMAKE_PREFIX_PATH=/home/luca/Stage_Lirmm/Diffusion-model-isaacsim/ur10_real_robot/ros2_ws_luca/install/realsense2_description:/home/luca/Stage_Lirmm/Diffusion-model-isaacsim/ur10_real_robot/ros2_ws_luca/install/ur_robot_driver_cb2:/home/luca/Stage_Lirmm/Diffusion-model-isaacsim/ur10_real_robot/ros2_ws_luca/install/ur_robot_description_cb2:/home/luca/Stage_Lirmm/Diffusion-model-isaacsim/ur10_real_robot/ros2_ws_luca/install/onrobot_rg_msgs:/home/luca/Stage_Lirmm/Diffusion-model-isaacsim/ur10_real_robot/ros2_ws_luca/install/onrobot_rg2ft_description:/home/luca/Stage_Lirmm/Diffusion-model-isaacsim/ur10_real_robot/ros2_ws_luca/install/earth_robot_moveit_config:/home/luca/Stage_Lirmm/Diffusion-model-isaacsim/ur10_real_robot/ros2_ws_luca/install/bringup_gripper:/opt/ros/humble LD_LIBRARY_PATH=/home/luca/Stage_Lirmm/Diffusion-model-isaacsim/ur10_real_robot/ros2_ws_luca/install/ur_robot_driver_cb2/lib:${LD_LIBRARY_PATH} VIRTUAL_ENV_PROMPT=(mujoco_ros) /usr/bin/cmake --install /home/luca/Stage_Lirmm/Diffusion-model-isaacsim/ur10_real_robot/ros2_ws_luca/build/earth_robot_moveit_config
[2.998s] Level 1:colcon.colcon_core.environment:checking '/home/luca/Stage_Lirmm/Diffusion-model-isaacsim/ur10_real_robot/ros2_ws_luca/install/earth_robot_moveit_config' for CMake config files
[2.998s] Level 1:colcon.colcon_core.shell:create_environment_hook('earth_robot_moveit_config', 'cmake_prefix_path')
[2.999s] INFO:colcon.colcon_core.shell:Creating environment hook '/home/luca/Stage_Lirmm/Diffusion-model-isaacsim/ur10_real_robot/ros2_ws_luca/install/earth_robot_moveit_config/share/earth_robot_moveit_config/hook/cmake_prefix_path.ps1'
[2.999s] INFO:colcon.colcon_core.shell:Creating environment descriptor '/home/luca/Stage_Lirmm/Diffusion-model-isaacsim/ur10_real_robot/ros2_ws_luca/install/earth_robot_moveit_config/share/earth_robot_moveit_config/hook/cmake_prefix_path.dsv'
[3.000s] INFO:colcon.colcon_core.shell:Creating environment hook '/home/luca/Stage_Lirmm/Diffusion-model-isaacsim/ur10_real_robot/ros2_ws_luca/install/earth_robot_moveit_config/share/earth_robot_moveit_config/hook/cmake_prefix_path.sh'
[3.000s] Level 1:colcon.colcon_core.environment:checking '/home/luca/Stage_Lirmm/Diffusion-model-isaacsim/ur10_real_robot/ros2_ws_luca/install/earth_robot_moveit_config/bin'
[3.000s] Level 1:colcon.colcon_core.environment:checking '/home/luca/Stage_Lirmm/Diffusion-model-isaacsim/ur10_real_robot/ros2_ws_luca/install/earth_robot_moveit_config/lib/pkgconfig/earth_robot_moveit_config.pc'
[3.001s] Level 1:colcon.colcon_core.environment:checking '/home/luca/Stage_Lirmm/Diffusion-model-isaacsim/ur10_real_robot/ros2_ws_luca/install/earth_robot_moveit_config/lib/python3.10/site-packages'
[3.001s] Level 1:colcon.colcon_core.environment:checking '/home/luca/Stage_Lirmm/Diffusion-model-isaacsim/ur10_real_robot/ros2_ws_luca/install/earth_robot_moveit_config/bin'
[3.001s] INFO:colcon.colcon_core.shell:Creating package script '/home/luca/Stage_Lirmm/Diffusion-model-isaacsim/ur10_real_robot/ros2_ws_luca/install/earth_robot_moveit_config/share/earth_robot_moveit_config/package.ps1'
[3.002s] INFO:colcon.colcon_core.shell:Creating package descriptor '/home/luca/Stage_Lirmm/Diffusion-model-isaacsim/ur10_real_robot/ros2_ws_luca/install/earth_robot_moveit_config/share/earth_robot_moveit_config/package.dsv'
[3.003s] INFO:colcon.colcon_core.shell:Creating package script '/home/luca/Stage_Lirmm/Diffusion-model-isaacsim/ur10_real_robot/ros2_ws_luca/install/earth_robot_moveit_config/share/earth_robot_moveit_config/package.sh'
[3.004s] INFO:colcon.colcon_core.shell:Creating package script '/home/luca/Stage_Lirmm/Diffusion-model-isaacsim/ur10_real_robot/ros2_ws_luca/install/earth_robot_moveit_config/share/earth_robot_moveit_config/package.bash'
[3.004s] INFO:colcon.colcon_core.shell:Creating package script '/home/luca/Stage_Lirmm/Diffusion-model-isaacsim/ur10_real_robot/ros2_ws_luca/install/earth_robot_moveit_config/share/earth_robot_moveit_config/package.zsh'
[3.005s] Level 1:colcon.colcon_core.environment:create_file_with_runtime_dependencies(/home/luca/Stage_Lirmm/Diffusion-model-isaacsim/ur10_real_robot/ros2_ws_luca/install/earth_robot_moveit_config/share/colcon-core/packages/earth_robot_moveit_config)
[3.006s] Level 1:colcon.colcon_core.environment:create_environment_scripts_only(earth_robot_moveit_config)
[3.006s] Level 1:colcon.colcon_core.environment:checking '/home/luca/Stage_Lirmm/Diffusion-model-isaacsim/ur10_real_robot/ros2_ws_luca/install/earth_robot_moveit_config' for CMake module files
[3.007s] Level 1:colcon.colcon_core.environment:checking '/home/luca/Stage_Lirmm/Diffusion-model-isaacsim/ur10_real_robot/ros2_ws_luca/install/earth_robot_moveit_config' for CMake config files
[3.007s] Level 1:colcon.colcon_core.shell:create_environment_hook('earth_robot_moveit_config', 'cmake_prefix_path')
[3.007s] INFO:colcon.colcon_core.shell:Creating environment hook '/home/luca/Stage_Lirmm/Diffusion-model-isaacsim/ur10_real_robot/ros2_ws_luca/install/earth_robot_moveit_config/share/earth_robot_moveit_config/hook/cmake_prefix_path.ps1'
[3.008s] INFO:colcon.colcon_core.shell:Creating environment descriptor '/home/luca/Stage_Lirmm/Diffusion-model-isaacsim/ur10_real_robot/ros2_ws_luca/install/earth_robot_moveit_config/share/earth_robot_moveit_config/hook/cmake_prefix_path.dsv'
[3.008s] INFO:colcon.colcon_core.shell:Creating environment hook '/home/luca/Stage_Lirmm/Diffusion-model-isaacsim/ur10_real_robot/ros2_ws_luca/install/earth_robot_moveit_config/share/earth_robot_moveit_config/hook/cmake_prefix_path.sh'
[3.009s] Level 1:colcon.colcon_core.environment:checking '/home/luca/Stage_Lirmm/Diffusion-model-isaacsim/ur10_real_robot/ros2_ws_luca/install/earth_robot_moveit_config/bin'
[3.009s] Level 1:colcon.colcon_core.environment:checking '/home/luca/Stage_Lirmm/Diffusion-model-isaacsim/ur10_real_robot/ros2_ws_luca/install/earth_robot_moveit_config/lib/pkgconfig/earth_robot_moveit_config.pc'
[3.009s] Level 1:colcon.colcon_core.environment:checking '/home/luca/Stage_Lirmm/Diffusion-model-isaacsim/ur10_real_robot/ros2_ws_luca/install/earth_robot_moveit_config/lib/python3.10/site-packages'
[3.010s] Level 1:colcon.colcon_core.environment:checking '/home/luca/Stage_Lirmm/Diffusion-model-isaacsim/ur10_real_robot/ros2_ws_luca/install/earth_robot_moveit_config/bin'
[3.010s] INFO:colcon.colcon_core.shell:Creating package script '/home/luca/Stage_Lirmm/Diffusion-model-isaacsim/ur10_real_robot/ros2_ws_luca/install/earth_robot_moveit_config/share/earth_robot_moveit_config/package.ps1'
[3.011s] INFO:colcon.colcon_core.shell:Creating package descriptor '/home/luca/Stage_Lirmm/Diffusion-model-isaacsim/ur10_real_robot/ros2_ws_luca/install/earth_robot_moveit_config/share/earth_robot_moveit_config/package.dsv'
[3.011s] INFO:colcon.colcon_core.shell:Creating package script '/home/luca/Stage_Lirmm/Diffusion-model-isaacsim/ur10_real_robot/ros2_ws_luca/install/earth_robot_moveit_config/share/earth_robot_moveit_config/package.sh'
[3.012s] INFO:colcon.colcon_core.shell:Creating package script '/home/luca/Stage_Lirmm/Diffusion-model-isaacsim/ur10_real_robot/ros2_ws_luca/install/earth_robot_moveit_config/share/earth_robot_moveit_config/package.bash'
[3.012s] INFO:colcon.colcon_core.shell:Creating package script '/home/luca/Stage_Lirmm/Diffusion-model-isaacsim/ur10_real_robot/ros2_ws_luca/install/earth_robot_moveit_config/share/earth_robot_moveit_config/package.zsh'
[3.013s] Level 1:colcon.colcon_core.environment:create_file_with_runtime_dependencies(/home/luca/Stage_Lirmm/Diffusion-model-isaacsim/ur10_real_robot/ros2_ws_luca/install/earth_robot_moveit_config/share/colcon-core/packages/earth_robot_moveit_config)
[3.013s] DEBUG:colcon.colcon_parallel_executor.executor.parallel:closing loop
[3.013s] DEBUG:colcon.colcon_parallel_executor.executor.parallel:loop closed
[3.014s] DEBUG:colcon.colcon_parallel_executor.executor.parallel:run_until_complete finished with '0'
[3.014s] DEBUG:colcon.colcon_core.event_reactor:joining thread
[3.020s] INFO:colcon.colcon_core.plugin_system:Skipping extension 'colcon_notification.desktop_notification.terminal_notifier': Not used on non-Darwin systems
[3.021s] INFO:colcon.colcon_core.plugin_system:Skipping extension 'colcon_notification.desktop_notification.win32': Not used on non-Windows systems
[3.021s] INFO:colcon.colcon_notification.desktop_notification:Sending desktop notification using 'notify2'
[3.035s] DEBUG:colcon.colcon_core.event_reactor:joined thread
[3.036s] INFO:colcon.colcon_core.shell:Creating prefix script '/home/luca/Stage_Lirmm/Diffusion-model-isaacsim/ur10_real_robot/ros2_ws_luca/install/local_setup.ps1'
[3.037s] INFO:colcon.colcon_core.shell:Creating prefix util module '/home/luca/Stage_Lirmm/Diffusion-model-isaacsim/ur10_real_robot/ros2_ws_luca/install/_local_setup_util_ps1.py'
[3.040s] INFO:colcon.colcon_core.shell:Creating prefix chain script '/home/luca/Stage_Lirmm/Diffusion-model-isaacsim/ur10_real_robot/ros2_ws_luca/install/setup.ps1'
[3.043s] INFO:colcon.colcon_core.shell:Creating prefix script '/home/luca/Stage_Lirmm/Diffusion-model-isaacsim/ur10_real_robot/ros2_ws_luca/install/local_setup.sh'
[3.044s] INFO:colcon.colcon_core.shell:Creating prefix util module '/home/luca/Stage_Lirmm/Diffusion-model-isaacsim/ur10_real_robot/ros2_ws_luca/install/_local_setup_util_sh.py'
[3.045s] INFO:colcon.colcon_core.shell:Creating prefix chain script '/home/luca/Stage_Lirmm/Diffusion-model-isaacsim/ur10_real_robot/ros2_ws_luca/install/setup.sh'
[3.047s] INFO:colcon.colcon_core.shell:Creating prefix script '/home/luca/Stage_Lirmm/Diffusion-model-isaacsim/ur10_real_robot/ros2_ws_luca/install/local_setup.bash'
[3.048s] INFO:colcon.colcon_core.shell:Creating prefix chain script '/home/luca/Stage_Lirmm/Diffusion-model-isaacsim/ur10_real_robot/ros2_ws_luca/install/setup.bash'
[3.050s] INFO:colcon.colcon_core.shell:Creating prefix script '/home/luca/Stage_Lirmm/Diffusion-model-isaacsim/ur10_real_robot/ros2_ws_luca/install/local_setup.zsh'
[3.051s] INFO:colcon.colcon_core.shell:Creating prefix chain script '/home/luca/Stage_Lirmm/Diffusion-model-isaacsim/ur10_real_robot/ros2_ws_luca/install/setup.zsh'
