<?xml version="1.0" encoding="UTF-8" standalone="no" ?>
<COLLADA xmlns="http://www.collada.org/2005/11/COLLADASchema" version="1.4.1">
  <asset>
    <contributor>
      <author>Assimp</author>
      <authoring_tool>THREE.GLTFExporter r178</authoring_tool>
    </contributor>
    <created>2026-03-31T00:53:52</created>
    <modified>2026-03-31T00:53:52</modified>
    <unit name="meter" meter="1" />
    <up_axis>Y_UP</up_axis>
  </asset>
  <library_images>
  </library_images>
  <library_effects>
    <effect id="material_0-fx" name="">
      <profile_COMMON>
        <technique sid="standard">
          <phong>
            <emission>
              <color sid="emission">0   0   0   1</color>
            </emission>
            <diffuse>
              <color sid="diffuse">0.603827357   0.603827357   0.603827357   1</color>
            </diffuse>
            <shininess>
              <float sid="shininess">0</float>
            </shininess>
            <transparency>
              <float sid="transparency">1</float>
            </transparency>
          </phong>
        </technique>
      </profile_COMMON>
    </effect>
    <effect id="material_1-fx" name="">
      <profile_COMMON>
        <technique sid="standard">
          <phong>
            <emission>
              <color sid="emission">0   0   0   1</color>
            </emission>
            <diffuse>
              <color sid="diffuse">1   1   1   1</color>
            </diffuse>
            <shininess>
              <float sid="shininess">0</float>
            </shininess>
            <transparency>
              <float sid="transparency">1</float>
            </transparency>
          </phong>
        </technique>
      </profile_COMMON>
    </effect>
  </library_effects>
  <library_materials>
    <material id="material_0" name="">
      <instance_effect url="#material_0-fx"/>
    </material>
    <material id="material_1" name="">
      <instance_effect url="#material_1-fx"/>
    </material>
  </library_materials>
  <library_geometries>
    <geometry id="meshesQ0S" name="meshes[0]" >
      <mesh>
        <source id="meshesQ0S-positions" name="meshesQ0S-positions">
          <float_array id="meshesQ0S-positions-array" count="5478"> -49.75 93 10 -49.6846199 92.4615402 0 -49.75 93 0 -49.6846199 92.4615402 10 -49.4922752 91.9543762 10 -49.4922752 91.9543762 0 -49.1841507 91.5079727 0 -49.1841507 91.5079727 10 -48.7781448 91.1482849 10 -48.7781448 91.1482849 0 -48.2978592 90.8962097 10 -48.2978592 90.8962097 0 -47.7712059 90.7664032 0 -47.7712059 90.7664032 10 -47.2287941 90.7664032 10 -47.2287941 90.7664032 0 -46.7021408 90.8962097 10 -46.7021408 90.8962097 0 -46.2218552 91.1482849 10 -46.2218552 91.1482849 0 -45.8158493 91.5079727 10 -45.8158493 91.5079727 0 -45.5077248 91.9543762 10 -45.5077248 91.9543762 0 -45.3153801 92.4615402 0 -45.3153801 92.4615402 10 -45.25 93 10 -45.25 93 0 45.25 93 10 45.3153801 92.4615402 0 45.25 93 0 45.3153801 92.4615402 10 45.5077248 91.9543762 10 45.5077248 91.9543762 0 45.8158493 91.5079727 0 45.8158493 91.5079727 10 46.2218552 91.1482849 10 46.2218552 91.1482849 0 46.7021408 90.8962097 10 46.7021408 90.8962097 0 47.2287941 90.7664032 0 47.2287941 90.7664032 10 47.7712059 90.7664032 10 47.7712059 90.7664032 0 48.2978592 90.8962097 10 48.2978592 90.8962097 0 48.7781448 91.1482849 10 48.7781448 91.1482849 0 49.1841507 91.5079727 10 49.1841507 91.5079727 0 49.4922752 91.9543762 10 49.4922752 91.9543762 0 49.6846199 92.4615402 0 49.6846199 92.4615402 10 49.75 93 10 49.75 93 0 -20.8817768 16.887928 10 -20.9776688 17.6776695 0 -20.9776688 17.6776695 10 -20.8817768 16.887928 0 -20.5996742 16.144083 10 -20.5996742 16.144083 0 -20.1477547 15.4893646 10 -20.1477547 15.4893646 0 -19.5522823 14.9618225 0 -19.5522823 14.9618225 10 -18.8478661 14.5921164 10 -18.8478661 14.5921164 0 -18.0754414 14.4017305 10 -18.0754414 14.4017305 0 -17.2798977 14.4017305 0 -17.2798977 14.4017305 10 -16.507473 14.5921164 10 -16.507473 14.5921164 0 -15.8030558 14.9618225 10 -15.8030558 14.9618225 0 -15.2075844 15.4893646 0 -15.2075844 15.4893646 10 -14.7556648 16.144083 10 -14.7556648 16.144083 0 -14.4735613 16.887928 10 -14.4735613 16.887928 0 -14.3776693 17.6776695 0 -14.3776693 17.6776695 10 14.4735613 16.887928 10 14.3776693 17.6776695 0 14.3776693 17.6776695 10 14.4735613 16.887928 0 14.7556648 16.144083 10 14.7556648 16.144083 0 15.2075844 15.4893646 10 15.2075844 15.4893646 0 15.8030558 14.9618225 0 15.8030558 14.9618225 10 16.507473 14.5921164 10 16.507473 14.5921164 0 17.2798977 14.4017305 10 17.2798977 14.4017305 0 18.0754414 14.4017305 0 18.0754414 14.4017305 10 18.8478661 14.5921164 10 18.8478661 14.5921164 0 19.5522823 14.9618225 10 19.5522823 14.9618225 0 20.1477547 15.4893646 0 20.1477547 15.4893646 10 20.5996742 16.144083 10 20.5996742 16.144083 0 20.8817768 16.887928 10 20.8817768 16.887928 0 20.9776688 17.6776695 0 20.9776688 17.6776695 10 14.4735613 -18.467411 10 14.3776693 -17.6776695 0 14.3776693 -17.6776695 10 14.4735613 -18.467411 0 14.7556648 -19.211256 10 14.7556648 -19.211256 0 15.2075844 -19.8659744 10 15.2075844 -19.8659744 0 15.8030558 -20.3935165 0 15.8030558 -20.3935165 10 16.507473 -20.7632236 10 16.507473 -20.7632236 0 17.2798977 -20.9536095 10 17.2798977 -20.9536095 0 18.0754414 -20.9536095 0 18.0754414 -20.9536095 10 18.8478661 -20.7632236 10 18.8478661 -20.7632236 0 19.5522823 -20.3935165 10 19.5522823 -20.3935165 0 20.1477547 -19.8659744 0 20.1477547 -19.8659744 10 20.5996742 -19.211256 10 20.5996742 -19.211256 0 20.8817768 -18.467411 10 20.8817768 -18.467411 0 20.9776688 -17.6776695 0 20.9776688 -17.6776695 10 -20.8817768 -18.467411 10 -20.9776688 -17.6776695 0 -20.9776688 -17.6776695 10 -20.8817768 -18.467411 0 -20.5996742 -19.211256 10 -20.5996742 -19.211256 0 -20.1477547 -19.8659744 10 -20.1477547 -19.8659744 0 -19.5522823 -20.3935165 0 -19.5522823 -20.3935165 10 -18.8478661 -20.7632236 10 -18.8478661 -20.7632236 0 -18.0754414 -20.9536095 10 -18.0754414 -20.9536095 0 -17.2798977 -20.9536095 0 -17.2798977 -20.9536095 10 -16.507473 -20.7632236 10 -16.507473 -20.7632236 0 -15.8030558 -20.3935165 10 -15.8030558 -20.3935165 0 -15.2075844 -19.8659744 0 -15.2075844 -19.8659744 10 -14.7556648 -19.211256 10 -14.7556648 -19.211256 0 -14.4735613 -18.467411 10 -14.4735613 -18.467411 0 -14.3776693 -17.6776695 0 -14.3776693 -17.6776695 10 -15.5740852 -2.34741569 10 -15.75 1.92881875e-15 0 -15.75 1.92881875e-15 10 -15.5740852 -2.34741569 0 -15.050272 -4.64239407 10 -15.050272 -4.64239407 0 -14.1902599 -6.83366871 0 -14.1902599 -6.83366871 10 -13.0132608 -8.87229061 10 -13.0132608 -8.87229061 0 -11.5455666 -10.7127209 0 -11.5455666 -10.7127209 10 -9.81996441 -12.3138456 10 -9.81996441 -12.3138456 0 -7.875 -13.6399002 10 -7.875 -13.6399002 0 -5.7541213 -14.6612616 0 -5.7541213 -14.6612616 10 -3.50470471 -15.3551149 10 -3.50470471 -15.3551149 0 -1.17699897 -15.7059603 10 -1.17699897 -15.7059603 0 1.17699897 -15.7059603 0 1.17699897 -15.7059603 10 3.50470471 -15.3551149 10 3.50470471 -15.3551149 0 5.7541213 -14.6612616 0 5.7541213 -14.6612616 10 7.875 -13.6399002 10 7.875 -13.6399002 0 9.81996441 -12.3138456 0 9.81996441 -12.3138456 10 11.5455666 -10.7127209 10 11.5455666 -10.7127209 0 13.0132608 -8.87229061 0 13.0132608 -8.87229061 10 14.1902599 -6.83366871 10 14.1902599 -6.83366871 0 15.050272 -4.64239407 10 15.050272 -4.64239407 0 15.5740852 -2.34741569 10 15.5740852 -2.34741569 0 15.75 0 10 15.75 0 0 31.3153458 -3.40574908 10 31.5 3.85763749e-15 16.7999992 31.5 3.85763749e-15 10 31.3153458 -3.40574908 16.7999992 30.7635479 -6.77156878 10 30.7635479 -6.77156878 16.7999992 29.8510742 -10.0579987 10 29.8510742 -10.0579987 16.7999992 28.588625 -13.2265062 10 28.588625 -13.2265062 16.7999992 26.9910011 -16.2399464 10 26.9910011 -16.2399464 16.7999992 25.076931 -19.0629883 10 25.076931 -19.0629883 16.7999992 22.8688583 -21.6625328 10 22.8688583 -21.6625328 16.7999992 20.3926678 -24.0081043 10 20.3926678 -24.0081043 16.7999992 17.677393 -26.0722027 10 17.677393 -26.0722027 16.7999992 14.7548656 -27.8306293 10 14.7548656 -27.8306293 16.7999992 11.6593523 -29.2627659 10 11.6593523 -29.2627659 16.7999992 8.4271431 -30.3518257 10 8.4271431 -30.3518257 16.7999992 5.09613276 -31.0850353 10 5.09613276 -31.0850353 16.7999992 1.70537567 -31.4538021 10 1.70537567 -31.4538021 16.7999992 -1.70537567 -31.4538021 10 -1.70537567 -31.4538021 16.7999992 -5.09613276 -31.0850353 10 -5.09613276 -31.0850353 16.7999992 -8.4271431 -30.3518257 10 -8.4271431 -30.3518257 16.7999992 -11.6593523 -29.2627659 10 -11.6593523 -29.2627659 16.7999992 -14.7548656 -27.8306293 10 -14.7548656 -27.8306293 16.7999992 -17.677393 -26.0722027 10 -17.677393 -26.0722027 16.7999992 -20.3926678 -24.0081043 10 -20.3926678 -24.0081043 16.7999992 -22.8688583 -21.6625328 10 -22.8688583 -21.6625328 16.7999992 -25.076931 -19.0629883 10 -26.9910011 -16.2399464 16.7999992 -25.076931 -19.0629883 16.7999992 -26.9910011 -16.2399464 10 -28.588625 -13.2265062 16.7999992 -28.588625 -13.2265062 10 -29.8510742 -10.0579987 10 -30.7635479 -6.77156878 16.7999992 -29.8510742 -10.0579987 16.7999992 -30.7635479 -6.77156878 10 -31.3153458 -3.40574908 10 -31.3153458 -3.40574908 16.7999992 -31.5 0 10 -31.5 0 16.7999992 -37.3169975 3.70021439 0 -37.5 0 16.7999992 -37.3075981 3.79381204 16.7999992 -37.5 0 0 -36.769783 7.36431456 0 -36.7323723 7.54869461 16.7999992 -35.8636894 10.9565382 0 -35.7802238 11.2261171 16.7999992 -34.6075668 14.4418259 0 -34.4609184 14.7883444 16.7999992 -33.0136719 17.7861595 0 -32.7879982 18.1988239 16.7999992 -31.0975609 20.9569016 10 -30.7786293 21.4225578 16.7999992 -31.0975609 20.9569016 0 -28.9031239 23.8926659 10 -28.4534302 24.4264679 16.7999992 -26.4325676 26.6001759 10 -25.8362598 27.1797295 16.7999992 -23.7094936 29.0535698 10 -22.9539738 29.6540909 16.7999992 -20.7599163 31.2294064 10 -19.8361511 31.8241596 16.7999992 -17.6120167 33.1068993 10 -16.51478 33.6676712 16.7999992 -14.2958622 34.6681175 10 -13.0239468 35.1657066 16.7999992 -10.8431368 35.89814 10 -9.39947033 36.3028908 16.7999992 -7.2868247 36.7852173 10 -5.67854166 37.0675621 16.7999992 -3.66089916 37.3208771 10 -1.89934385 37.45187 16.7999992 -5.97247403e-14 37.5 10 1.89934385 37.45187 16.7999992 3.66089916 37.3208771 10 5.67854166 37.0675621 16.7999992 7.2868247 36.7852173 10 9.39947033 36.3028908 16.7999992 10.8431368 35.89814 10 13.0239468 35.1657066 16.7999992 14.2958622 34.6681175 10 16.51478 33.6676712 16.7999992 17.6120167 33.1068993 10 19.8361511 31.8241596 16.7999992 20.7599163 31.2294064 10 22.9539738 29.6540909 16.7999992 23.7094936 29.0535698 10 25.8362598 27.1797295 16.7999992 26.4325676 26.6001759 10 28.4534302 24.4264679 16.7999992 28.9031239 23.8926659 10 30.7786293 21.4225578 16.7999992 31.0975609 20.9569016 10 32.7879982 18.1988239 16.7999992 33.0136719 17.7861595 0 34.4609184 14.7883444 16.7999992 31.0975609 20.9569016 0 34.6075668 14.4418259 0 35.7802238 11.2261171 16.7999992 35.8636894 10.9565382 0 36.7323723 7.54869461 16.7999992 36.769783 7.36431456 0 37.3075981 3.79381204 16.7999992 37.3169975 3.70021439 0 37.5 4.59242545e-15 16.7999992 37.5 4.59242545e-15 0 49.1841507 91.5079727 10 57.4283257 82.718071 10 58.9564705 84.4422531 10 48.7781448 91.1482849 10 53.6758423 80.0674591 10 55.6541672 81.2482452 10 49.4922752 91.9543762 10 60.2025452 86.3801117 10 61.1371574 88.4859467 10 48.2978592 90.8962097 10 51.5400276 79.2035599 10 49.6846199 92.4615402 10 61.7382584 90.7100601 10 47.7712059 90.7664032 10 47 78.5 10 49.2971115 78.6769333 10 49.75 93 10 61.9916649 93 10 61.7382584 95.2899399 10 47.2287941 90.7664032 10 49.6846199 93.5384598 10 61.1371574 97.5140533 10 46.7021408 90.8962097 10 49.4922752 94.0456238 10 60.2025452 99.6198883 10 58.9564705 101.557747 10 46.2218552 91.1482849 10 49.1841507 94.4920273 10 45.8158493 91.5079727 10 57.4283257 103.281929 10 48.7781448 94.8517151 10 30 78.5 10 45.3153801 92.4615402 10 45.25 93 10 45.5077248 91.9543762 10 45.3153801 93.5384598 10 55.6541672 104.751755 10 28.0490971 78.3078537 10 45.5077248 94.0456238 10 53.6758423 105.932541 10 48.2978592 95.1037903 10 51.5400276 106.79644 10 47.7712059 95.2335968 10 49.2971115 107.323067 10 47 107.5 10 24.4442978 76.8146973 10 26.1731663 77.7387924 10 47.2287941 95.2335968 10 46.7021408 95.1037903 10 46.2218552 94.8517151 10 45.8158493 94.4920273 10 1.19615245 67.5 10 20 68.5 10 20.1921463 70.4509048 10 20.7612038 72.3268356 10 21.6853046 74.0557022 10 22.9289322 75.5710678 10 20 67.5 10 -20 68.5 10 -20 65.5 10 -2.2679491 65.5 10 -20.1921463 70.4509048 10 -20.7612038 72.3268356 10 -21.6853046 74.0557022 10 -22.9289322 75.5710678 10 -24.4442978 76.8146973 10 -45.8158493 91.5079727 10 -47 78.5 10 -30 78.5 10 -46.2218552 91.1482849 10 -45.5077248 91.9543762 10 -46.7021408 90.8962097 10 -45.3153801 92.4615402 10 -47.2287941 90.7664032 10 -45.25 93 10 -47.7712059 90.7664032 10 -51.5400276 79.2035599 10 -49.2971115 78.6769333 10 -45.3153801 93.5384598 10 -28.0490971 78.3078537 10 -48.2978592 90.8962097 10 -53.6758423 80.0674591 10 -45.5077248 94.0456238 10 -48.7781448 91.1482849 10 -55.6541672 81.2482452 10 -57.4283257 82.718071 10 -49.1841507 91.5079727 10 -58.9564705 84.4422531 10 -49.4922752 91.9543762 10 -60.2025452 86.3801117 10 -61.1371574 88.4859467 10 -49.6846199 92.4615402 10 -61.7382584 90.7100601 10 -49.75 93 10 -47 107.5 10 -26.1731663 77.7387924 10 -45.8158493 94.4920273 10 -46.2218552 94.8517151 10 -46.7021408 95.1037903 10 -47.2287941 95.2335968 10 -47.7712059 95.2335968 10 -61.9916649 93 10 -49.2971115 107.323067 10 -61.7382584 95.2899399 10 -49.6846199 93.5384598 10 -51.5400276 106.79644 10 -48.2978592 95.1037903 10 -61.1371574 97.5140533 10 -49.4922752 94.0456238 10 -53.6758423 105.932541 10 -48.7781448 94.8517151 10 -60.2025452 99.6198883 10 -55.6541672 104.751755 10 -58.9564705 101.557747 10 -49.1841507 94.4920273 10 -57.4283257 103.281929 10 28.5554333 25.0485058 10 28.9031239 23.8926659 10 31.0975609 20.9569016 10 26.4325676 26.6001759 10 26.3232975 29.3171368 10 23.7094936 29.0535698 10 24.413414 33.7393494 10 20.7599163 31.2294064 10 17.6120167 33.1068993 10 22.8362713 38.290863 10 14.2958622 34.6681175 10 21.6005306 42.9466743 10 10.8431368 35.89814 10 20.7129784 47.6812172 10 7.2868247 36.7852173 10 20.1784897 52.4684868 10 -28.5554333 25.0485058 10 -28.9031239 23.8926659 10 -26.4325676 26.6001759 10 -31.0975609 20.9569016 10 -26.3232975 29.3171368 10 -23.7094936 29.0535698 10 3.07179666 60.5 10 20 57.282196 10 20 60.5 10 -24.413414 33.7393494 10 -20.7599163 31.2294064 10 -17.6120167 33.1068993 10 -0.392304838 58.5 10 3.66089916 37.3208771 10 -5.97247403e-14 37.5 10 -3.66089916 37.3208771 10 -7.2868247 36.7852173 10 -22.8362713 38.290863 10 -14.2958622 34.6681175 10 -21.6005306 42.9466743 10 -10.8431368 35.89814 10 -20.7129784 47.6812172 10 -20.1784897 52.4684868 10 -20 57.282196 10 -20 58.5 10 37.3075981 -3.79381204 0 37.5 4.59242545e-15 0 37.5 4.59242545e-15 16.7999992 37.3075981 -3.79381204 16.7999992 36.7323723 -7.54869461 16.7999992 36.7323723 -7.54869461 0 35.7802238 -11.2261171 16.7999992 35.7802238 -11.2261171 0 34.4609184 -14.7883444 0 34.4609184 -14.7883444 16.7999992 32.7879982 -18.1988239 16.7999992 32.7879982 -18.1988239 0 30.7786293 -21.4225578 0 30.7786293 -21.4225578 16.7999992 28.4534302 -24.4264679 0 28.4534302 -24.4264679 16.7999992 25.8362598 -27.1797295 0 25.8362598 -27.1797295 16.7999992 22.9539738 -29.6540909 0 22.9539738 -29.6540909 16.7999992 19.8361511 -31.8241596 0 19.8361511 -31.8241596 16.7999992 16.51478 -33.6676712 0 16.51478 -33.6676712 16.7999992 13.0239468 -35.1657066 0 13.0239468 -35.1657066 16.7999992 9.39947033 -36.3028908 0 9.39947033 -36.3028908 16.7999992 5.67854166 -37.0675621 0 5.67854166 -37.0675621 16.7999992 1.89934385 -37.45187 16.7999992 1.89934385 -37.45187 0 -1.89934385 -37.45187 0 -1.89934385 -37.45187 16.7999992 -5.67854166 -37.0675621 16.7999992 -5.67854166 -37.0675621 0 -9.39947033 -36.3028908 0 -9.39947033 -36.3028908 16.7999992 -13.0239468 -35.1657066 16.7999992 -13.0239468 -35.1657066 0 -16.51478 -33.6676712 0 -16.51478 -33.6676712 16.7999992 -19.8361511 -31.8241596 0 -19.8361511 -31.8241596 16.7999992 -22.9539738 -29.6540909 16.7999992 -22.9539738 -29.6540909 0 -25.8362598 -27.1797295 0 -25.8362598 -27.1797295 16.7999992 -28.4534302 -24.4264679 0 -28.4534302 -24.4264679 16.7999992 -30.7786293 -21.4225578 0 -30.7786293 -21.4225578 16.7999992 -32.7879982 -18.1988239 16.7999992 -32.7879982 -18.1988239 0 -34.4609184 -14.7883444 0 -34.4609184 -14.7883444 16.7999992 -35.7802238 -11.2261171 0 -35.7802238 -11.2261171 16.7999992 -36.7323723 -7.54869461 0 -36.7323723 -7.54869461 16.7999992 -37.3075981 -3.79381204 16.7999992 -37.3075981 -3.79381204 0 -37.5 0 0 -37.5 0 16.7999992 -20.1477547 -19.8659744 0 -25.8362598 -27.1797295 0 -28.4534302 -24.4264679 0 -19.5522823 -20.3935165 0 -20.5996742 -19.211256 0 -18.8478661 -20.7632236 0 -22.9539738 -29.6540909 0 -20.8817768 -18.467411 0 -30.7786293 -21.4225578 0 -18.0754414 -20.9536095 0 -19.8361511 -31.8241596 0 -20.9776688 -17.6776695 0 -32.7879982 -18.1988239 0 -17.2798977 -20.9536095 0 -20.8817768 -16.887928 0 -16.507473 -20.7632236 0 -16.51478 -33.6676712 0 -20.5996742 -16.144083 0 -34.4609184 -14.7883444 0 -15.8030558 -20.3935165 0 -13.0239468 -35.1657066 0 -20.1477547 -15.4893646 0 -35.7802238 -11.2261171 0 -15.2075844 -19.8659744 0 -9.39947033 -36.3028908 0 -19.5522823 -14.9618225 0 -36.7323723 -7.54869461 0 -11.5455666 -10.7127209 0 -15.2075844 -15.4893646 0 -15.8030558 -14.9618225 0 -16.507473 -14.5921164 0 -9.81996441 -12.3138456 0 -14.4735613 -16.887928 0 -14.7556648 -16.144083 0 -13.0132608 -8.87229061 0 -17.2798977 -14.4017305 0 -7.875 -13.6399002 0 -14.4735613 -18.467411 0 -14.3776693 -17.6776695 0 -14.1902599 -6.83366871 0 -18.0754414 -14.4017305 0 -18.8478661 -14.5921164 0 -5.7541213 -14.6612616 0 -14.7556648 -19.211256 0 -15.050272 -4.64239407 0 -3.50470471 -15.3551149 0 -5.67854166 -37.0675621 0 -15.5740852 -2.34741569 0 -37.3075981 -3.79381204 0 -1.17699897 -15.7059603 0 -1.89934385 -37.45187 0 -15.75 1.92881875e-15 0 -37.5 0 0 -37.3169975 3.70021439 0 1.17699897 -15.7059603 0 1.89934385 -37.45187 0 5.67854166 -37.0675621 0 -15.5740852 2.34741569 0 -36.769783 7.36431456 0 3.50470471 -15.3551149 0 9.39947033 -36.3028908 0 -15.050272 4.64239407 0 15.2075844 -19.8659744 0 13.0239468 -35.1657066 0 -20.1477547 15.4893646 0 -35.8636894 10.9565382 0 -34.6075668 14.4418259 0 15.8030558 -20.3935165 0 16.51478 -33.6676712 0 -19.5522823 14.9618225 0 14.7556648 -19.211256 0 5.7541213 -14.6612616 0 -20.5996742 16.144083 0 -33.0136719 17.7861595 0 16.507473 -20.7632236 0 19.8361511 -31.8241596 0 -18.8478661 14.5921164 0 -14.1902599 6.83366871 0 14.4735613 -18.467411 0 7.875 -13.6399002 0 -20.8817768 16.887928 0 -31.0975609 20.9569016 0 17.2798977 -20.9536095 0 -18.0754414 14.4017305 0 14.3776693 -17.6776695 0 -20.9776688 17.6776695 0 18.0754414 -20.9536095 0 22.9539738 -29.6540909 0 -17.2798977 14.4017305 0 -13.0132608 8.87229061 0 14.4735613 -16.887928 0 9.81996441 -12.3138456 0 -20.8817768 18.467411 0 -28.5554333 25.0485058 0 18.8478661 -20.7632236 0 -16.507473 14.5921164 0 14.7556648 -16.144083 0 -20.5996742 19.211256 0 25.8362598 -27.1797295 0 19.5522823 -20.3935165 0 -11.5455666 10.7127209 0 -15.8030558 14.9618225 0 15.2075844 -15.4893646 0 -20.1477547 19.8659744 0 20.1477547 -19.8659744 0 -15.2075844 15.4893646 0 11.5455666 -10.7127209 0 15.8030558 -14.9618225 0 -19.5522823 20.3935165 0 16.507473 -14.5921164 0 -9.81996441 12.3138456 0 -14.7556648 16.144083 0 -14.4735613 16.887928 0 -26.3232975 29.3171368 0 -18.0754414 20.9536095 0 -18.8478661 20.7632236 0 28.4534302 -24.4264679 0 20.5996742 -19.211256 0 20.8817768 -18.467411 0 13.0132608 -8.87229061 0 17.2798977 -14.4017305 0 -7.875 13.6399002 0 -14.3776693 17.6776695 0 -14.4735613 18.467411 0 14.1902599 -6.83366871 0 18.8478661 -14.5921164 0 18.0754414 -14.4017305 0 -5.7541213 14.6612616 0 -14.7556648 19.211256 0 -24.413414 33.7393494 0 -16.507473 20.7632236 0 -17.2798977 20.9536095 0 30.7786293 -21.4225578 0 20.9776688 -17.6776695 0 15.050272 -4.64239407 0 19.5522823 -14.9618225 0 -3.50470471 15.3551149 0 -15.2075844 19.8659744 0 -1.17699897 15.7059603 0 -15.8030558 20.3935165 0 32.7879982 -18.1988239 0 20.8817768 -16.887928 0 20.5996742 -16.144083 0 -22.8362713 38.290863 0 34.4609184 -14.7883444 0 20.1477547 -15.4893646 0 -21.6005306 42.9466743 0 1.17699897 15.7059603 0 35.7802238 -11.2261171 0 36.7323723 -7.54869461 0 15.5740852 -2.34741569 0 15.2075844 15.4893646 0 11.5455666 10.7127209 0 9.81996441 12.3138456 0 15.8030558 14.9618225 0 14.7556648 16.144083 0 16.507473 14.5921164 0 13.0132608 8.87229061 0 14.4735613 16.887928 0 7.875 13.6399002 0 17.2798977 14.4017305 0 14.1902599 6.83366871 0 14.3776693 17.6776695 0 18.0754414 14.4017305 0 14.4735613 18.467411 0 5.7541213 14.6612616 0 18.8478661 14.5921164 0 15.050272 4.64239407 0 37.3075981 -3.79381204 0 15.75 0 0 14.7556648 19.211256 0 3.50470471 15.3551149 0 19.5522823 14.9618225 0 15.2075844 19.8659744 0 15.8030558 20.3935165 0 37.5 4.59242545e-15 0 37.3169975 3.70021439 0 15.5740852 2.34741569 0 -49.1841507 91.5079727 0 -57.4283257 82.718071 0 -58.9564705 84.4422531 0 -48.7781448 91.1482849 0 -53.6758423 80.0674591 0 -55.6541672 81.2482452 0 -49.4922752 91.9543762 0 -60.2025452 86.3801117 0 -61.1371574 88.4859467 0 -48.2978592 90.8962097 0 -51.5400276 79.2035599 0 -49.6846199 92.4615402 0 -61.7382584 90.7100601 0 -47.7712059 90.7664032 0 -47 78.5 0 -49.2971115 78.6769333 0 -49.75 93 0 -61.9916649 93 0 -61.7382584 95.2899399 0 -47.2287941 90.7664032 0 -49.6846199 93.5384598 0 -61.1371574 97.5140533 0 36.769783 7.36431456 0 -46.7021408 90.8962097 0 -49.4922752 94.0456238 0 -60.2025452 99.6198883 0 -58.9564705 101.557747 0 -46.2218552 91.1482849 0 -49.1841507 94.4920273 0 -45.8158493 91.5079727 0 -57.4283257 103.281929 0 -48.7781448 94.8517151 0 35.8636894 10.9565382 0 20.1477547 15.4893646 0 -30 78.5 0 -45.5077248 91.9543762 0 -45.3153801 92.4615402 0 -45.25 93 0 -45.3153801 93.5384598 0 34.6075668 14.4418259 0 20.5996742 16.144083 0 -55.6541672 104.751755 0 -28.0490971 78.3078537 0 -45.5077248 94.0456238 0 33.0136719 17.7861595 0 20.8817768 16.887928 0 31.0975609 20.9569016 0 20.9776688 17.6776695 0 20.8817768 18.467411 0 -53.6758423 105.932541 0 -48.2978592 95.1037903 0 28.5554333 25.0485058 0 20.5996742 19.211256 0 20.1477547 19.8659744 0 19.5522823 20.3935165 0 -51.5400276 106.79644 0 -47.7712059 95.2335968 0 26.3232975 29.3171368 0 18.8478661 20.7632236 0 18.0754414 20.9536095 0 -49.2971115 107.323067 0 24.413414 33.7393494 0 17.2798977 20.9536095 0 16.507473 20.7632236 0 -47 107.5 0 -24.4442978 76.8146973 0 -26.1731663 77.7387924 0 -45.8158493 94.4920273 0 -46.2218552 94.8517151 0 -46.7021408 95.1037903 0 -47.2287941 95.2335968 0 22.8362713 38.290863 0 21.6005306 42.9466743 0 20.7129784 47.6812172 0 -20.7129784 47.6812172 0 20.1784897 52.4684868 0 -20.1784897 52.4684868 0 20 57.282196 0 -20 57.282196 0 20 68.5 0 -20 68.5 0 20.1921463 70.4509048 0 -20.1921463 70.4509048 0 -20.7612038 72.3268356 0 20.7612038 72.3268356 0 21.6853046 74.0557022 0 -21.6853046 74.0557022 0 -22.9289322 75.5710678 0 22.9289322 75.5710678 0 24.4442978 76.8146973 0 45.8158493 91.5079727 0 47 78.5 0 30 78.5 0 46.2218552 91.1482849 0 45.5077248 91.9543762 0 46.7021408 90.8962097 0 45.3153801 92.4615402 0 47.2287941 90.7664032 0 45.25 93 0 47.7712059 90.7664032 0 51.5400276 79.2035599 0 49.2971115 78.6769333 0 45.3153801 93.5384598 0 28.0490971 78.3078537 0 48.2978592 90.8962097 0 53.6758423 80.0674591 0 45.5077248 94.0456238 0 48.7781448 91.1482849 0 55.6541672 81.2482452 0 57.4283257 82.718071 0 49.1841507 91.5079727 0 58.9564705 84.4422531 0 49.4922752 91.9543762 0 60.2025452 86.3801117 0 61.1371574 88.4859467 0 49.6846199 92.4615402 0 61.7382584 90.7100601 0 49.75 93 0 47 107.5 0 47.7712059 95.2335968 0 47.2287941 95.2335968 0 46.7021408 95.1037903 0 46.2218552 94.8517151 0 45.8158493 94.4920273 0 26.1731663 77.7387924 0 61.9916649 93 0 49.2971115 107.323067 0 61.7382584 95.2899399 0 49.6846199 93.5384598 0 51.5400276 106.79644 0 48.2978592 95.1037903 0 61.1371574 97.5140533 0 49.4922752 94.0456238 0 53.6758423 105.932541 0 48.7781448 94.8517151 0 60.2025452 99.6198883 0 55.6541672 104.751755 0 58.9564705 101.557747 0 49.1841507 94.4920273 0 57.4283257 103.281929 0 -22.8688583 -21.6625328 16.7999992 -28.4534302 -24.4264679 16.7999992 -25.8362598 -27.1797295 16.7999992 -20.3926678 -24.0081043 16.7999992 -22.9539738 -29.6540909 16.7999992 -25.076931 -19.0629883 16.7999992 -30.7786293 -21.4225578 16.7999992 -17.677393 -26.0722027 16.7999992 -19.8361511 -31.8241596 16.7999992 -26.9910011 -16.2399464 16.7999992 -32.7879982 -18.1988239 16.7999992 -14.7548656 -27.8306293 16.7999992 -16.51478 -33.6676712 16.7999992 -28.588625 -13.2265062 16.7999992 -34.4609184 -14.7883444 16.7999992 -11.6593523 -29.2627659 16.7999992 -13.0239468 -35.1657066 16.7999992 -29.8510742 -10.0579987 16.7999992 -35.7802238 -11.2261171 16.7999992 -8.4271431 -30.3518257 16.7999992 -9.39947033 -36.3028908 16.7999992 -30.7635479 -6.77156878 16.7999992 -36.7323723 -7.54869461 16.7999992 -5.09613276 -31.0850353 16.7999992 -5.67854166 -37.0675621 16.7999992 -31.3153458 -3.40574908 16.7999992 -37.3075981 -3.79381204 16.7999992 -1.70537567 -31.4538021 16.7999992 -1.89934385 -37.45187 16.7999992 -31.5 0 16.7999992 -37.5 0 16.7999992 -37.3075981 3.79381204 16.7999992 1.70537567 -31.4538021 16.7999992 1.89934385 -37.45187 16.7999992 5.67854166 -37.0675621 16.7999992 -31.3153458 3.40574908 16.7999992 -36.7323723 7.54869461 16.7999992 5.09613276 -31.0850353 16.7999992 9.39947033 -36.3028908 16.7999992 -30.7635479 6.77156878 16.7999992 -35.7802238 11.2261171 16.7999992 8.4271431 -30.3518257 16.7999992 13.0239468 -35.1657066 16.7999992 -29.8510742 10.0579987 16.7999992 -34.4609184 14.7883444 16.7999992 11.6593523 -29.2627659 16.7999992 16.51478 -33.6676712 16.7999992 -28.588625 13.2265062 16.7999992 -32.7879982 18.1988239 16.7999992 14.7548656 -27.8306293 16.7999992 19.8361511 -31.8241596 16.7999992 -26.9910011 16.2399464 16.7999992 -30.7786293 21.4225578 16.7999992 17.677393 -26.0722027 16.7999992 22.9539738 -29.6540909 16.7999992 -25.076931 19.0629883 16.7999992 -28.4534302 24.4264679 16.7999992 20.3926678 -24.0081043 16.7999992 25.8362598 -27.1797295 16.7999992 -22.8688583 21.6625328 16.7999992 22.8688583 -21.6625328 16.7999992 -25.8362598 27.1797295 16.7999992 -20.3926678 24.0081043 16.7999992 28.4534302 -24.4264679 16.7999992 25.076931 -19.0629883 16.7999992 -22.9539738 29.6540909 16.7999992 -17.677393 26.0722027 16.7999992 30.7786293 -21.4225578 16.7999992 26.9910011 -16.2399464 16.7999992 -19.8361511 31.8241596 16.7999992 -14.7548656 27.8306293 16.7999992 32.7879982 -18.1988239 16.7999992 28.588625 -13.2265062 16.7999992 -16.51478 33.6676712 16.7999992 -11.6593523 29.2627659 16.7999992 34.4609184 -14.7883444 16.7999992 29.8510742 -10.0579987 16.7999992 -13.0239468 35.1657066 16.7999992 -8.4271431 30.3518257 16.7999992 35.7802238 -11.2261171 16.7999992 30.7635479 -6.77156878 16.7999992 -9.39947033 36.3028908 16.7999992 -5.09613276 31.0850353 16.7999992 36.7323723 -7.54869461 16.7999992 31.3153458 -3.40574908 16.7999992 -5.67854166 37.0675621 16.7999992 -1.70537567 31.4538021 16.7999992 37.3075981 -3.79381204 16.7999992 31.5 3.85763749e-15 16.7999992 -1.89934385 37.45187 16.7999992 37.5 4.59242545e-15 16.7999992 1.89934385 37.45187 16.7999992 1.70537567 31.4538021 16.7999992 37.3075981 3.79381204 16.7999992 31.3153458 3.40574908 16.7999992 5.67854166 37.0675621 16.7999992 5.09613276 31.0850353 16.7999992 36.7323723 7.54869461 16.7999992 30.7635479 6.77156878 16.7999992 9.39947033 36.3028908 16.7999992 8.4271431 30.3518257 16.7999992 35.7802238 11.2261171 16.7999992 29.8510742 10.0579987 16.7999992 13.0239468 35.1657066 16.7999992 11.6593523 29.2627659 16.7999992 34.4609184 14.7883444 16.7999992 28.588625 13.2265062 16.7999992 16.51478 33.6676712 16.7999992 14.7548656 27.8306293 16.7999992 32.7879982 18.1988239 16.7999992 26.9910011 16.2399464 16.7999992 19.8361511 31.8241596 16.7999992 17.677393 26.0722027 16.7999992 30.7786293 21.4225578 16.7999992 25.076931 19.0629883 16.7999992 22.9539738 29.6540909 16.7999992 20.3926678 24.0081043 16.7999992 28.4534302 24.4264679 16.7999992 22.8688583 21.6625328 16.7999992 25.8362598 27.1797295 16.7999992 -31.5 0 10 -31.3153458 3.40574908 16.7999992 -31.5 0 16.7999992 -31.3153458 3.40574908 10 -30.7635479 6.77156878 16.7999992 -30.7635479 6.77156878 10 -29.8510742 10.0579987 16.7999992 -29.8510742 10.0579987 10 -28.588625 13.2265062 16.7999992 -28.588625 13.2265062 10 -26.9910011 16.2399464 16.7999992 -26.9910011 16.2399464 10 -25.076931 19.0629883 16.7999992 -25.076931 19.0629883 10 -22.8688583 21.6625328 16.7999992 -22.8688583 21.6625328 10 -20.3926678 24.0081043 16.7999992 -20.3926678 24.0081043 10 -17.677393 26.0722027 16.7999992 -17.677393 26.0722027 10 -14.7548656 27.8306293 10 -14.7548656 27.8306293 16.7999992 -11.6593523 29.2627659 10 -11.6593523 29.2627659 16.7999992 -8.4271431 30.3518257 10 -8.4271431 30.3518257 16.7999992 -5.09613276 31.0850353 10 -5.09613276 31.0850353 16.7999992 -1.70537567 31.4538021 10 -1.70537567 31.4538021 16.7999992 1.70537567 31.4538021 10 1.70537567 31.4538021 16.7999992 5.09613276 31.0850353 10 5.09613276 31.0850353 16.7999992 8.4271431 30.3518257 10 8.4271431 30.3518257 16.7999992 11.6593523 29.2627659 10 11.6593523 29.2627659 16.7999992 14.7548656 27.8306293 10 14.7548656 27.8306293 16.7999992 17.677393 26.0722027 10 17.677393 26.0722027 16.7999992 20.3926678 24.0081043 10 20.3926678 24.0081043 16.7999992 22.8688583 21.6625328 10 22.8688583 21.6625328 16.7999992 25.076931 19.0629883 10 25.076931 19.0629883 16.7999992 26.9910011 16.2399464 10 26.9910011 16.2399464 16.7999992 28.588625 13.2265062 10 28.588625 13.2265062 16.7999992 29.8510742 10.0579987 10 29.8510742 10.0579987 16.7999992 30.7635479 6.77156878 10 30.7635479 6.77156878 16.7999992 31.3153458 3.40574908 10 31.3153458 3.40574908 16.7999992 31.5 3.85763749e-15 10 31.5 3.85763749e-15 16.7999992 -19.5522823 -20.3935165 10 -20.1477547 -19.8659744 10 -22.8688583 -21.6625328 10 -20.3926678 -24.0081043 10 -20.5996742 -19.211256 10 -18.8478661 -20.7632236 10 -20.8817768 -18.467411 10 -25.076931 -19.0629883 10 -18.0754414 -20.9536095 10 -17.677393 -26.0722027 10 -20.9776688 -17.6776695 10 -17.2798977 -20.9536095 10 -20.8817768 -16.887928 10 -26.9910011 -16.2399464 10 -16.507473 -20.7632236 10 -14.7548656 -27.8306293 10 -20.5996742 -16.144083 10 -15.8030558 -20.3935165 10 -20.1477547 -15.4893646 10 -28.588625 -13.2265062 10 -15.2075844 -19.8659744 10 -11.6593523 -29.2627659 10 -19.5522823 -14.9618225 10 -29.8510742 -10.0579987 10 -14.7556648 -19.211256 10 -8.4271431 -30.3518257 10 -18.8478661 -14.5921164 10 -11.5455666 -10.7127209 10 -15.8030558 -14.9618225 10 -15.2075844 -15.4893646 10 -16.507473 -14.5921164 10 -9.81996441 -12.3138456 10 -14.7556648 -16.144083 10 -14.4735613 -16.887928 10 -13.0132608 -8.87229061 10 -17.2798977 -14.4017305 10 -7.875 -13.6399002 10 -14.3776693 -17.6776695 10 -14.4735613 -18.467411 10 -14.1902599 -6.83366871 10 -18.0754414 -14.4017305 10 -5.7541213 -14.6612616 10 -15.050272 -4.64239407 10 -30.7635479 -6.77156878 10 -3.50470471 -15.3551149 10 -5.09613276 -31.0850353 10 -15.5740852 -2.34741569 10 -31.3153458 -3.40574908 10 -1.17699897 -15.7059603 10 -1.70537567 -31.4538021 10 -15.75 1.92881875e-15 10 -31.3153458 3.40574908 10 -31.5 0 10 1.17699897 -15.7059603 10 1.70537567 -31.4538021 10 5.09613276 -31.0850353 10 -15.5740852 2.34741569 10 -30.7635479 6.77156878 10 3.50470471 -15.3551149 10 8.4271431 -30.3518257 10 -15.050272 4.64239407 10 -29.8510742 10.0579987 10 5.7541213 -14.6612616 10 15.2075844 -19.8659744 10 11.6593523 -29.2627659 10 14.7548656 -27.8306293 10 -20.1477547 15.4893646 10 -26.9910011 16.2399464 10 -28.588625 13.2265062 10 15.8030558 -20.3935165 10 -19.5522823 14.9618225 10 14.7556648 -19.211256 10 -20.5996742 16.144083 10 16.507473 -20.7632236 10 17.677393 -26.0722027 10 -18.8478661 14.5921164 10 -14.1902599 6.83366871 10 14.4735613 -18.467411 10 7.875 -13.6399002 10 -20.8817768 16.887928 10 -25.076931 19.0629883 10 17.2798977 -20.9536095 10 -18.0754414 14.4017305 10 14.3776693 -17.6776695 10 -20.9776688 17.6776695 10 18.0754414 -20.9536095 10 20.3926678 -24.0081043 10 -17.2798977 14.4017305 10 -13.0132608 8.87229061 10 14.4735613 -16.887928 10 9.81996441 -12.3138456 10 -20.8817768 18.467411 10 18.8478661 -20.7632236 10 -16.507473 14.5921164 10 14.7556648 -16.144083 10 -22.8688583 21.6625328 10 -20.5996742 19.211256 10 19.5522823 -20.3935165 10 -11.5455666 10.7127209 10 -15.8030558 14.9618225 10 15.2075844 -15.4893646 10 -20.1477547 19.8659744 10 -15.2075844 15.4893646 10 11.5455666 -10.7127209 10 15.8030558 -14.9618225 10 -19.5522823 20.3935165 10 22.8688583 -21.6625328 10 20.1477547 -19.8659744 10 20.5996742 -19.211256 10 16.507473 -14.5921164 10 20.8817768 -18.467411 10 -9.81996441 12.3138456 10 -14.7556648 16.144083 10 -14.4735613 16.887928 10 -20.3926678 24.0081043 10 -18.8478661 20.7632236 10 -18.0754414 20.9536095 10 13.0132608 -8.87229061 10 17.2798977 -14.4017305 10 -7.875 13.6399002 10 -14.4735613 18.467411 10 -14.3776693 17.6776695 10 25.076931 -19.0629883 10 20.8817768 -16.887928 10 20.9776688 -17.6776695 10 14.1902599 -6.83366871 10 18.0754414 -14.4017305 10 18.8478661 -14.5921164 10 -17.677393 26.0722027 10 -17.2798977 20.9536095 10 -16.507473 20.7632236 10 -5.7541213 14.6612616 10 -14.7556648 19.211256 10 15.050272 -4.64239407 10 26.9910011 -16.2399464 10 20.5996742 -16.144083 10 20.1477547 -15.4893646 10 -14.7548656 27.8306293 10 -15.8030558 20.3935165 10 -15.2075844 19.8659744 10 28.588625 -13.2265062 10 19.5522823 -14.9618225 10 -11.6593523 29.2627659 10 29.8510742 -10.0579987 10 -8.4271431 30.3518257 10 -3.50470471 15.3551149 10 30.7635479 -6.77156878 10 15.5740852 -2.34741569 10 -5.09613276 31.0850353 10 -1.17699897 15.7059603 10 31.3153458 -3.40574908 10 15.75 0 10 -1.70537567 31.4538021 10 15.2075844 15.4893646 10 9.81996441 12.3138456 10 11.5455666 10.7127209 10 15.8030558 14.9618225 10 14.7556648 16.144083 10 16.507473 14.5921164 10 13.0132608 8.87229061 10 14.4735613 16.887928 10 7.875 13.6399002 10 31.5 3.85763749e-15 10 17.2798977 14.4017305 10 14.1902599 6.83366871 10 14.3776693 17.6776695 10 18.0754414 14.4017305 10 14.4735613 18.467411 10 5.7541213 14.6612616 10 1.70537567 31.4538021 10 1.17699897 15.7059603 10 18.8478661 14.5921164 10 15.050272 4.64239407 10 14.7556648 19.211256 10 31.3153458 3.40574908 10 15.5740852 2.34741569 10 5.09613276 31.0850353 10 3.50470471 15.3551149 10 30.7635479 6.77156878 10 8.4271431 30.3518257 10 29.8510742 10.0579987 10 19.5522823 14.9618225 10 11.6593523 29.2627659 10 15.2075844 19.8659744 10 28.588625 13.2265062 10 20.1477547 15.4893646 10 14.7548656 27.8306293 10 15.8030558 20.3935165 10 16.507473 20.7632236 10 26.9910011 16.2399464 10 20.5996742 16.144083 10 20.8817768 16.887928 10 17.677393 26.0722027 10 17.2798977 20.9536095 10 18.0754414 20.9536095 10 25.076931 19.0629883 10 20.9776688 17.6776695 10 20.8817768 18.467411 10 20.3926678 24.0081043 10 18.8478661 20.7632236 10 19.5522823 20.3935165 10 22.8688583 21.6625328 10 20.5996742 19.211256 10 20.1477547 19.8659744 10 15.5740852 2.34741569 10 15.75 0 0 15.75 0 10 15.5740852 2.34741569 0 15.050272 4.64239407 10 15.050272 4.64239407 0 14.1902599 6.83366871 10 14.1902599 6.83366871 0 13.0132608 8.87229061 10 13.0132608 8.87229061 0 11.5455666 10.7127209 10 11.5455666 10.7127209 0 9.81996441 12.3138456 10 9.81996441 12.3138456 0 7.875 13.6399002 0 7.875 13.6399002 10 5.7541213 14.6612616 10 5.7541213 14.6612616 0 3.50470471 15.3551149 10 3.50470471 15.3551149 0 1.17699897 15.7059603 10 1.17699897 15.7059603 0 -1.17699897 15.7059603 10 -1.17699897 15.7059603 0 -3.50470471 15.3551149 10 -3.50470471 15.3551149 0 -5.7541213 14.6612616 10 -5.7541213 14.6612616 0 -7.875 13.6399002 10 -7.875 13.6399002 0 -9.81996441 12.3138456 10 -9.81996441 12.3138456 0 -11.5455666 10.7127209 10 -11.5455666 10.7127209 0 -13.0132608 8.87229061 0 -13.0132608 8.87229061 10 -14.1902599 6.83366871 10 -14.1902599 6.83366871 0 -15.050272 4.64239407 0 -15.050272 4.64239407 10 -15.5740852 2.34741569 10 -15.5740852 2.34741569 0 -15.75 1.92881875e-15 10 -15.75 1.92881875e-15 0 -14.4735613 -16.887928 10 -14.3776693 -17.6776695 0 -14.3776693 -17.6776695 10 -14.4735613 -16.887928 0 -14.7556648 -16.144083 10 -14.7556648 -16.144083 0 -15.2075844 -15.4893646 10 -15.2075844 -15.4893646 0 -15.8030558 -14.9618225 0 -15.8030558 -14.9618225 10 -16.507473 -14.5921164 10 -16.507473 -14.5921164 0 -17.2798977 -14.4017305 10 -17.2798977 -14.4017305 0 -18.0754414 -14.4017305 10 -18.0754414 -14.4017305 0 -18.8478661 -14.5921164 0 -18.8478661 -14.5921164 10 -19.5522823 -14.9618225 10 -19.5522823 -14.9618225 0 -20.1477547 -15.4893646 10 -20.1477547 -15.4893646 0 -20.5996742 -16.144083 0 -20.5996742 -16.144083 10 -20.8817768 -16.887928 10 -20.8817768 -16.887928 0 -20.9776688 -17.6776695 10 -20.9776688 -17.6776695 0 20.8817768 -16.887928 10 20.9776688 -17.6776695 0 20.9776688 -17.6776695 10 20.8817768 -16.887928 0 20.5996742 -16.144083 10 20.5996742 -16.144083 0 20.1477547 -15.4893646 10 20.1477547 -15.4893646 0 19.5522823 -14.9618225 0 19.5522823 -14.9618225 10 18.8478661 -14.5921164 10 18.8478661 -14.5921164 0 18.0754414 -14.4017305 10 18.0754414 -14.4017305 0 17.2798977 -14.4017305 10 17.2798977 -14.4017305 0 16.507473 -14.5921164 0 16.507473 -14.5921164 10 15.8030558 -14.9618225 10 15.8030558 -14.9618225 0 15.2075844 -15.4893646 10 15.2075844 -15.4893646 0 14.7556648 -16.144083 0 14.7556648 -16.144083 10 14.4735613 -16.887928 10 14.4735613 -16.887928 0 14.3776693 -17.6776695 10 14.3776693 -17.6776695 0 20.8817768 18.467411 10 20.9776688 17.6776695 0 20.9776688 17.6776695 10 20.8817768 18.467411 0 20.5996742 19.211256 10 20.5996742 19.211256 0 20.1477547 19.8659744 10 20.1477547 19.8659744 0 19.5522823 20.3935165 0 19.5522823 20.3935165 10 18.8478661 20.7632236 10 18.8478661 20.7632236 0 18.0754414 20.9536095 10 18.0754414 20.9536095 0 17.2798977 20.9536095 10 17.2798977 20.9536095 0 16.507473 20.7632236 0 16.507473 20.7632236 10 15.8030558 20.3935165 10 15.8030558 20.3935165 0 15.2075844 19.8659744 10 15.2075844 19.8659744 0 14.7556648 19.211256 0 14.7556648 19.211256 10 14.4735613 18.467411 10 14.4735613 18.467411 0 14.3776693 17.6776695 10 14.3776693 17.6776695 0 -14.4735613 18.467411 10 -14.3776693 17.6776695 0 -14.3776693 17.6776695 10 -14.4735613 18.467411 0 -14.7556648 19.211256 10 -14.7556648 19.211256 0 -15.2075844 19.8659744 10 -15.2075844 19.8659744 0 -15.8030558 20.3935165 0 -15.8030558 20.3935165 10 -16.507473 20.7632236 10 -16.507473 20.7632236 0 -17.2798977 20.9536095 10 -17.2798977 20.9536095 0 -18.0754414 20.9536095 10 -18.0754414 20.9536095 0 -18.8478661 20.7632236 0 -18.8478661 20.7632236 10 -19.5522823 20.3935165 10 -19.5522823 20.3935165 0 -20.1477547 19.8659744 10 -20.1477547 19.8659744 0 -20.5996742 19.211256 0 -20.5996742 19.211256 10 -20.8817768 18.467411 10 -20.8817768 18.467411 0 -20.9776688 17.6776695 10 -20.9776688 17.6776695 0 -20 58.5 10 -20 57.282196 0 -20 57.282196 10 -20 58.9450417 10.0501442 -20 59.3677673 10.1980619 -20 64.2530212 10.4363375 -20 59.7469788 10.4363375 -20 60.0636635 10.7530203 -20 63.9363365 10.7530203 -20 63.6980629 11.1322327 -20 60.3019371 11.1322327 -20 64.6322327 10.1980619 -20 63.5501442 11.5549583 -20 60.4498558 11.5549583 -20 60.5 12 -20 65.0549545 10.0501442 -20 68.5 0 -20 63.5 12 -20 65.5 10 -20 68.5 10 -20 63.5 20 -20 60.5 20 20 65.5 12 20 65.5 20 20 62.5 20 20 62.5 12 20 62.4498558 11.5549583 20 65.5501404 11.5549583 20 65.6980591 11.1322327 20 62.3019371 11.1322327 20 65.9363403 10.7530203 20 62.0636635 10.7530203 20 61.7469788 10.4363375 20 66.2530212 10.4363375 20 61.3677673 10.1980619 20 66.6322327 10.1980619 20 57.282196 0 20 60.9450417 10.0501442 20 60.5 10 20 57.282196 10 20 68.5 0 20 68.5 10 20 67.5 10 20 67.0549545 10.0501442 47 107.5 10 47 107.5 0 -47 107.5 0 -47 107.5 10 47 78.5 10 30 78.5 10 30 78.5 0 47 78.5 0 -30 78.5 0 -30 78.5 10 -47 78.5 10 -47 78.5 0 49.6846199 93.5384598 10 49.75 93 0 49.75 93 10 49.6846199 93.5384598 0 49.4922752 94.0456238 10 49.4922752 94.0456238 0 49.1841507 94.4920273 0 49.1841507 94.4920273 10 48.7781448 94.8517151 10 48.7781448 94.8517151 0 48.2978592 95.1037903 10 48.2978592 95.1037903 0 47.7712059 95.2335968 0 47.7712059 95.2335968 10 47.2287941 95.2335968 10 47.2287941 95.2335968 0 46.7021408 95.1037903 10 46.7021408 95.1037903 0 46.2218552 94.8517151 10 46.2218552 94.8517151 0 45.8158493 94.4920273 10 45.8158493 94.4920273 0 45.5077248 94.0456238 0 45.5077248 94.0456238 10 45.3153801 93.5384598 0 45.3153801 93.5384598 10 45.25 93 10 45.25 93 0 -45.3153801 93.5384598 10 -45.25 93 0 -45.25 93 10 -45.3153801 93.5384598 0 -45.5077248 94.0456238 10 -45.5077248 94.0456238 0 -45.8158493 94.4920273 0 -45.8158493 94.4920273 10 -46.2218552 94.8517151 10 -46.2218552 94.8517151 0 -46.7021408 95.1037903 10 -46.7021408 95.1037903 0 -47.2287941 95.2335968 0 -47.2287941 95.2335968 10 -47.7712059 95.2335968 10 -47.7712059 95.2335968 0 -48.2978592 95.1037903 10 -48.2978592 95.1037903 0 -48.7781448 94.8517151 10 -48.7781448 94.8517151 0 -49.1841507 94.4920273 10 -49.1841507 94.4920273 0 -49.4922752 94.0456238 0 -49.4922752 94.0456238 10 -49.6846199 93.5384598 0 -49.6846199 93.5384598 10 -49.75 93 10 -49.75 93 0 -49.2971115 107.323067 10 -47 107.5 10 -47 107.5 0 -49.2971115 107.323067 0 -51.5400276 106.79644 10 -51.5400276 106.79644 0 -53.6758423 105.932541 10 -53.6758423 105.932541 0 -55.6541672 104.751755 10 -55.6541672 104.751755 0 -57.4283257 103.281929 10 -57.4283257 103.281929 0 -58.9564705 101.557747 10 -58.9564705 101.557747 0 -60.2025452 99.6198883 10 -60.2025452 99.6198883 0 -61.1371574 97.5140533 10 -61.1371574 97.5140533 0 -61.7382584 95.2899399 10 -61.7382584 95.2899399 0 -61.9916649 93 10 -61.9916649 93 0 -61.7382584 90.7100601 10 -61.9916649 93 0 -61.7382584 90.7100601 0 -61.9916649 93 10 -61.1371574 88.4859467 10 -61.1371574 88.4859467 0 -60.2025452 86.3801117 10 -60.2025452 86.3801117 0 -58.9564705 84.4422531 10 -58.9564705 84.4422531 0 -57.4283257 82.718071 10 -57.4283257 82.718071 0 -55.6541672 81.2482452 10 -55.6541672 81.2482452 0 -53.6758423 80.0674591 10 -53.6758423 80.0674591 0 -51.5400276 79.2035599 10 -51.5400276 79.2035599 0 -49.2971115 78.6769333 10 -49.2971115 78.6769333 0 -47 78.5 10 -47 78.5 0 61.7382584 95.2899399 10 61.9916649 93 10 61.9916649 93 0 61.7382584 95.2899399 0 61.1371574 97.5140533 10 61.1371574 97.5140533 0 60.2025452 99.6198883 10 60.2025452 99.6198883 0 58.9564705 101.557747 10 58.9564705 101.557747 0 57.4283257 103.281929 10 57.4283257 103.281929 0 55.6541672 104.751755 10 55.6541672 104.751755 0 53.6758423 105.932541 10 53.6758423 105.932541 0 51.5400276 106.79644 10 51.5400276 106.79644 0 49.2971115 107.323067 10 49.2971115 107.323067 0 47 107.5 10 47 107.5 0 49.2971115 78.6769333 10 47 78.5 0 49.2971115 78.6769333 0 47 78.5 10 51.5400276 79.2035599 10 51.5400276 79.2035599 0 53.6758423 80.0674591 10 53.6758423 80.0674591 0 55.6541672 81.2482452 10 55.6541672 81.2482452 0 57.4283257 82.718071 10 57.4283257 82.718071 0 58.9564705 84.4422531 10 58.9564705 84.4422531 0 60.2025452 86.3801117 10 60.2025452 86.3801117 0 61.1371574 88.4859467 10 61.1371574 88.4859467 0 61.7382584 90.7100601 10 61.7382584 90.7100601 0 61.9916649 93 10 61.9916649 93 0 -20.1784897 52.4684868 0 -20 57.282196 10 -20 57.282196 0 -20.1784897 52.4684868 10 -20.7129784 47.6812172 0 -20.7129784 47.6812172 10 -21.6005306 42.9466743 0 -21.6005306 42.9466743 10 -22.8362713 38.290863 0 -22.8362713 38.290863 10 -24.413414 33.7393494 0 -24.413414 33.7393494 10 -26.3232975 29.3171368 0 -26.3232975 29.3171368 10 -28.5554333 25.0485058 0 -28.5554333 25.0485058 10 -31.0975609 20.9569016 0 -31.0975609 20.9569016 10 28.5554333 25.0485058 0 31.0975609 20.9569016 10 31.0975609 20.9569016 0 28.5554333 25.0485058 10 26.3232975 29.3171368 0 26.3232975 29.3171368 10 24.413414 33.7393494 0 24.413414 33.7393494 10 22.8362713 38.290863 0 22.8362713 38.290863 10 21.6005306 42.9466743 0 21.6005306 42.9466743 10 20.7129784 47.6812172 0 20.7129784 47.6812172 10 20.1784897 52.4684868 0 20.1784897 52.4684868 10 20 57.282196 0 20 57.282196 10 -28.0490971 78.3078537 0 -30 78.5 10 -30 78.5 0 -28.0490971 78.3078537 10 -26.1731663 77.7387924 0 -26.1731663 77.7387924 10 -24.4442978 76.8146973 0 -24.4442978 76.8146973 10 -22.9289322 75.5710678 0 -22.9289322 75.5710678 10 -21.6853046 74.0557022 0 -21.6853046 74.0557022 10 -20.7612038 72.3268356 0 -20.7612038 72.3268356 10 -20.1921463 70.4509048 0 -20.1921463 70.4509048 10 -20 68.5 0 -20 68.5 10 28.0490971 78.3078537 10 30 78.5 0 30 78.5 10 28.0490971 78.3078537 0 26.1731663 77.7387924 10 26.1731663 77.7387924 0 24.4442978 76.8146973 10 24.4442978 76.8146973 0 22.9289322 75.5710678 10 22.9289322 75.5710678 0 21.6853046 74.0557022 10 21.6853046 74.0557022 0 20.7612038 72.3268356 10 20.7612038 72.3268356 0 20.1921463 70.4509048 10 20.1921463 70.4509048 0 20 68.5 10 20 68.5 0 20 65.5 12 1.73205078 65.5 20 20 65.5 20 1.73205078 65.5 12 1.73205078 65.5 20 -1.73205078 63.5 12 -1.73205078 63.5 20 1.73205078 65.5 12 -1.73205078 63.5 12 -20 63.5 20 -1.73205078 63.5 20 -20 63.5 12 -0.928203225 60.5 12 -20 60.5 20 -20 60.5 12 -0.928203225 60.5 20 -0.928203225 60.5 20 2.53589845 62.5 12 2.53589845 62.5 20 -0.928203225 60.5 12 20 62.5 20 2.53589845 62.5 12 20 62.5 12 2.53589845 62.5 20 2.53589845 62.5 20 20 62.5 20 20 65.5 20 1.73205078 65.5 20 -1.73205078 63.5 20 -0.928203225 60.5 20 -20 60.5 20 -20 63.5 20 2.54009628 62.484333 11.7501554 20 62.5 12 2.53589845 62.5 12 20 62.4498558 11.5549583 2.55337763 62.4347687 11.4933672 20 62.3019371 11.1322327 2.59035087 62.2967796 11.1216049 2.64846969 62.0798759 10.7736292 20 62.0636635 10.7530203 2.72547388 61.7924957 10.4737434 20 61.7469788 10.4363375 2.82730508 61.4124565 10.220274 20 61.3677673 10.1980619 2.95019388 60.9538269 10.0521708 20 60.9450417 10.0501442 3.07179666 60.5 10 20 60.5 10 -0.928203225 60.5 12 2.54009628 62.484333 11.7501554 2.53589845 62.5 12 -0.92400527 60.484333 11.7501554 2.55337763 62.4347687 11.4933672 -0.910724103 60.4347687 11.4933672 2.59035087 62.2967796 11.1216049 -0.873750865 60.2967796 11.1216049 2.64846969 62.0798759 10.7736292 -0.815631807 60.0798759 10.7736292 2.72547388 61.7924957 10.4737434 -0.738627613 59.7924957 10.4737434 2.82730508 61.4124565 10.220274 -0.636796474 59.4124565 10.220274 2.95019388 60.9538269 10.0521708 -0.513907731 58.9538269 10.0521708 3.07179666 60.5 10 -0.392304838 58.5 10 -20 60.5 12 -0.92400527 60.484333 11.7501554 -0.928203225 60.5 12 -20 60.4498558 11.5549583 -0.910724103 60.4347687 11.4933672 -20 60.3019371 11.1322327 -0.815631807 60.0798759 10.7736292 -0.873750865 60.2967796 11.1216049 -20 60.0636635 10.7530203 -0.738627613 59.7924957 10.4737434 -20 59.7469788 10.4363375 -0.636796474 59.4124565 10.220274 -20 59.3677673 10.1980619 -0.513907731 58.9538269 10.0521708 -20 58.9450417 10.0501442 -20 58.5 10 -0.392304838 58.5 10 20 65.5501404 11.5549583 1.73205078 65.5 12 20 65.5 12 1.71856391 65.5503311 11.5541277 20 65.6980591 11.1322327 1.67511797 65.7124786 11.1029167 20 65.9363403 10.7530203 1.60950685 65.9573364 10.727129 20 66.2530212 10.4363375 1.53162909 66.2479858 10.4403667 1.44084215 66.5868073 10.2206526 20 66.6322327 10.1980619 1.34327769 66.9509201 10.076848 20 67.0549545 10.0501442 1.26870763 67.2292175 10.0184155 20 67.5 10 1.19615245 67.5 10 -1.73624873 63.515667 11.7501554 -20 63.5 12 -1.73205078 63.5 12 -20 63.5501442 11.5549583 -1.74952996 63.5652313 11.4933672 -20 63.6980629 11.1322327 -1.7865032 63.7032204 11.1216049 -1.84462225 63.9201241 10.7736292 -20 63.9363365 10.7530203 -1.92162645 64.2075043 10.4737434 -20 64.2530212 10.4363375 -2.02345753 64.5875473 10.220274 -20 64.6322327 10.1980619 -2.14634633 65.0461731 10.0521708 -20 65.0549545 10.0501442 -2.2679491 65.5 10 -20 65.5 10 1.73205078 65.5 12 -1.73624873 63.515667 11.7501554 -1.73205078 63.5 12 1.71856391 65.5503311 11.5541277 -1.74952996 63.5652313 11.4933672 1.67511797 65.7124786 11.1029167 -1.84462225 63.9201241 10.7736292 -1.7865032 63.7032204 11.1216049 1.60950685 65.9573364 10.727129 -1.92162645 64.2075043 10.4737434 1.53162909 66.2479858 10.4403667 -2.02345753 64.5875473 10.220274 1.44084215 66.5868073 10.2206526 1.34327769 66.9509201 10.076848 -2.14634633 65.0461731 10.0521708 1.26870763 67.2292175 10.0184155 -2.2679491 65.5 10 1.19615245 67.5 10 </float_array>
          <technique_common>
            <accessor count="1826" offset="0" source="#meshesQ0S-positions-array" stride="3">
              <param name="X" type="float" />
              <param name="Y" type="float" />
              <param name="Z" type="float" />
            </accessor>
          </technique_common>
        </source>
        <source id="meshesQ0S-normals" name="meshesQ0S-normals">
          <float_array id="meshesQ0S-normals-array" count="5478"> 0.992708862 0.120536678 -0 0.970941842 0.239315689 -0 0.992708862 0.120536678 -0 0.970941842 0.239315659 -0 0.885456026 0.46472317 -0 0.885456026 0.46472317 -0 0.748510718 0.663122714 -0 0.748510718 0.663122714 -0 0.600882232 0.799337566 -0 0.534317851 0.845283628 -0 0.35460487 0.935016274 -0 0.35460487 0.935016274 -0 0.120536685 0.992708862 -0 0.120536685 0.992708862 -0 -0.0802920535 0.996771395 -0 -0.160584107 0.987022161 -0 -0.316501915 0.948591888 -0 -0.392127663 0.919910789 -0 -0.534317851 0.845283628 -0 -0.600882232 0.799337566 -0 -0.721081138 0.692850649 -0 -0.774715662 0.632309735 -0 -0.885456026 0.46472317 -0 -0.885456026 0.46472317 -0 -0.970941842 0.239315659 -0 -0.970941842 0.239315659 -0 -0.992708862 0.120536678 -0 -0.992708862 0.120536678 -0 0.992708862 0.120536678 -0 0.970941842 0.239315689 -0 0.992708862 0.120536678 -0 0.970941842 0.239315659 -0 0.885456026 0.46472317 -0 0.885456026 0.46472317 -0 0.748510718 0.663122714 -0 0.748510718 0.663122714 -0 0.600882232 0.799337566 -0 0.534317851 0.845283628 -0 0.35460487 0.935016274 -0 0.35460487 0.935016274 -0 0.120536685 0.992708862 -0 0.120536685 0.992708862 -0 -0.0802920535 0.996771395 -0 -0.160584107 0.987022161 -0 -0.316501915 0.948591888 -0 -0.392127663 0.919910789 -0 -0.534317851 0.845283628 -0 -0.600882232 0.799337566 -0 -0.721081138 0.692850649 -0 -0.774715662 0.632309735 -0 -0.885456026 0.46472317 -0 -0.885456026 0.46472317 -0 -0.970941842 0.239315659 -0 -0.970941842 0.239315659 -0 -0.992708862 0.120536678 -0 -0.992708862 0.120536678 -0 0.979825675 0.19985415 -0 0.992708862 0.120536678 -0 0.992708862 0.120536678 -0 0.960469365 0.278385609 -0 0.903525472 0.428534359 -0 0.865937889 0.500151575 -0 0.748510718 0.663122654 -0 0.748510718 0.663122654 -0 0.568064749 0.822983861 -0 0.568064749 0.822983861 -0 0.392127663 0.919910789 -0 0.316501945 0.948591888 -0 0.120536678 0.992708862 -0 0.120536678 0.992708862 -0 -0.120536678 0.992708862 -0 -0.120536678 0.992708862 -0 -0.316501945 0.948591888 -0 -0.392127663 0.919910789 -0 -0.568064809 0.822983861 -0 -0.568064749 0.822983861 -0 -0.748510718 0.663122654 -0 -0.748510718 0.663122654 -0 -0.865937889 0.500151575 -0 -0.903525472 0.428534359 -0 -0.970941842 0.239315659 -0 -0.970941842 0.239315659 -0 -0.992708862 0.120536678 -0 -0.992708862 0.120536678 -0 0.979825675 0.19985415 -0 0.992708862 0.120536678 -0 0.992708862 0.120536678 -0 0.960469365 0.278385609 -0 0.903525472 0.428534359 -0 0.865937889 0.500151575 -0 0.748510718 0.663122654 -0 0.748510718 0.663122654 -0 0.568064749 0.822983861 -0 0.568064749 0.822983861 -0 0.392127663 0.919910789 -0 0.316501945 0.948591888 -0 0.120536678 0.992708862 -0 0.120536678 0.992708862 -0 -0.120536678 0.992708862 -0 -0.120536678 0.992708862 -0 -0.316501945 0.948591888 -0 -0.392127663 0.919910789 -0 -0.568064809 0.822983861 -0 -0.568064749 0.822983861 -0 -0.748510718 0.663122654 -0 -0.748510718 0.663122654 -0 -0.865937889 0.500151575 -0 -0.903525472 0.428534359 -0 -0.970941842 0.239315659 -0 -0.970941842 0.239315659 -0 -0.992708862 0.120536678 -0 -0.992708862 0.120536678 -0 0.979825675 0.19985415 -0 0.992708862 0.120536678 -0 0.992708862 0.120536678 -0 0.960469365 0.278385609 -0 0.903525472 0.428534359 -0 0.865937889 0.500151575 -0 0.748510718 0.663122654 -0 0.748510718 0.663122654 -0 0.568064749 0.822983861 -0 0.568064749 0.822983861 -0 0.392127663 0.919910789 -0 0.316501945 0.948591888 -0 0.120536678 0.992708862 -0 0.120536678 0.992708862 -0 -0.120536678 0.992708862 -0 -0.120536678 0.992708862 -0 -0.316501945 0.948591888 -0 -0.392127663 0.919910789 -0 -0.568064809 0.822983861 -0 -0.568064749 0.822983861 -0 -0.748510718 0.663122654 -0 -0.748510718 0.663122654 -0 -0.865937889 0.500151575 -0 -0.903525472 0.428534359 -0 -0.970941842 0.239315659 -0 -0.970941842 0.239315659 -0 -0.992708862 0.120536678 -0 -0.992708862 0.120536678 -0 0.979825675 0.19985415 -0 0.992708862 0.120536678 -0 0.992708862 0.120536678 -0 0.960469365 0.278385609 -0 0.903525472 0.428534359 -0 0.865937889 0.500151575 -0 0.748510718 0.663122654 -0 0.748510718 0.663122654 -0 0.568064749 0.822983861 -0 0.568064749 0.822983861 -0 0.392127663 0.919910789 -0 0.316501945 0.948591888 -0 0.120536678 0.992708862 -0 0.120536678 0.992708862 -0 -0.120536678 0.992708862 -0 -0.120536678 0.992708862 -0 -0.316501945 0.948591888 -0 -0.392127663 0.919910789 -0 -0.568064809 0.822983861 -0 -0.568064749 0.822983861 -0 -0.748510718 0.663122654 -0 -0.748510718 0.663122654 -0 -0.865937889 0.500151575 -0 -0.903525472 0.428534359 -0 -0.970941842 0.239315659 -0 -0.970941842 0.239315659 -0 -0.992708862 0.120536678 -0 -0.992708862 0.120536678 -0 0.992244363 0.124302603 -0 0.997203827 0.0747300908 -0 0.997203827 0.0747300908 -0 0.984800577 0.173688963 -0 0.955572784 0.294755191 -0 0.955572784 0.294755191 -0 0.90096885 0.433883727 -0 0.90096885 0.433883727 -0 0.826238811 0.563320041 -0 0.826238811 0.563320041 -0 0.733051896 0.680172741 -0 0.733051896 0.680172741 -0 0.642819345 0.766017854 -0 0.603771448 0.797157466 -0 0.5 0.866025388 -0 0.5 0.866025388 -0 0.365341038 0.930873752 -0 0.365341067 0.930873752 -0 0.246797547 0.969067037 -0 0.198105559 0.980180681 -0 0.0747300908 0.997203827 -0 0.0747300908 0.997203827 -0 -0.0747300908 0.997203827 -0 -0.0747300908 0.997203827 -0 -0.222520947 0.974927902 -0 -0.222520947 0.974927902 -0 -0.365341067 0.930873752 -0 -0.365341067 0.930873752 -0 -0.5 0.866025388 -0 -0.5 0.866025388 -0 -0.623489797 0.781831503 -0 -0.623489797 0.781831503 -0 -0.733051896 0.680172741 -0 -0.733051896 0.680172741 -0 -0.826238811 0.563320041 -0 -0.826238811 0.563320041 -0 -0.889852941 0.456247509 -0 -0.911522865 0.41124934 -0 -0.947914183 0.318525881 -0 -0.962635458 0.270800591 -0 -0.984800577 0.173688963 -0 -0.992244363 0.124302603 -0 -0.997203827 0.0747300908 -0 -0.997203827 0.0747300908 -0 -0.99592936 0.0901374221 -1.69604279e-16 -0.998533428 0.0541389063 -1.11092373e-15 -0.998533428 0.0541389063 -0 -0.992021918 0.126065299 -7.66171794e-16 -0.980345607 0.197287947 6.20883515e-16 -0.972576618 0.232582718 -5.82453312e-16 -0.95326817 0.302125454 5.5094284e-16 -0.941728711 0.336373329 -6.91262635e-16 -0.915014565 0.403420776 4.64143138e-16 -0.899839878 0.436220288 -6.19932456e-16 -0.866033256 0.49998644 4.88065837e-16 -0.847401261 0.53095299 -6.42366388e-16 -0.806898475 0.590690136 2.75547944e-16 -0.785027683 0.619460702 -7.83307906e-16 -0.738303602 0.674468517 1.6818133e-16 -0.713450313 0.700705826 -6.15105321e-16 -0.661052704 0.750339448 3.28715673e-16 -0.633508444 0.773735821 -5.83610677e-16 -0.576051652 0.81741333 7.951516e-18 -0.54613924 0.837694407 -6.80082118e-16 -0.484296888 0.874903738 2.70589069e-16 -0.452367008 0.891831875 -3.27458358e-16 -0.386864126 0.922136724 1.43287495e-16 -0.353291214 0.935513377 -3.93662215e-16 -0.284895867 0.9585585 3.89719012e-16 -0.250073463 0.96822685 -1.49876723e-16 -0.179587409 0.983741999 8.35091106e-17 -0.143923745 0.989588797 -4.82128824e-16 -0.0721734241 0.997392118 5.29038581e-17 -0.036086712 0.99934864 -2.01361318e-16 0.036086712 0.99934864 1.24620966e-16 0.0721734166 0.997392118 -1.749424e-16 0.143923745 0.989588797 1.01690633e-16 0.179587409 0.983741999 -8.23874008e-17 0.250073463 0.96822685 1.25876666e-16 0.284895867 0.95855844 8.10909838e-17 0.353291243 0.935513377 2.81146091e-16 0.386864126 0.922136724 1.86242944e-16 0.452366978 0.891831875 1.543388e-16 0.484296888 0.874903738 -1.66449981e-17 0.54613924 0.837694407 -8.15123496e-17 0.576051652 0.81741333 -2.18258857e-16 0.633508444 0.773735821 -4.05160899e-16 0.661052763 0.750339448 -3.01758849e-16 0.713450313 0.700705826 -2.80047039e-16 0.738303602 0.674468577 -1.4281759e-16 0.796093106 0.605174184 -2.97782268e-16 0.847401261 0.53095299 -3.62924554e-16 0.796093047 0.605174184 -3.98988226e-16 0.866033256 0.49998641 -2.30829342e-16 0.907575428 0.419889122 -2.43359792e-16 0.907575428 0.419889092 -3.29988525e-16 0.947653174 0.319301546 -2.20598455e-16 0.976620555 0.214970455 -2.70681581e-16 0.947653174 0.319301546 -7.2698932e-17 0.976620555 0.21497044 -4.02055253e-16 0.992021918 0.126065299 -3.23347575e-16 0.99592936 0.0901374221 -1.34818409e-16 0.998533428 0.0541389063 -1.81900908e-16 0.998533428 0.0541389063 -0 -0.996598959 0.0824045464 4.64198047e-06 -0.998747647 0.0500306822 0.000140024902 -0.993194818 0.116464846 0.00018601249 -0.998779237 0.0493964888 -4.2097429e-16 -0.983450711 0.181175873 -8.0030637e-05 -0.976494133 0.215543777 0.00027411565 -0.960538089 0.278148353 -0.000160174168 -0.949935257 0.312446684 0.000357376906 -0.928088665 0.372359246 -0.000235788859 -0.913786232 0.406195164 0.000435796363 -0.881721377 0.471770465 -0.000261923677 -0.873022914 0.487678796 0.000657149998 -0.844976127 0.534803867 -0.000469724444 -0.814416587 0.580278695 0.00152359612 -0.855861247 0.517205536 0 -0.777680099 0.628659368 -0.00102026877 -0.752296746 0.65882206 0.00174358441 -0.711738944 0.702443004 -0.0012091205 -0.682633042 0.730758786 0.00193912745 -0.638828278 0.769348145 -0.00137575215 -0.606123924 0.79536742 0.00211022585 -0.559661925 0.828719616 -0.00152016513 -0.523536682 0.852000117 0.00225687982 -0.475015372 0.879975975 -0.00164235919 -0.435699612 0.900088966 0.00237909053 -0.385717303 0.922615349 -0.0017423355 -0.343493402 0.939151824 0.00247685844 -0.292642206 0.956220269 -0.00182009418 -0.247842744 0.968796909 0.0025501838 -0.196701527 0.980461597 -0.00187563605 -0.149706811 0.988727033 0.00259906752 -0.0988346636 0.995102048 -0.00190896099 -0.0500696339 0.998742282 0.00262350938 0 0.999998152 -0.00192006922 0.0500696339 0.998742282 0.00262350938 0.0988346636 0.995102048 -0.00190896099 0.149706811 0.988727033 0.00259906752 0.196701527 0.980461597 -0.00187563605 0.247842744 0.968796909 0.0025501838 0.292642236 0.956220269 -0.00182009442 0.343493402 0.939151824 0.00247685844 0.385717303 0.922615349 -0.0017423355 0.435699612 0.900088966 0.00237909053 0.475015402 0.879975915 -0.0016423593 0.523536742 0.852000117 0.00225687982 0.559661984 0.828719616 -0.00152016524 0.606123924 0.79536742 0.00211022585 0.638828278 0.769348145 -0.00137575227 0.682632983 0.730758786 0.00193912734 0.711738944 0.702443004 -0.0012091205 0.752296746 0.65882206 0.00174358441 0.777680099 0.628659368 -0.00102026877 0.814416587 0.580278695 0.00152359612 0.844976127 0.534803808 -0.000469724415 0.873022914 0.487678796 0.000657149998 0.881721318 0.471770525 -0.000261923677 0.913786232 0.406195164 0.000435796363 0.855861247 0.517205536 0 0.928088665 0.372359246 -0.000235788859 0.949935257 0.312446684 0.000357376906 0.960538089 0.278148353 -0.000160174168 0.976494133 0.215543777 0.00027411565 0.983450711 0.181175873 -8.0030637e-05 0.993194818 0.116464846 0.00018601249 0.996598959 0.0824045539 4.64198047e-06 0.998747647 0.0500306822 0.000140024902 0.998779237 0.0493964888 -4.22425786e-16 -0 -0 1 -0 -0 1 -0 -0 1 -0 -0 1 -0 -0 1 -0 -0 1 -0 -0 1 -0 -0 1 -0 -0 1 -0 -0 1 -0 -0 1 -0 -0 1 -0 -0 1 -0 -0 1 -0 -0 1 -0 -0 1 -0 -0 1 -0 -0 1 -0 -0 1 -0 -0 1 -0 -0 1 -0 -0 1 -0 -0 1 -0 -0 1 -0 -0 1 -0 -0 1 -0 -0 1 -0 -0 1 -0 -0 1 -0 -0 1 -0 -0 1 -0 -0 1 -0 -0 1 -0 -0 1 -0 -0 1 -0 -0 1 -0 -0 1 -0 -0 1 -0 -0 1 -0 -0 1 -0 -0 1 -0 -0 1 -0 -0 1 -0 -0 1 -0 -0 1 -0 -0 1 -0 -0 1 -0 -0 1 -0 -0 1 -0 -0 1 -0 -0 1 -0 -0 1 -0 -0 1 -0 -0 1 -0 -0 1 -0 -0 1 -0 -0 1 -0 -0 1 -0 -0 1 -0 -0 1 -0 -0 1 -0 -0 1 -0 -0 1 -0 -0 1 -0 -0 1 -0 -0 1 -0 -0 1 -0 -0 1 -0 -0 1 -0 -0 1 -0 -0 1 -0 -0 1 -0 -0 1 -0 -0 1 -0 -0 1 -0 -0 1 -0 -0 1 -0 -0 1 -0 -0 1 -0 -0 1 -0 -0 1 -0 -0 1 -0 -0 1 -0 -0 1 -0 -0 1 -0 -0 1 -0 -0 1 -0 -0 1 -0 -0 1 -0 -0 1 -0 -0 1 -0 -0 1 -0 -0 1 -0 -0 1 -0 -0 1 -0 -0 1 -0 -0 1 -0 -0 1 -0 -0 1 -0 -0 1 -0 -0 1 -0 -0 1 -0 -0 1 -0 -0 1 -0 -0 1 -0 -0 1 -0 -0 1 -0 -0 1 -0 -0 1 -0 -0 1 -0 -0 1 -0 -0 1 -0 -0 1 -0 -0 1 -0 -0 1 -0 -0 1 -0 -0 1 -0 -0 1 -0 -0 1 -0 -0 1 -0 -0 1 -0 -0 1 -0 -0 1 -0 -0 1 -0 -0 1 -0 -0 1 -0 -0 1 -0 -0 1 -0 -0 1 -0 -0 1 -0 -0 1 -0 -0 1 -0 -0 1 -0 -0 1 -0 -0 1 -0 -0 1 -0 -0 1 -0 -0 1 -0 -0 1 -0 -0 1 -0 -0 1 -0 -0 1 -0 -0 1 -0 -0 1 -0 -0 1 -0 -0 1 -0 -0 1 -0 -0 1 -0 -0 1 -0 -0 1 -0 -0 1 -0 -0 1 -0 -0 1 -0 -0 1 -0 -0 1 -0 -0 1 -0 -0 1 0.994869351 -0.101168327 -4.24198653e-16 0.998716533 -0.0506491698 -4.227403e-16 0.998716533 -0.0506491698 -4.23239203e-16 0.994869351 -0.101168327 -4.23446408e-16 0.982792437 -0.184713438 -4.24093912e-16 0.975987613 -0.217826113 -4.28724429e-16 0.954139233 -0.299363106 -4.44082751e-16 0.954139233 -0.299363136 -4.41216048e-16 0.918957829 -0.394355863 -4.65876909e-16 0.918957829 -0.394355863 -4.72060832e-16 0.874346614 -0.485301942 -4.2810321e-16 0.874346614 -0.485301942 -4.73628266e-16 0.83030194 -0.5573138 -3.57306714e-16 0.810990393 -0.585059464 -3.54204588e-16 0.76965946 -0.638454676 -4.10251594e-16 0.747639954 -0.664104223 -4.58993707e-16 0.701119184 -0.713044107 -4.48162538e-16 0.676617801 -0.736334443 -4.47956921e-16 0.62538451 -0.78031677 -4.54947855e-16 0.598652601 -0.801008761 -4.09207573e-16 0.543232501 -0.839582324 -3.53680169e-16 0.514544368 -0.857463717 -3.53424709e-16 0.455506235 -0.890232623 -4.1309826e-16 0.425156236 -0.905119956 -4.73098659e-16 0.363105834 -0.931747913 -4.73354092e-16 0.331405431 -0.943488419 -4.60675703e-16 0.266979486 -0.963702202 -4.49441717e-16 0.234253958 -0.972175419 -4.33335332e-16 0.151427776 -0.988468349 -4.28438397e-16 0.151427776 -0.988468349 -4.26070543e-16 0.0506491698 -0.998716533 -4.24072868e-16 0.0506491698 -0.998716533 -4.23068711e-16 -0.0506491698 -0.998716533 -4.24407579e-16 -0.0506491698 -0.998716533 -4.23738132e-16 -0.151427776 -0.988468349 -4.29695182e-16 -0.151427776 -0.988468349 -4.2933072e-16 -0.250652552 -0.968077123 -4.42833086e-16 -0.250652522 -0.968077123 -4.35943426e-16 -0.347305238 -0.937752128 -3.65127846e-16 -0.347305268 -0.937752128 -4.70625587e-16 -0.425156236 -0.905119956 -2.2289582e-16 -0.455506235 -0.890232623 -1.60936988e-16 -0.528964043 -0.848644257 -2.77461312e-16 -0.528964043 -0.848644257 -2.91324277e-16 -0.612105966 -0.790775716 -4.00426753e-16 -0.612105966 -0.790775716 -4.23853857e-16 -0.676617801 -0.736334383 -4.45658974e-16 -0.701119184 -0.713044107 -4.50073074e-16 -0.747639954 -0.664104223 -4.40989943e-16 -0.7696594 -0.638454676 -3.91370912e-16 -0.820763409 -0.57126826 -2.83186566e-16 -0.820763409 -0.57126826 -2.94374416e-16 -0.874346614 -0.485301971 -2.43676873e-16 -0.874346614 -0.485301942 -1.0477558e-16 -0.912160993 -0.40983206 -3.48218024e-16 -0.925492048 -0.378766984 -4.60317885e-16 -0.948943019 -0.315447539 -4.48820524e-16 -0.959062874 -0.283193171 -4.36390527e-16 -0.979529917 -0.201298505 -4.3417911e-16 -0.979529917 -0.20129852 -4.35568852e-16 -0.994869351 -0.101168327 -4.27304934e-16 -0.994869351 -0.101168327 -4.25821806e-16 -0.998716533 -0.0506491698 -4.23439605e-16 -0.998716533 -0.0506491698 -4.22399264e-16 -0 -0 -1 -0 -0 -1 -0 -0 -1 -0 -0 -1 -0 -0 -1 -0 -0 -1 -0 -0 -1 -0 -0 -1 -0 -0 -1 -0 -0 -1 -0 -0 -1 -0 -0 -1 -0 -0 -1 -0 -0 -1 -0 -0 -1 -0 -0 -1 -0 -0 -1 -0 -0 -1 -0 -0 -1 -0 -0 -1 -0 -0 -1 -0 -0 -1 -0 -0 -1 -0 -0 -1 -0 -0 -1 -0 -0 -1 -0 -0 -1 -0 -0 -1 -0 -0 -1 -0 -0 -1 -0 -0 -1 -0 -0 -1 -0 -0 -1 -0 -0 -1 -0 -0 -1 -0 -0 -1 -0 -0 -1 -0 -0 -1 -0 -0 -1 -0 -0 -1 -0 -0 -1 -0 -0 -1 -0 -0 -1 -0 -0 -1 -0 -0 -1 -0 -0 -1 -0 -0 -1 -0 -0 -1 -0 -0 -1 -0 -0 -1 -0 -0 -1 -0 -0 -1 -0 -0 -1 -0 -0 -1 -0 -0 -1 -0 -0 -1 -0 -0 -1 -0 -0 -1 -0 -0 -1 -0 -0 -1 -0 -0 -1 -0 -0 -1 -0 -0 -1 -0 -0 -1 -0 -0 -1 -0 -0 -1 -0 -0 -1 -0 -0 -1 -0 -0 -1 -0 -0 -1 -0 -0 -1 -0 -0 -1 -0 -0 -1 -0 -0 -1 -0 -0 -1 -0 -0 -1 -0 -0 -1 -0 -0 -1 -0 -0 -1 -0 -0 -1 -0 -0 -1 -0 -0 -1 -0 -0 -1 -0 -0 -1 -0 -0 -1 -0 -0 -1 -0 -0 -1 -0 -0 -1 -0 -0 -1 -0 -0 -1 -0 -0 -1 -0 -0 -1 -0 -0 -1 -0 -0 -1 -0 -0 -1 -0 -0 -1 -0 -0 -1 -0 -0 -1 -0 -0 -1 -0 -0 -1 -0 -0 -1 -0 -0 -1 -0 -0 -1 -0 -0 -1 -0 -0 -1 -0 -0 -1 -0 -0 -1 -0 -0 -1 -0 -0 -1 -0 -0 -1 -0 -0 -1 -0 -0 -1 -0 -0 -1 -0 -0 -1 -0 -0 -1 -0 -0 -1 -0 -0 -1 -0 -0 -1 -0 -0 -1 -0 -0 -1 -0 -0 -1 -0 -0 -1 -0 -0 -1 -0 -0 -1 -0 -0 -1 -0 -0 -1 -0 -0 -1 -0 -0 -1 -0 -0 -1 -0 -0 -1 -0 -0 -1 -0 -0 -1 -0 -0 -1 -0 -0 -1 -0 -0 -1 -0 -0 -1 -0 -0 -1 -0 -0 -1 -0 -0 -1 -0 -0 -1 -0 -0 -1 -0 -0 -1 -0 -0 -1 -0 -0 -1 -0 -0 -1 -0 -0 -1 -0 -0 -1 -0 -0 -1 -0 -0 -1 -0 -0 -1 -0 -0 -1 -0 -0 -1 -0 -0 -1 -0 -0 -1 -0 -0 -1 -0 -0 -1 -0 -0 -1 -0 -0 -1 -0 -0 -1 -0 -0 -1 -0 -0 -1 -0 -0 -1 -0 -0 -1 -0 -0 -1 -0 -0 -1 -0 -0 -1 -0 -0 -1 -0 -0 -1 -0 -0 -1 -0 -0 -1 -0 -0 -1 -0 -0 -1 -0 -0 -1 -0 -0 -1 -0 -0 -1 -0 -0 -1 -0 -0 -1 -0 -0 -1 -0 -0 -1 -0 -0 -1 -0 -0 -1 -0 -0 -1 -0 -0 -1 -0 -0 -1 -0 -0 -1 -0 -0 -1 -0 -0 -1 -0 -0 -1 -0 -0 -1 -0 -0 -1 -0 -0 -1 -0 -0 -1 -0 -0 -1 -0 -0 -1 -0 -0 -1 -0 -0 -1 -0 -0 -1 -0 -0 -1 -0 -0 -1 -0 -0 -1 -0 -0 -1 -0 -0 -1 -0 -0 -1 -0 -0 -1 -0 -0 -1 -0 -0 -1 -0 -0 -1 -0 -0 -1 -0 -0 -1 -0 -0 -1 -0 -0 -1 -0 -0 -1 -0 -0 -1 -0 -0 -1 -0 -0 -1 -0 -0 -1 -0 -0 -1 -0 -0 -1 -0 -0 -1 -0 -0 -1 -0 -0 -1 -0 -0 -1 -0 -0 -1 -0 -0 -1 -0 -0 -1 -0 -0 -1 -0 -0 -1 -0 -0 -1 -0 -0 -1 -0 -0 -1 -0 -0 -1 -0 -0 -1 -0 -0 -1 -0 -0 -1 -0 -0 -1 -0 -0 -1 -0 -0 -1 -0 -0 -1 -0 -0 -1 -0 -0 -1 -0 -0 -1 -0 -0 -1 -0 -0 -1 -0 -0 -1 -0 -0 -1 -0 -0 -1 -0 -0 -1 -0 -0 -1 -0 -0 -1 -0 -0 -1 -0 -0 -1 -0 -0 -1 -0 -0 -1 -0 -0 -1 -0 -0 -1 -0 -0 -1 -0 -0 -1 -0 -0 -1 -0 -0 -1 -0 -0 -1 -0 -0 -1 -0 -0 -1 -0 -0 -1 -0 -0 -1 -0 -0 -1 -0 -0 -1 -0 -0 -1 -0 -0 -1 -0 -0 -1 -0 -0 -1 -0 -0 -1 -0 -0 -1 -0 -0 -1 -0 -0 -1 -0 -0 -1 -0 -0 -1 -0 -0 -1 -0 -0 -1 -0 -0 -1 -0 -0 -1 -0 -0 -1 -0 -0 -1 -0 -0 -1 -0 -0 -1 -0 -0 -1 -0 -0 -1 -0 -0 -1 -0 -0 -1 -0 -0 -1 -0 -0 -1 -0 -0 -1 -0 -0 -1 -0 -0 -1 -0 -0 -1 -0 -0 -1 -0 -0 -1 -0 -0 -1 -0 -0 -1 -0 -0 -1 -0 -0 -1 -0 -0 -1 -0 -0 -1 -0 -0 -1 -0 -0 -1 -0 -0 -1 -0 -0 -1 -0 -0 -1 -0 -0 -1 -0 -0 -1 -0 -0 -1 -0 -0 -1 -0 -0 -1 -0 -0 -1 -0 -0 -1 -0 -0 -1 -0 -0 -1 -0 -0 -1 -0 -0 -1 0 0 1 0 0 1 0 0 1 0 0 1 0 0 1 0 0 1 0 0 1 0 0 1 0 0 1 0 0 1 0 0 1 0 0 1 0 0 1 0 0 1 0 0 1 0 0 1 0 0 1 0 0 1 0 0 1 0 0 1 0 0 1 0 0 1 0 0 1 0 0 1 0 0 1 0 0 1 0 0 1 0 0 1 0 0 1 0 0 1 0 0 1 0 0 1 0 0 1 0 0 1 0 0 1 0 0 1 0 0 1 0 0 1 0 0 1 0 0 1 0 0 1 0 0 1 0 0 1 0 0 1 0 0 1 0 0 1 0 0 1 0 0 1 0 0 1 0 0 1 0 0 1 0 0 1 0 0 1 0 0 1 0 0 1 0 0 1 0 0 1 0 0 1 0 0 1 0 0 1 0 0 1 0 0 1 0 0 1 0 0 1 0 0 1 0 0 1 0 0 1 0 0 1 0 0 1 0 0 1 0 0 1 0 0 1 0 0 1 0 0 1 0 0 1 0 0 1 0 0 1 0 0 1 0 0 1 0 0 1 0 0 1 0 0 1 0 0 1 0 0 1 0 0 1 0 0 1 0 0 1 0 0 1 0 0 1 0 0 1 0 0 1 0 0 1 0 0 1 0 0 1 0 0 1 0 0 1 0 0 1 0 0 1 0 0 1 0 0 1 0 0 1 0 0 1 0 0 1 0 0 1 0 0 1 0 0 1 0 0 1 0 0 1 0 0 1 0 0 1 0 0 1 0 0 1 0 0 1 0 0 1 0 0 1 0 0 1 0 0 1 0 0 1 0 0 1 0 0 1 0.998533428 -0.0541389063 1.81293426e-16 0.99592936 -0.0901374221 1.34412892e-16 0.998533428 -0.0541389063 -0 0.992021918 -0.126065299 3.23414967e-16 0.980345607 -0.197287947 2.81858816e-16 0.972576618 -0.232582718 3.47929874e-16 0.95326817 -0.302125454 1.2792196e-16 0.941728711 -0.336373329 2.11719419e-16 0.915014565 -0.403420776 1.86050655e-16 0.899839878 -0.436220288 3.52532704e-16 0.866033256 -0.49998641 2.30829342e-16 0.847401261 -0.53095299 3.62924554e-16 0.806898475 -0.590690136 3.07506735e-16 0.785027683 -0.619460702 3.46007136e-16 0.738303602 -0.674468577 1.334045e-16 0.713450313 -0.700705826 2.73153885e-16 0.661052763 -0.750339448 3.04278825e-16 0.633508444 -0.773735821 4.03228843e-16 0.561187029 -0.827688992 1.33970754e-16 0.561187029 -0.827688992 1.46725601e-16 0.484296888 -0.874903738 7.95911283e-18 0.452367008 -0.891831875 -1.52222157e-16 0.386864126 -0.922136724 -1.79353721e-16 0.353291214 -0.935513377 -2.7923034e-16 0.284895867 -0.9585585 -8.70949584e-17 0.250073463 -0.96822685 -1.29438294e-16 0.179587409 -0.983741999 8.22776438e-17 0.143923745 -0.989588797 -1.02364263e-16 0.0721734241 -0.997392118 1.71876379e-16 0.036086712 -0.99934864 -1.27124544e-16 -0.036086712 -0.99934864 2.01310787e-16 -0.0721734166 -0.997392118 -5.47917423e-17 -0.143923745 -0.989588797 4.83864818e-16 -0.179587409 -0.983741999 -8.64770876e-17 -0.250073463 -0.96822685 1.48625152e-16 -0.284895867 -0.95855844 -3.90866662e-16 -0.353291243 -0.935513377 3.87176881e-16 -0.386864126 -0.922136724 -1.50235428e-16 -0.452366978 -0.891831875 3.18957377e-16 -0.484296888 -0.874903738 -2.61073448e-16 -0.54613924 -0.837694407 6.98132867e-16 -0.576051652 -0.81741333 -3.8128818e-19 -0.633508444 -0.773735821 5.7964958e-16 -0.661052763 -0.750339448 -3.42499122e-16 -0.713450313 -0.700705826 6.11647732e-16 -0.738303602 -0.674468577 -1.72918335e-16 -0.785027683 -0.619460702 7.87575311e-16 -0.806898475 -0.590690136 -2.73665546e-16 -0.847401261 -0.53095299 6.51498515e-16 -0.866033256 -0.49998641 -4.80285945e-16 -0.899839878 -0.436220288 6.32081343e-16 -0.915014565 -0.403420776 -4.53494134e-16 -0.941728711 -0.336373329 6.97462917e-16 -0.95326817 -0.302125454 -5.48304703e-16 -0.972576618 -0.232582748 5.85201881e-16 -0.980345607 -0.197287947 -6.17423015e-16 -0.992021918 -0.126065299 7.68942651e-16 -0.99592936 -0.0901374221 1.71401061e-16 -0.998533428 -0.0541389063 1.11055284e-15 -0.998533428 -0.0541389063 -0 0 0 1 0 0 1 0 0 1 0 0 1 0 0 1 0 0 1 0 0 1 0 0 1 0 0 1 0 0 1 0 0 1 0 0 1 0 0 1 0 0 1 0 0 1 0 0 1 0 0 1 0 0 1 0 0 1 0 0 1 0 0 1 0 0 1 0 0 1 0 0 1 0 0 1 0 0 1 0 0 1 0 0 1 0 0 1 0 0 1 0 0 1 0 0 1 0 0 1 0 0 1 0 0 1 0 0 1 0 0 1 0 0 1 0 0 1 0 0 1 0 0 1 0 0 1 0 0 1 0 0 1 0 0 1 0 0 1 0 0 1 0 0 1 0 0 1 0 0 1 0 0 1 0 0 1 0 0 1 0 0 1 0 0 1 0 0 1 0 0 1 0 0 1 0 0 1 0 0 1 0 0 1 0 0 1 0 0 1 0 0 1 0 0 1 0 0 1 0 0 1 0 0 1 0 0 1 0 0 1 0 0 1 0 0 1 0 0 1 0 0 1 0 0 1 0 0 1 0 0 1 0 0 1 0 0 1 0 0 1 0 0 1 0 0 1 0 0 1 0 0 1 0 0 1 0 0 1 0 0 1 0 0 1 0 0 1 0 0 1 0 0 1 0 0 1 0 0 1 0 0 1 0 0 1 0 0 1 0 0 1 0 0 1 0 0 1 0 0 1 0 0 1 0 0 1 0 0 1 0 0 1 0 0 1 0 0 1 0 0 1 0 0 1 0 0 1 0 0 1 0 0 1 0 0 1 0 0 1 0 0 1 0 0 1 0 0 1 0 0 1 0 0 1 0 0 1 0 0 1 0 0 1 0 0 1 0 0 1 0 0 1 0 0 1 0 0 1 0 0 1 0 0 1 0 0 1 0 0 1 0 0 1 0 0 1 0 0 1 0 0 1 0 0 1 0 0 1 0 0 1 0 0 1 0 0 1 0 0 1 0 0 1 0 0 1 0 0 1 0 0 1 0 0 1 0 0 1 0 0 1 0 0 1 0 0 1 0 0 1 0 0 1 0 0 1 0 0 1 0 0 1 0 0 1 0 0 1 0 0 1 0 0 1 0 0 1 0 0 1 0 0 1 0 0 1 0 0 1 0 0 1 0 0 1 0 0 1 0 0 1 0 0 1 0 0 1 0 0 1 0 0 1 0 0 1 0 0 1 0 0 1 0 0 1 0 0 1 0 0 1 0 0 1 0 0 1 0 0 1 0 0 1 0 0 1 0 0 1 0 0 1 0 0 1 0 0 1 0 0 1 0 0 1 0 0 1 0 0 1 0 0 1 0 0 1 0 0 1 0 0 1 0 0 1 0 0 1 0 0 1 0 0 1 0 0 1 0 0 1 0 0 1 0 0 1 0 0 1 0 0 1 -0.992244363 -0.124302603 -0 -0.997203827 -0.0747300908 -0 -0.997203827 -0.0747300908 -0 -0.984800577 -0.173688963 -0 -0.962635458 -0.270800591 -0 -0.947914183 -0.318525881 -0 -0.911522865 -0.41124934 -0 -0.889852941 -0.456247509 -0 -0.840048373 -0.542511463 -0 -0.811913848 -0.583777249 -0 -0.749808609 -0.66165477 -0 -0.715837955 -0.698266447 -0 -0.623489797 -0.781831503 -0 -0.623489797 -0.781831503 -0 -0.5 -0.866025388 -0 -0.5 -0.866025388 -0 -0.388472974 -0.921460092 -0 -0.341981232 -0.939706802 -0 -0.246797547 -0.969067037 -0 -0.198105559 -0.980180681 -0 -0.0996090546 -0.995026648 -0 -0.0498045273 -0.998758972 -0 0.0498045273 -0.998758972 -0 0.0996090397 -0.995026648 -0 0.198105559 -0.980180681 -0 0.246797547 -0.969067037 -0 0.341981232 -0.939706802 -0 0.388473004 -0.921460092 -0 0.478217602 -0.87824136 -0 0.521470547 -0.853269279 -0 0.603771448 -0.797157466 -0 0.642819285 -0.766017854 -0 0.733051896 -0.680172741 -0 0.733051896 -0.680172741 -0 0.826238811 -0.563320041 -0 0.826238811 -0.563320041 -0 0.90096885 -0.433883727 -0 0.90096885 -0.433883727 -0 0.955572784 -0.294755191 -0 0.955572784 -0.294755191 -0 0.984800577 -0.173688963 -0 0.992244363 -0.124302603 -0 0.997203827 -0.0747300908 -0 0.997203827 -0.0747300908 -0 -0.979825675 -0.19985415 -0 -0.992708862 -0.120536678 -0 -0.992708862 -0.120536678 -0 -0.960469365 -0.278385609 -0 -0.903525472 -0.428534359 -0 -0.865937889 -0.500151575 -0 -0.748510718 -0.663122654 -0 -0.748510718 -0.663122654 -0 -0.568064749 -0.822983861 -0 -0.568064749 -0.822983861 -0 -0.392127663 -0.919910789 -0 -0.316501945 -0.948591888 -0 -0.160584092 -0.987022161 -0 -0.0802920461 -0.996771395 -0 0.120536678 -0.992708862 -0 0.120536678 -0.992708862 -0 0.35460493 -0.935016215 -0 0.3546049 -0.935016215 -0 0.534317851 -0.845283628 -0 0.600882232 -0.799337566 -0 0.748510718 -0.663122654 -0 0.748510718 -0.663122654 -0 0.885456026 -0.46472314 -0 0.885456026 -0.46472314 -0 0.960469365 -0.278385609 -0 0.979825675 -0.19985415 -0 0.992708862 -0.120536678 -0 0.992708862 -0.120536678 -0 -0.979825675 -0.19985415 -0 -0.992708862 -0.120536678 -0 -0.992708862 -0.120536678 -0 -0.960469365 -0.278385609 -0 -0.903525472 -0.428534359 -0 -0.865937889 -0.500151575 -0 -0.748510718 -0.663122654 -0 -0.748510718 -0.663122654 -0 -0.568064749 -0.822983861 -0 -0.568064749 -0.822983861 -0 -0.392127663 -0.919910789 -0 -0.316501945 -0.948591888 -0 -0.160584092 -0.987022161 -0 -0.0802920461 -0.996771395 -0 0.120536678 -0.992708862 -0 0.120536678 -0.992708862 -0 0.35460493 -0.935016215 -0 0.3546049 -0.935016215 -0 0.534317851 -0.845283628 -0 0.600882232 -0.799337566 -0 0.748510718 -0.663122654 -0 0.748510718 -0.663122654 -0 0.885456026 -0.46472314 -0 0.885456026 -0.46472314 -0 0.960469365 -0.278385609 -0 0.979825675 -0.19985415 -0 0.992708862 -0.120536678 -0 0.992708862 -0.120536678 -0 -0.979825675 -0.19985415 -0 -0.992708862 -0.120536678 -0 -0.992708862 -0.120536678 -0 -0.960469365 -0.278385609 -0 -0.903525472 -0.428534359 -0 -0.865937889 -0.500151575 -0 -0.748510718 -0.663122654 -0 -0.748510718 -0.663122654 -0 -0.568064749 -0.822983861 -0 -0.568064749 -0.822983861 -0 -0.392127663 -0.919910789 -0 -0.316501945 -0.948591888 -0 -0.160584092 -0.987022161 -0 -0.0802920461 -0.996771395 -0 0.120536678 -0.992708862 -0 0.120536678 -0.992708862 -0 0.35460493 -0.935016215 -0 0.3546049 -0.935016215 -0 0.534317851 -0.845283628 -0 0.600882232 -0.799337566 -0 0.748510718 -0.663122654 -0 0.748510718 -0.663122654 -0 0.885456026 -0.46472314 -0 0.885456026 -0.46472314 -0 0.960469365 -0.278385609 -0 0.979825675 -0.19985415 -0 0.992708862 -0.120536678 -0 0.992708862 -0.120536678 -0 -0.979825675 -0.19985415 -0 -0.992708862 -0.120536678 -0 -0.992708862 -0.120536678 -0 -0.960469365 -0.278385609 -0 -0.903525472 -0.428534359 -0 -0.865937889 -0.500151575 -0 -0.748510718 -0.663122654 -0 -0.748510718 -0.663122654 -0 -0.568064749 -0.822983861 -0 -0.568064749 -0.822983861 -0 -0.392127663 -0.919910789 -0 -0.316501945 -0.948591888 -0 -0.160584092 -0.987022161 -0 -0.0802920461 -0.996771395 -0 0.120536678 -0.992708862 -0 0.120536678 -0.992708862 -0 0.35460493 -0.935016215 -0 0.3546049 -0.935016215 -0 0.534317851 -0.845283628 -0 0.600882232 -0.799337566 -0 0.748510718 -0.663122654 -0 0.748510718 -0.663122654 -0 0.885456026 -0.46472314 -0 0.885456026 -0.46472314 -0 0.960469365 -0.278385609 -0 0.979825675 -0.19985415 -0 0.992708862 -0.120536678 -0 0.992708862 -0.120536678 -0 -1 0 0 -1 0 0 -1 0 0 -1 0 0 -1 0 0 -1 0 0 -1 0 0 -1 0 0 -1 0 0 -1 0 0 -1 0 0 -1 0 0 -1 0 0 -1 0 0 -1 0 0 -1 0 0 -1 0 0 -1 0 0 -1 0 0 -1 0 0 -1 0 0 -1 0 0 1 0 0 1 0 0 1 0 0 1 0 0 1 0 0 1 0 0 1 0 0 1 0 0 1 0 0 1 0 0 1 0 0 1 0 0 1 0 0 1 0 0 1 0 0 1 0 0 1 0 0 1 0 0 1 0 0 1 0 0 1 0 0 1 0 0 0 1 0 0 1 0 0 1 0 0 1 0 0 -1 0 0 -1 0 0 -1 0 0 -1 0 0 -1 0 0 -1 0 0 -1 0 0 -1 0 -0.979825675 -0.19985415 -0 -0.992708862 -0.120536678 -0 -0.992708862 -0.120536678 -0 -0.960469365 -0.278385639 -0 -0.885456026 -0.46472317 -0 -0.885456026 -0.46472317 -0 -0.748510718 -0.663122714 -0 -0.748510718 -0.663122714 -0 -0.600882232 -0.799337566 -0 -0.534317851 -0.845283628 -0 -0.35460487 -0.935016274 -0 -0.35460487 -0.935016274 -0 -0.120536685 -0.992708862 -0 -0.120536685 -0.992708862 -0 0.0802920535 -0.996771395 -0 0.160584107 -0.987022161 -0 0.316501915 -0.948591888 -0 0.392127663 -0.919910789 -0 0.534317851 -0.845283628 -0 0.600882232 -0.799337566 -0 0.748510718 -0.663122714 -0 0.748510718 -0.663122714 -0 0.865937829 -0.500151634 -0 0.903525472 -0.428534359 -0 0.970941842 -0.239315659 -0 0.970941842 -0.239315659 -0 0.992708862 -0.120536678 -0 0.992708862 -0.120536678 -0 -0.979825675 -0.19985415 -0 -0.992708862 -0.120536678 -0 -0.992708862 -0.120536678 -0 -0.960469365 -0.278385639 -0 -0.885456026 -0.46472317 -0 -0.885456026 -0.46472317 -0 -0.748510718 -0.663122714 -0 -0.748510718 -0.663122714 -0 -0.600882232 -0.799337566 -0 -0.534317851 -0.845283628 -0 -0.35460487 -0.935016274 -0 -0.35460487 -0.935016274 -0 -0.120536685 -0.992708862 -0 -0.120536685 -0.992708862 -0 0.0802920535 -0.996771395 -0 0.160584107 -0.987022161 -0 0.316501915 -0.948591888 -0 0.392127663 -0.919910789 -0 0.534317851 -0.845283628 -0 0.600882232 -0.799337566 -0 0.748510718 -0.663122714 -0 0.748510718 -0.663122714 -0 0.865937829 -0.500151634 -0 0.903525472 -0.428534359 -0 0.970941842 -0.239315659 -0 0.970941842 -0.239315659 -0 0.992708862 -0.120536678 -0 0.992708862 -0.120536678 -0 -0.12772657 0.991809428 3.6175144e-16 -0.0767971575 0.997046709 0 -0.0767971575 0.997046709 1.36419156e-16 -0.178453907 0.98394829 5.78875551e-16 -0.278106362 0.960550308 8.45223844e-16 -0.327031463 0.945013463 5.79591241e-16 -0.421925247 0.906630635 5.62170632e-16 -0.467893928 0.883784652 2.83643011e-16 -0.555790484 0.831322432 5.2350739e-16 -0.597718239 0.801706254 4.12564443e-16 -0.676543891 0.736402333 5.52588095e-16 -0.71344161 0.700714648 2.1089834e-16 -0.781336784 0.624109626 2.12326503e-16 -0.81233412 0.583192289 -1.20967263e-16 -0.86769706 0.497093409 2.42399455e-17 -0.892062604 0.451911807 -1.71733862e-17 -0.933587253 0.358350158 3.0967829e-16 -0.950746298 0.30997014 2.42781004e-16 -0.977452993 0.211153015 3.26067662e-16 -0.987000704 0.160715923 1.13480074e-16 -0.993932784 0.109989367 1.97573069e-16 -0.993932784 0.109989367 0 -0.987000704 -0.160715923 -2.90085359e-16 -0.993932784 -0.109989367 -2.74963729e-16 -0.977452993 -0.211153015 -3.954174e-16 -0.993932784 -0.109989367 0 -0.950746298 -0.30997014 -2.34173005e-16 -0.933587253 -0.358350158 -1.52266891e-16 -0.892062604 -0.451911807 1.10435916e-17 -0.86769706 -0.497093409 9.07228138e-17 -0.81233412 -0.583192289 2.50393501e-16 -0.781336784 -0.624109626 5.07435098e-16 -0.71344161 -0.700714648 8.1749982e-16 -0.676543891 -0.736402333 3.79219589e-16 -0.597718239 -0.801706254 -1.80598317e-16 -0.555790424 -0.831322432 -2.61679738e-16 -0.467893958 -0.883784592 3.92409109e-16 -0.421925247 -0.906630635 9.88451133e-16 -0.327031463 -0.945013463 1.10818496e-15 -0.278106362 -0.960550308 7.02812194e-16 -0.178453907 -0.98394829 3.33047161e-16 -0.12772657 -0.991809428 -7.28019061e-17 -0.0767971575 -0.997046709 -2.7708418e-17 -0.0767971575 -0.997046709 0 0.987000704 0.160715923 -1.15447878e-16 0.993932784 0.109989367 0 0.993932784 0.109989367 -1.96811573e-16 0.977452993 0.211153015 -3.26111999e-16 0.950746298 0.30997014 -2.42874336e-16 0.933587253 0.358350158 -3.0775481e-16 0.892062604 0.451911807 1.24241114e-17 0.86769706 0.497093409 -2.47374318e-17 0.81233412 0.583192289 1.20668631e-16 0.781336784 0.624109626 -2.06974406e-16 0.71344161 0.700714648 -2.11686146e-16 0.676543891 0.736402333 -5.48576124e-16 0.597718239 0.801706254 -4.07752423e-16 0.555790424 0.831322432 -5.18276908e-16 0.467893958 0.883784592 -2.81238735e-16 0.421925247 0.906630635 -5.60111812e-16 0.327031463 0.945013463 -5.75207316e-16 0.278106362 0.960550308 -8.43391288e-16 0.178453907 0.98394829 -5.78207666e-16 0.12772657 0.991809428 -3.62399023e-16 0.0767971575 0.997046709 -1.3613266e-16 0.0767971575 0.997046709 0 0.12772657 -0.991809428 7.29944936e-17 0.0767971575 -0.997046709 2.72838312e-17 0.178453907 -0.98394829 -3.35092269e-16 0.0767971575 -0.997046709 0 0.278106362 -0.960550308 -7.04420975e-16 0.327031463 -0.945013463 -1.11042261e-15 0.421925247 -0.906630635 -9.92227947e-16 0.467893928 -0.883784652 -3.97722097e-16 0.555790484 -0.831322432 2.56298353e-16 0.597718239 -0.801706254 1.80455221e-16 0.676543891 -0.736402333 -3.78619439e-16 0.71344161 -0.700714648 -8.18699642e-16 0.781336784 -0.624109626 -5.1094282e-16 0.81233412 -0.583192289 -2.52414442e-16 0.86769706 -0.497093409 -9.25633105e-17 0.892062604 -0.451911807 -1.01972055e-17 0.933587253 -0.358350158 1.53228644e-16 0.950746298 -0.30997014 2.36013528e-16 0.977452993 -0.211153015 3.95224223e-16 0.987000704 -0.160715923 2.88930456e-16 0.993932784 -0.109989367 2.74674759e-16 0.993932784 -0.109989367 0 -0.998093128 0.0617264584 -6.65503133e-17 -0.999313295 0.037053965 -3.80949442e-16 -0.999313295 0.037053965 -0 -0.99626261 0.0863763243 -1.16823744e-17 -0.990781069 0.135472789 6.54480547e-16 -0.987130046 0.159919411 5.10438359e-16 -0.978027701 0.208475098 8.06113156e-16 -0.972576261 0.232584149 4.3645424e-16 -0.959903002 0.280332416 6.5736983e-16 -0.952681065 0.303971589 2.55788545e-16 -0.93650651 0.350650251 3.11803919e-16 -0.927553773 0.373689681 -1.19201863e-17 -0.907966733 0.41904223 5.1418116e-17 -0.89733237 0.441355407 6.28389325e-17 -0.874440432 0.485132873 2.45115982e-16 -0.862182856 0.506597221 2.32816191e-16 -0.849406421 0.527739227 1.84383535e-16 -0.849406421 0.527739227 -0 0.862182856 0.506597221 -1.29233225e-15 0.849406421 0.527739227 -9.78520836e-16 0.849406421 0.527739227 -0 0.874440432 0.485132933 -1.84142612e-15 0.89733237 0.441355407 -1.65607075e-15 0.907966733 0.41904223 -1.73855884e-15 0.927553773 0.373689681 -1.74295367e-15 0.93650651 0.350650251 -2.06035343e-15 0.952681065 0.303971648 -1.90406675e-15 0.959903002 0.280332416 -2.15506908e-15 0.972576261 0.232584149 -1.8807185e-15 0.978027701 0.208475098 -2.2319297e-15 0.987130105 0.159919396 -1.98092737e-15 0.990781069 0.135472789 -2.12789499e-15 0.99626261 0.0863763243 -1.43075353e-15 0.998093128 0.0617264658 -8.77265035e-16 0.999313295 0.037053965 -3.29585576e-16 0.999313295 0.037053965 -0 -0.162802964 -0.986658573 -0 -0.0980171412 -0.99518472 -0 -0.0980171412 -0.99518472 -0 -0.227167591 -0.973855674 -0 -0.352162272 -0.935938954 -0 -0.412792444 -0.910825133 -5.60644954e-17 -0.527988195 -0.849251688 -1.31901175e-16 -0.582553864 -0.812792063 -1.31901175e-16 -0.683523893 -0.729928136 -7.58366796e-17 -0.729928136 -0.683523893 -0 -0.812792063 -0.582553864 -0 -0.849251688 -0.527988255 -0 -0.910825133 -0.412792444 -0 -0.935938954 -0.352162302 -0 -0.973855674 -0.227167547 -0 -0.986658573 -0.162802964 -0 -0.99518472 -0.0980171412 -0 -0.99518472 -0.0980171412 -0 0.162802964 -0.986658573 -0 0.0980171412 -0.99518472 -0 0.0980171412 -0.99518472 -0 0.227167591 -0.973855674 -0 0.352162272 -0.935938954 -0 0.412792444 -0.910825133 5.60644954e-17 0.527988195 -0.849251688 1.31901175e-16 0.582553864 -0.812792063 1.31901175e-16 0.683523893 -0.729928136 7.58366796e-17 0.729928136 -0.683523893 -0 0.812792063 -0.582553864 -0 0.849251688 -0.527988255 -0 0.910825133 -0.412792444 -0 0.935938954 -0.352162302 -0 0.973855674 -0.227167547 -0 0.986658573 -0.162802964 -0 0.99518472 -0.0980171412 -0 0.99518472 -0.0980171412 -0 -0 1 -0 -0 1 -0 -0 1 -0 -0 1 -0 -0.5 0.866025388 -0 -0.5 0.866025388 -0 -0.5 0.866025388 -0 -0.5 0.866025388 -0 -0 1 -0 -0 1 -0 -0 1 -0 -0 1 -0 -0 -1 -0 -0 -1 -0 -0 -1 -0 -0 -1 -0 0.5 -0.866025388 -0 0.5 -0.866025388 -0 0.5 -0.866025388 -0 0.5 -0.866025388 -0 -0 -1 -0 -0 -1 -0 -0 -1 -0 -0 -1 -0 -0 -0 1 -0 -0 1 -0 -0 1 -0 -0 1 -0 -0 1 -0 -0 1 -0 -0 1 -0 -0 1 -0.000282858527 -0.992732406 0.120342627 -0.000455842208 -0.995545328 0.0942830965 -0 -0.998039722 0.0625838935 -0.000371505244 -0.976609588 0.215019882 -7.58630558e-05 -0.952681303 0.303970903 -0.000136820207 -0.899117649 0.437706947 -4.304703e-06 -0.896895945 0.442241639 -3.13076125e-05 -0.810433447 0.585830688 -0.000121538651 -0.763557732 0.645739555 5.15787688e-05 -0.662435472 0.749118984 -9.11089446e-05 -0.600824058 0.799381256 0.000131350869 -0.47649768 0.879175723 2.73256774e-07 -0.402678788 0.915341377 0.000113775823 -0.265994221 0.963974595 7.90816671e-07 -0.186209217 0.98251009 3.00080865e-05 -0.113091528 0.993584573 -4.69958595e-17 -0.111964472 0.993712187 0.499019861 -0.864327729 0.0625838935 0.497165084 -0.861115217 0.106336668 0.499019861 -0.864327729 0.0625838935 0.494440973 -0.856396854 0.148702726 0.482977599 -0.836541712 0.25870955 0.475456059 -0.823513985 0.309461266 0.455694824 -0.789286494 0.411544681 0.440773904 -0.763442755 0.472094774 0.404958218 -0.701408207 0.586545289 0.383735716 -0.664649725 0.641083181 0.333167493 -0.577063024 0.745652497 0.305113137 -0.52847147 0.792227209 0.242268533 -0.419621408 0.874770701 0.20690085 -0.358362734 0.910367072 0.136270046 -0.236026615 0.962144434 0.097777687 -0.169355914 0.980692685 0.0571021289 -0.0989037901 0.993457317 0.0571021289 -0.0989037901 0.993457317 0.000417292817 -0.995544851 0.0942883193 0.000258848362 -0.992729604 0.120365739 -0 -0.998039722 0.062583901 0.000339755497 -0.976597309 0.215075776 6.92428293e-05 -0.952660859 0.304035038 0.000124473416 -0.898983419 0.437982589 2.83716072e-05 -0.810340405 0.585959435 3.91895355e-06 -0.896895528 0.442242473 0.000109590961 -0.763405681 0.645919263 -4.6350804e-05 -0.662279069 0.749257207 8.13685983e-05 -0.600593269 0.799554706 -0.000116808886 -0.476265192 0.879301667 -2.41164997e-07 -0.402387828 0.915469289 -7.55619767e-05 -0.228424534 0.973561645 -1.04312483e-06 -0.222520918 0.974927902 -2.60795277e-05 -0.113099009 0.993583739 -0 -0.114204258 0.993457317 6.60232757e-09 0.982584596 0.185815692 2.61084347e-06 0.993700266 0.112070315 -0 0.993712187 0.111964472 6.99355951e-05 0.964666605 0.2634736 7.52445385e-06 0.916112602 0.400921077 7.10903769e-05 0.881713927 0.471784413 -6.16629623e-05 0.801356971 0.598186433 -1.12214211e-05 0.754273653 0.656560123 -0.000121778998 0.624895513 0.780708432 -9.5562973e-07 0.626883924 0.779112697 -1.33185486e-05 0.485913098 0.874007106 -0.000195837812 0.413642138 0.910439551 -5.04892887e-05 0.312205642 0.950014532 -0.000370371097 0.218253076 0.975892127 -0.00021459983 0.126615316 0.991951883 -0.000399019395 0.0953007862 0.99544847 5.12780445e-17 0.0678512678 0.997695446 0.00027040788 0.992732286 0.120343171 0.000435780763 0.995545328 0.0942832232 -0 0.998039722 0.062583901 0.000355147436 0.976609349 0.215021178 7.25194186e-05 0.952680826 0.303972363 0.000130780056 0.899114549 0.437713355 4.11473093e-06 0.896895945 0.442241639 2.9922785e-05 0.810431302 0.585833728 0.000116149124 0.763554156 0.645743728 -4.92876425e-05 0.662431836 0.749122143 8.7049244e-05 0.600818694 0.799385309 -0.000125485414 0.476492167 0.879178703 -2.61007528e-07 0.402671903 0.915344417 -0.000108664055 0.265987277 0.963976562 -7.5512844e-07 0.186201409 0.98251158 -2.86523318e-05 0.113091707 0.993584573 -0 0.111964472 0.993712187 -0.499497443 0.861157537 0.0943927616 -0.497439295 0.85910213 0.120406188 -0.499019861 0.864327729 0.0625838935 -0.489040881 0.8437047 0.221362486 -0.476290643 0.823559999 0.308052152 -0.449281275 0.776508093 0.441793501 -0.403410792 0.698899329 0.590592504 -0.448456317 0.77673018 0.442241102 -0.380448252 0.658045828 0.649795949 -0.329151571 0.571174562 0.751943409 -0.300609231 0.520888686 0.798942447 -0.225903854 0.393335253 0.891209781 -0.229675993 0.39781186 0.888253689 -0.158688784 0.276303411 0.947878838 -0.112089649 0.197891042 0.973794162 -0.06269449 0.110799119 0.99186337 -0.0464977957 0.084499009 0.995338082 -0.0339256339 0.0587609224 0.997695446 </float_array>
          <technique_common>
            <accessor count="1826" offset="0" source="#meshesQ0S-normals-array" stride="3">
              <param name="X" type="float" />
              <param name="Y" type="float" />
              <param name="Z" type="float" />
            </accessor>
          </technique_common>
        </source>
        <vertices id="meshesQ0S-vertices">
          <input semantic="POSITION" source="#meshesQ0S-positions" />
        </vertices>
        <polylist count="1758" material="defaultMaterial">
          <input offset="0" semantic="VERTEX" source="#meshesQ0S-vertices" />
          <input offset="0" semantic="NORMAL" source="#meshesQ0S-normals" />
          <vcount>3 3 3 3 3 3 3 3 3 3 3 3 3 3 3 3 3 3 3 3 3 3 3 3 3 3 3 3 3 3 3 3 3 3 3 3 3 3 3 3 3 3 3 3 3 3 3 3 3 3 3 3 3 3 3 3 3 3 3 3 3 3 3 3 3 3 3 3 3 3 3 3 3 3 3 3 3 3 3 3 3 3 3 3 3 3 3 3 3 3 3 3 3 3 3 3 3 3 3 3 3 3 3 3 3 3 3 3 3 3 3 3 3 3 3 3 3 3 3 3 3 3 3 3 3 3 3 3 3 3 3 3 3 3 3 3 3 3 3 3 3 3 3 3 3 3 3 3 3 3 3 3 3 3 3 3 3 3 3 3 3 3 3 3 3 3 3 3 3 3 3 3 3 3 3 3 3 3 3 3 3 3 3 3 3 3 3 3 3 3 3 3 3 3 3 3 3 3 3 3 3 3 3 3 3 3 3 3 3 3 3 3 3 3 3 3 3 3 3 3 3 3 3 3 3 3 3 3 3 3 3 3 3 3 3 3 3 3 3 3 3 3 3 3 3 3 3 3 3 3 3 3 3 3 3 3 3 3 3 3 3 3 3 3 3 3 3 3 3 3 3 3 3 3 3 3 3 3 3 3 3 3 3 3 3 3 3 3 3 3 3 3 3 3 3 3 3 3 3 3 3 3 3 3 3 3 3 3 3 3 3 3 3 3 3 3 3 3 3 3 3 3 3 3 3 3 3 3 3 3 3 3 3 3 3 3 3 3 3 3 3 3 3 3 3 3 3 3 3 3 3 3 3 3 3 3 3 3 3 3 3 3 3 3 3 3 3 3 3 3 3 3 3 3 3 3 3 3 3 3 3 3 3 3 3 3 3 3 3 3 3 3 3 3 3 3 3 3 3 3 3 3 3 3 3 3 3 3 3 3 3 3 3 3 3 3 3 3 3 3 3 3 3 3 3 3 3 3 3 3 3 3 3 3 3 3 3 3 3 3 3 3 3 3 3 3 3 3 3 3 3 3 3 3 3 3 3 3 3 3 3 3 3 3 3 3 3 3 3 3 3 3 3 3 3 3 3 3 3 3 3 3 3 3 3 3 3 3 3 3 3 3 3 3 3 3 3 3 3 3 3 3 3 3 3 3 3 3 3 3 3 3 3 3 3 3 3 3 3 3 3 3 3 3 3 3 3 3 3 3 3 3 3 3 3 3 3 3 3 3 3 3 3 3 3 3 3 3 3 3 3 3 3 3 3 3 3 3 3 3 3 3 3 3 3 3 3 3 3 3 3 3 3 3 3 3 3 3 3 3 3 3 3 3 3 3 3 3 3 3 3 3 3 3 3 3 3 3 3 3 3 3 3 3 3 3 3 3 3 3 3 3 3 3 3 3 3 3 3 3 3 3 3 3 3 3 3 3 3 3 3 3 3 3 3 3 3 3 3 3 3 3 3 3 3 3 3 3 3 3 3 3 3 3 3 3 3 3 3 3 3 3 3 3 3 3 3 3 3 3 3 3 3 3 3 3 3 3 3 3 3 3 3 3 3 3 3 3 3 3 3 3 3 3 3 3 3 3 3 3 3 3 3 3 3 3 3 3 3 3 3 3 3 3 3 3 3 3 3 3 3 3 3 3 3 3 3 3 3 3 3 3 3 3 3 3 3 3 3 3 3 3 3 3 3 3 3 3 3 3 3 3 3 3 3 3 3 3 3 3 3 3 3 3 3 3 3 3 3 3 3 3 3 3 3 3 3 3 3 3 3 3 3 3 3 3 3 3 3 3 3 3 3 3 3 3 3 3 3 3 3 3 3 3 3 3 3 3 3 3 3 3 3 3 3 3 3 3 3 3 3 3 3 3 3 3 3 3 3 3 3 3 3 3 3 3 3 3 3 3 3 3 3 3 3 3 3 3 3 3 3 3 3 3 3 3 3 3 3 3 3 3 3 3 3 3 3 3 3 3 3 3 3 3 3 3 3 3 3 3 3 3 3 3 3 3 3 3 3 3 3 3 3 3 3 3 3 3 3 3 3 3 3 3 3 3 3 3 3 3 3 3 3 3 3 3 3 3 3 3 3 3 3 3 3 3 3 3 3 3 3 3 3 3 3 3 3 3 3 3 3 3 3 3 3 3 3 3 3 3 3 3 3 3 3 3 3 3 3 3 3 3 3 3 3 3 3 3 3 3 3 3 3 3 3 3 3 3 3 3 3 3 3 3 3 3 3 3 3 3 3 3 3 3 3 3 3 3 3 3 3 3 3 3 3 3 3 3 3 3 3 3 3 3 3 3 3 3 3 3 3 3 3 3 3 3 3 3 3 3 3 3 3 3 3 3 3 3 3 3 3 3 3 3 3 3 3 3 3 3 3 3 3 3 3 3 3 3 3 3 3 3 3 3 3 3 3 3 3 3 3 3 3 3 3 3 3 3 3 3 3 3 3 3 3 3 3 3 3 3 3 3 3 3 3 3 3 3 3 3 3 3 3 3 3 3 3 3 3 3 3 3 3 3 3 3 3 3 3 3 3 3 3 3 3 3 3 3 3 3 3 3 3 3 3 3 3 3 3 3 3 3 3 3 3 3 3 3 3 3 3 3 3 3 3 3 3 3 3 3 3 3 3 3 3 3 3 3 3 3 3 3 3 3 3 3 3 3 3 3 3 3 3 3 3 3 3 3 3 3 3 3 3 3 3 3 3 3 3 3 3 3 3 3 3 3 3 3 3 3 3 3 3 3 3 3 3 3 3 3 3 3 3 3 3 3 3 3 3 3 3 3 3 3 3 3 3 3 3 3 3 3 3 3 3 3 3 3 3 3 3 3 3 3 3 3 3 3 3 3 3 3 3 3 3 3 3 3 3 3 3 3 3 3 3 3 3 3 3 3 3 3 3 3 3 3 3 3 3 3 3 3 3 3 3 3 3 3 3 3 3 3 3 3 3 3 3 3 3 3 3 3 3 3 3 3 3 3 3 3 3 3 3 3 3 3 3 3 3 3 3 3 3 3 3 3 3 3 3 3 3 3 3 3 3 3 3 3 3 3 3 3 3 3 3 3 3 3 3 3 3 3 3 3 3 3 3 3 3 3 3 3 3 3 3 3 3 3 3 3 3 3 3 3 3 3 3 3 3 3 3 3 3 3 3 3 3 3 3 3 3 3 3 3 3 3 3 3 3 3 3 3 3 3 3 3 3 3 3 3 3 3 3 3 3 3 3 3 3 3 3 3 3 3 3 3 3 3 3 3 3 3 3 3 3 3 3 3 3 3 3 3 3 3 3 3 3 3 3 3 3 3 3 3 3 3 3 3 3 3 3 3 3 3 3 3 3 3 3 3 3 3 3 3 3 3 3 3 3 3 3 3 3 3 3 3 3 3 3 3 3 3 3 3 3 3 3 3 3 3 3 3 3 3 3 3 3 3 3 3 3 3 3 3 3 3 3 3 3 3 3 3 3 3 3 3 3 3 3 3 3 3 3 3 3 3 3 3 3 3 3 3 3 3 3 3 3 3 3 3 3 3 3 3 3 3 3 3 3 3 3 3 3 3 3 3 3 3 3 3 3 3 3 3 3 3 3 3 3 3 3 3 3 3 3 3 3 3 3 3 3 3 3 3 3 3 3 3 3 3 3 3 3 3 3 3 3 3 3 3 3 3 3 3 3 3 3 3 3 3 3 3 3 3 3 3 3 3 3 3 3 3 3 3 3 3 3 3 3 3 3 3 3 3 3 3 3 3 3 3 3 3 3 3 3 3 3 3 3 3 3 3 3 3 3 3 3 3 3 3 3 3 3 3 3 3 3 3 3 3 3 3 3 3 3 3 3 3 3 3 3 3 3 3 3 3 3 3 3 3 3 3 3 3 3 3 3 3 3 3 3 3 3 3 3 3 3 3 3 3 3 3 3 3 3 3 3 3 3 3 3 3 3 3 3 3 3 3 3 3 3 3 3 3 3 3 3 3 </vcount>
          <p>0 1 2 3 1 0 4 5 1 4 6 5 4 1 3 7 6 4 8 9 6 8 6 7 10 11 9 10 12 11 10 9 8 13 12 10 14 15 12 14 12 13 16 17 15 16 15 14 18 19 17 18 17 16 20 21 19 20 19 18 22 23 21 22 24 23 22 21 20 25 24 22 26 27 24 26 24 25 28 29 30 31 29 28 32 33 29 32 34 33 32 29 31 35 34 32 36 37 34 36 34 35 38 39 37 38 40 39 38 37 36 41 40 38 42 43 40 42 40 41 44 45 43 44 43 42 46 47 45 46 45 44 48 49 47 48 47 46 50 51 49 50 52 51 50 49 48 53 52 50 54 55 52 54 52 53 56 57 58 56 59 57 60 61 59 60 59 56 62 63 61 62 64 63 62 61 60 65 64 62 66 67 64 66 64 65 68 69 67 68 70 69 68 67 66 71 70 68 72 73 70 72 70 71 74 75 73 74 76 75 74 73 72 77 76 74 78 79 76 78 76 77 80 81 79 80 82 81 80 79 78 83 82 80 84 85 86 84 87 85 88 89 87 88 87 84 90 91 89 90 92 91 90 89 88 93 92 90 94 95 92 94 92 93 96 97 95 96 98 97 96 95 94 99 98 96 100 101 98 100 98 99 102 103 101 102 104 103 102 101 100 105 104 102 106 107 104 106 104 105 108 109 107 108 110 109 108 107 106 111 110 108 112 113 114 112 115 113 116 117 115 116 115 112 118 119 117 118 120 119 118 117 116 121 120 118 122 123 120 122 120 121 124 125 123 124 126 125 124 123 122 127 126 124 128 129 126 128 126 127 130 131 129 130 132 131 130 129 128 133 132 130 134 135 132 134 132 133 136 137 135 136 138 137 136 135 134 139 138 136 140 141 142 140 143 141 144 145 143 144 143 140 146 147 145 146 148 147 146 145 144 149 148 146 150 151 148 150 148 149 152 153 151 152 154 153 152 151 150 155 154 152 156 157 154 156 154 155 158 159 157 158 160 159 158 157 156 161 160 158 162 163 160 162 160 161 164 165 163 164 166 165 164 163 162 167 166 164 168 169 170 168 171 169 172 173 171 172 174 173 172 171 168 175 174 172 176 177 174 176 178 177 176 174 175 179 178 176 180 181 178 180 178 179 182 183 181 182 184 183 182 181 180 185 184 182 186 187 184 186 184 185 188 189 187 188 190 189 188 187 186 191 190 188 192 193 190 192 194 193 192 190 191 195 194 192 196 194 195 196 197 194 196 198 197 199 198 196 200 198 199 200 201 198 200 202 201 203 202 200 204 202 203 204 205 202 206 205 204 206 207 205 208 207 206 208 209 207 210 209 208 210 211 209 212 213 214 212 215 213 216 217 215 216 215 212 218 219 217 218 217 216 220 221 219 220 219 218 222 223 221 222 221 220 224 225 223 224 223 222 226 227 225 226 225 224 228 229 227 228 227 226 230 231 229 230 229 228 232 233 231 232 231 230 234 233 232 234 235 233 236 235 234 236 237 235 238 237 236 238 239 237 240 239 238 240 241 239 242 241 240 242 243 241 244 243 242 244 245 243 246 245 244 246 247 245 248 247 246 248 249 247 250 249 248 250 251 249 252 251 250 252 253 251 254 255 253 254 253 252 256 257 255 256 255 254 258 259 260 258 260 257 258 257 256 261 262 259 261 259 258 263 262 261 264 265 266 264 266 262 264 262 263 267 265 264 268 269 265 268 265 267 270 271 269 270 269 268 272 273 274 272 275 273 276 274 277 276 272 274 278 277 279 278 276 277 280 279 281 280 278 279 282 281 283 282 280 281 284 283 285 284 282 283 286 282 284 287 285 288 287 284 285 289 287 288 289 288 290 291 289 290 291 290 292 293 291 292 293 292 294 295 293 294 295 294 296 297 296 298 297 295 296 299 298 300 299 297 298 301 300 302 301 299 300 303 302 304 303 301 302 305 304 306 305 303 304 307 306 308 307 305 306 309 308 310 309 307 308 311 309 310 312 311 310 313 311 312 314 313 312 315 313 314 316 315 314 317 315 316 318 317 316 319 317 318 320 319 318 321 319 320 322 321 320 323 321 322 324 323 322 325 323 324 326 325 324 327 326 328 327 329 325 327 325 326 330 328 331 330 327 328 332 331 333 332 330 331 334 333 335 334 332 333 336 335 337 336 334 335 338 336 337 339 340 341 342 340 339 342 343 344 342 344 340 345 339 341 345 341 346 345 346 347 348 349 343 348 343 342 350 347 351 350 345 347 352 353 354 352 354 349 352 349 348 355 356 357 355 351 356 355 350 351 358 353 352 359 357 360 359 355 357 361 353 358 362 360 363 362 363 364 362 359 360 365 353 361 366 362 364 367 353 365 368 366 364 369 366 368 370 371 372 370 373 371 370 367 373 370 353 367 370 372 374 375 369 368 376 370 374 376 374 377 378 379 369 378 369 375 380 381 379 380 379 378 382 381 380 383 376 377 383 381 382 383 384 385 383 385 376 383 386 381 383 387 386 383 388 387 383 389 388 383 377 389 390 391 392 390 392 393 390 393 394 390 394 395 390 396 391 397 398 399 400 397 399 401 400 399 401 399 390 402 401 390 403 390 395 403 402 390 404 403 395 404 395 384 404 384 383 405 406 407 408 406 405 409 405 407 410 406 408 411 409 407 412 406 410 413 411 407 414 415 416 414 416 406 414 406 412 417 407 418 417 413 407 419 420 415 419 415 414 421 417 418 422 423 420 422 420 419 424 423 422 425 424 422 426 425 427 426 424 425 428 426 427 429 427 430 429 428 427 431 429 430 431 430 432 433 418 434 433 434 404 433 435 421 433 436 435 433 437 436 433 438 437 433 439 438 433 404 383 433 421 418 440 431 432 441 439 433 442 440 432 442 432 443 444 445 439 444 439 441 446 442 443 446 443 447 448 449 445 448 445 444 450 446 447 451 449 448 452 447 453 452 450 447 454 453 449 454 449 451 454 452 453 455 456 457 458 456 455 459 458 455 460 458 459 461 460 459 462 460 461 463 461 464 463 462 461 465 463 464 466 465 464 467 465 466 468 467 466 469 467 468 470 469 468 471 472 473 471 474 472 475 471 473 475 473 476 477 478 479 477 470 478 477 469 470 480 475 476 480 481 482 480 476 481 483 484 469 483 485 484 483 486 485 483 487 486 483 469 477 488 480 482 488 482 489 490 488 489 490 489 491 492 490 491 492 491 487 493 492 487 493 487 483 494 493 483 495 494 483 496 497 498 496 499 500 496 498 499 501 500 502 501 496 500 503 501 502 504 505 506 504 502 505 504 503 502 507 504 506 508 506 509 508 507 506 510 509 511 510 508 509 512 511 513 512 510 511 514 513 515 514 512 513 516 514 515 516 515 517 518 516 517 518 517 519 520 518 519 520 519 521 522 521 523 522 520 521 524 522 523 524 525 526 524 523 525 527 524 526 528 529 530 528 526 529 528 527 526 531 528 530 532 533 534 532 530 533 532 531 530 535 532 534 536 534 537 536 535 534 538 539 540 538 537 539 538 536 537 541 538 540 542 540 543 542 541 540 544 543 545 544 542 543 546 547 548 546 545 547 546 544 545 549 546 548 550 548 551 550 549 548 552 551 553 552 550 551 554 555 556 554 553 555 554 552 553 557 554 556 558 556 559 558 557 556 560 561 562 563 561 560 564 560 562 565 566 561 565 561 563 567 562 568 567 564 562 569 570 566 569 566 565 571 568 572 571 567 568 573 570 569 574 571 572 575 576 570 575 570 573 577 572 578 577 574 572 579 580 576 579 576 575 581 578 582 581 577 578 583 584 580 583 580 579 585 582 586 585 581 582 587 588 589 587 589 590 591 592 593 591 593 588 591 588 587 594 587 590 594 590 595 596 597 598 596 598 592 596 592 591 599 594 595 599 595 600 599 600 601 602 603 597 602 597 596 604 585 586 604 601 585 604 599 601 605 603 602 605 606 584 605 583 603 605 584 583 607 604 586 607 586 608 609 606 605 609 610 606 611 607 608 611 612 613 611 608 612 614 615 610 614 616 615 614 610 609 617 611 613 617 613 618 619 616 614 619 620 616 621 617 618 622 623 620 622 620 619 624 625 626 627 628 623 627 623 622 629 618 625 629 621 618 629 625 624 630 622 619 630 619 631 632 624 626 632 626 633 634 635 628 634 628 627 636 637 621 636 621 629 638 630 631 638 631 639 640 633 641 640 632 633 642 635 634 643 637 636 644 638 639 645 640 641 646 647 635 646 635 642 648 649 637 648 637 643 650 639 651 650 644 639 652 641 653 652 645 641 654 647 646 655 649 648 656 650 651 657 652 653 658 647 654 659 658 654 660 649 655 660 655 661 662 656 651 663 657 653 664 658 659 665 660 661 666 662 651 667 662 666 668 663 653 669 667 666 670 660 665 670 665 671 670 671 672 673 668 653 673 674 675 673 675 668 676 658 664 676 664 677 676 677 678 679 669 666 679 680 669 681 670 672 681 672 682 681 682 683 684 685 686 684 686 680 684 680 679 687 683 688 687 681 683 689 674 673 689 690 691 689 691 674 692 676 678 692 678 693 694 695 685 694 685 684 696 687 688 696 688 697 698 696 697 698 697 699 700 693 701 700 701 702 700 692 693 703 699 690 703 690 689 704 700 702 704 702 705 706 699 703 706 698 699 706 707 698 708 704 705 708 705 695 709 708 695 709 694 710 709 695 694 711 712 713 714 712 711 715 711 713 716 712 714 716 717 712 718 713 719 718 715 713 720 717 716 720 721 717 722 718 719 723 721 720 724 719 725 724 722 719 726 721 723 726 727 721 728 709 710 728 710 729 730 725 731 730 724 725 732 727 726 733 731 707 733 730 731 734 733 707 735 728 729 736 735 729 736 729 737 738 739 740 741 742 743 741 743 739 741 739 738 744 740 745 744 745 746 744 738 740 747 748 742 747 742 741 749 746 750 749 744 746 751 752 753 751 753 748 751 748 747 754 750 755 754 749 750 754 755 756 757 752 751 758 756 759 758 754 756 760 736 737 760 727 732 760 737 727 761 752 757 762 759 763 762 763 764 762 758 759 765 752 761 766 762 764 767 752 765 768 766 764 769 766 768 770 732 771 770 760 732 772 767 773 772 773 774 772 774 775 772 775 776 772 752 767 777 771 778 777 770 771 779 769 768 780 776 781 780 772 776 782 778 783 782 777 778 784 783 785 784 785 786 784 782 783 787 788 769 787 769 779 789 786 790 789 790 791 789 791 792 789 784 786 793 788 787 793 794 788 795 789 792 795 792 796 795 796 797 798 794 793 799 797 800 799 800 801 799 795 797 802 803 804 802 804 780 802 781 805 802 805 806 802 806 807 802 807 808 802 808 794 802 794 798 802 780 781 809 801 734 809 799 801 810 707 706 810 809 734 810 734 707 811 810 706 811 706 812 813 812 814 813 811 812 815 814 816 815 813 814 817 815 816 817 816 818 819 818 820 819 820 821 819 817 818 822 819 821 823 821 824 823 824 825 823 822 821 826 823 825 827 825 803 827 826 825 828 829 830 831 829 828 832 828 830 833 829 831 834 832 830 835 829 833 836 834 830 837 829 835 837 838 839 837 839 829 840 830 841 840 836 830 842 838 837 842 843 838 844 840 841 845 846 843 845 843 842 847 846 845 848 847 845 849 848 850 849 847 848 851 849 850 852 850 853 852 851 850 854 852 853 854 853 855 856 827 803 856 803 802 856 857 858 856 858 859 856 859 860 856 860 861 856 861 844 856 841 862 856 862 827 856 844 841 863 854 855 864 857 856 865 863 855 865 855 866 867 857 864 867 868 857 869 865 866 869 866 870 871 868 867 871 872 868 873 869 870 874 872 871 875 873 870 875 870 876 877 875 876 877 872 874 877 876 872 878 879 880 881 880 882 881 878 880 883 884 879 883 879 878 885 882 886 885 881 882 887 888 884 887 884 883 889 886 890 889 885 886 891 892 888 891 888 887 893 890 894 893 889 890 895 896 892 895 892 891 897 894 898 897 893 894 899 900 896 899 896 895 901 898 902 901 897 898 903 904 900 903 900 899 905 902 906 905 901 902 907 908 904 907 909 908 907 904 903 910 906 911 910 911 912 910 905 906 913 909 907 913 914 909 915 912 916 915 910 912 917 918 914 917 914 913 919 916 920 919 915 916 921 918 917 922 918 921 923 919 920 924 923 920 925 922 921 926 922 925 927 923 924 928 927 924 929 926 925 930 926 929 931 927 928 932 931 928 933 930 929 934 930 933 935 931 932 936 935 932 937 934 933 938 935 936 939 934 937 940 939 937 941 938 936 942 938 941 943 939 940 944 943 940 945 942 941 946 942 945 947 943 944 948 947 944 949 946 945 950 946 949 951 947 948 952 951 948 953 950 949 954 950 953 955 952 956 955 951 952 957 954 953 957 958 954 959 956 960 959 955 956 961 958 957 961 962 958 963 960 964 963 959 960 965 966 962 965 962 961 967 963 964 968 966 965 969 967 964 969 964 970 971 972 966 971 966 968 973 970 974 973 969 970 975 972 971 975 976 972 977 974 978 977 973 974 979 976 975 979 980 976 981 978 982 981 977 978 983 980 979 983 984 980 985 982 986 985 981 982 987 984 983 987 988 984 989 986 990 989 985 986 991 988 987 991 992 988 993 989 990 993 990 994 995 992 991 995 996 992 997 993 994 997 996 995 997 994 996 998 999 1000 1001 1002 999 1001 999 998 1003 1004 1002 1003 1002 1001 1005 1006 1004 1005 1004 1003 1007 1008 1006 1007 1006 1005 1009 1010 1008 1009 1008 1007 1011 1012 1010 1011 1010 1009 1013 1014 1012 1013 1012 1011 1015 1016 1014 1015 1014 1013 1017 1016 1015 1018 1019 1016 1018 1016 1017 1020 1019 1018 1020 1021 1019 1022 1021 1020 1022 1023 1021 1024 1023 1022 1024 1025 1023 1026 1025 1024 1026 1027 1025 1028 1027 1026 1028 1029 1027 1030 1029 1028 1030 1031 1029 1032 1031 1030 1032 1033 1031 1034 1033 1032 1034 1035 1033 1036 1037 1035 1036 1035 1034 1038 1039 1037 1038 1037 1036 1040 1041 1039 1040 1039 1038 1042 1043 1041 1042 1041 1040 1044 1045 1043 1044 1043 1042 1046 1047 1045 1046 1045 1044 1048 1049 1047 1048 1047 1046 1050 1051 1049 1050 1049 1048 1052 1053 1051 1052 1051 1050 1054 1055 1053 1054 1053 1052 1056 1057 1055 1056 1055 1054 1058 1059 1060 1058 1060 1061 1062 1060 1059 1063 1058 1061 1064 1060 1062 1064 1065 1060 1066 1063 1061 1066 1061 1067 1068 1065 1064 1069 1066 1067 1070 1065 1068 1070 1071 1065 1072 1069 1067 1072 1067 1073 1074 1071 1070 1075 1072 1073 1076 1071 1074 1076 1077 1071 1078 1073 1079 1078 1075 1073 1080 1081 1077 1080 1077 1076 1082 1079 1083 1082 1078 1079 1084 1081 1080 1085 1086 1087 1085 1088 1086 1089 1090 1091 1089 1087 1090 1089 1085 1087 1092 1093 1088 1092 1088 1085 1094 1091 1095 1094 1095 1096 1094 1089 1091 1097 1098 1093 1097 1084 1098 1097 1093 1092 1099 1082 1083 1099 1096 1082 1099 1094 1096 1100 1084 1097 1100 1101 1081 1100 1081 1084 1102 1083 1103 1102 1099 1083 1104 1105 1101 1104 1101 1100 1106 1102 1103 1106 1103 1107 1108 1109 1110 1108 1110 1105 1108 1105 1104 1111 1106 1107 1111 1112 1113 1111 1107 1112 1114 1115 1109 1114 1109 1108 1116 1111 1113 1116 1113 1117 1118 1119 1115 1118 1115 1114 1120 1116 1117 1121 1122 1123 1124 1125 1126 1127 1121 1123 1128 1126 1119 1128 1124 1126 1129 1117 1122 1129 1122 1121 1129 1120 1117 1130 1125 1124 1131 1123 1132 1131 1127 1123 1133 1119 1118 1133 1128 1119 1133 1118 1134 1135 1120 1129 1135 1136 1120 1137 1138 1125 1137 1125 1130 1139 1131 1132 1140 1133 1134 1141 1136 1135 1142 1138 1137 1143 1132 1144 1143 1139 1132 1145 1140 1134 1145 1134 1146 1147 1136 1141 1147 1148 1136 1149 1138 1142 1150 1143 1144 1151 1145 1146 1152 1148 1147 1153 1138 1149 1153 1149 1154 1155 1150 1144 1156 1157 1151 1156 1151 1146 1158 1148 1152 1159 1153 1154 1160 1157 1156 1161 1148 1158 1162 1161 1158 1163 1153 1159 1164 1155 1144 1164 1165 1155 1166 1165 1164 1167 1161 1162 1168 1166 1164 1169 1160 1156 1169 1170 1160 1169 1171 1170 1172 1153 1163 1172 1173 1174 1172 1163 1173 1175 1167 1176 1175 1161 1167 1177 1171 1169 1177 1178 1179 1177 1179 1171 1180 1181 1182 1180 1182 1168 1180 1168 1164 1183 1184 1185 1183 1176 1184 1183 1175 1176 1186 1172 1174 1186 1187 1188 1186 1174 1187 1189 1178 1177 1189 1190 1178 1191 1183 1185 1192 1193 1181 1192 1194 1193 1192 1181 1180 1195 1196 1197 1195 1188 1196 1195 1186 1188 1198 1194 1192 1198 1199 1194 1200 1197 1190 1200 1195 1197 1201 1185 1199 1201 1191 1185 1201 1199 1198 1202 1189 1203 1202 1190 1189 1202 1200 1190 1204 1205 1191 1204 1191 1201 1206 1203 1207 1206 1202 1203 1208 1209 1205 1208 1205 1204 1210 1206 1207 1211 1212 1213 1214 1211 1213 1215 1212 1211 1216 1214 1213 1216 1213 1217 1218 1212 1215 1218 1219 1212 1220 1209 1208 1221 1216 1217 1221 1217 1222 1223 1219 1218 1224 1221 1222 1225 1219 1223 1225 1226 1219 1227 1207 1228 1227 1210 1207 1229 1224 1222 1229 1222 1230 1231 1226 1225 1232 1209 1220 1232 1233 1209 1234 1227 1228 1234 1228 1235 1236 1233 1232 1236 1230 1233 1237 1226 1231 1237 1234 1235 1237 1235 1226 1238 1239 1229 1238 1229 1230 1238 1230 1236 1240 1237 1231 1240 1231 1241 1242 1243 1239 1242 1239 1238 1244 1245 1246 1244 1241 1245 1244 1240 1241 1247 1248 1243 1247 1249 1248 1247 1243 1242 1250 1251 1252 1250 1246 1251 1250 1244 1246 1253 1254 1249 1253 1249 1247 1253 1255 1254 1256 1250 1252 1256 1257 1258 1256 1252 1257 1259 1256 1258 1259 1255 1253 1259 1260 1255 1259 1261 1260 1259 1258 1261 1262 1263 1264 1262 1265 1263 1266 1267 1265 1266 1265 1262 1268 1269 1267 1268 1267 1266 1270 1271 1269 1270 1269 1268 1272 1273 1271 1272 1271 1270 1274 1275 1273 1274 1276 1275 1274 1273 1272 1277 1276 1274 1278 1279 1276 1278 1276 1277 1280 1281 1279 1280 1279 1278 1282 1283 1281 1282 1281 1280 1284 1285 1283 1284 1283 1282 1286 1287 1285 1286 1285 1284 1288 1289 1287 1288 1287 1286 1290 1289 1288 1290 1291 1289 1292 1291 1290 1292 1293 1291 1294 1293 1292 1294 1295 1293 1294 1296 1295 1297 1296 1294 1298 1296 1297 1298 1299 1296 1298 1300 1299 1301 1300 1298 1302 1300 1301 1302 1303 1300 1304 1303 1302 1304 1305 1303 1306 1307 1308 1306 1309 1307 1310 1311 1309 1310 1309 1306 1312 1313 1311 1312 1314 1313 1312 1311 1310 1315 1314 1312 1316 1317 1314 1316 1314 1315 1318 1319 1317 1318 1317 1316 1320 1321 1319 1320 1322 1321 1320 1319 1318 1323 1322 1320 1324 1325 1322 1324 1322 1323 1326 1327 1325 1326 1328 1327 1326 1325 1324 1329 1328 1326 1330 1331 1328 1330 1328 1329 1332 1333 1331 1332 1331 1330 1334 1335 1336 1334 1337 1335 1338 1339 1337 1338 1337 1334 1340 1341 1339 1340 1342 1341 1340 1339 1338 1343 1342 1340 1344 1345 1342 1344 1342 1343 1346 1347 1345 1346 1345 1344 1348 1349 1347 1348 1350 1349 1348 1347 1346 1351 1350 1348 1352 1353 1350 1352 1350 1351 1354 1355 1353 1354 1356 1355 1354 1353 1352 1357 1356 1354 1358 1359 1356 1358 1356 1357 1360 1361 1359 1360 1359 1358 1362 1363 1364 1362 1365 1363 1366 1367 1365 1366 1365 1362 1368 1369 1367 1368 1370 1369 1368 1367 1366 1371 1370 1368 1372 1373 1370 1372 1370 1371 1374 1375 1373 1374 1373 1372 1376 1377 1375 1376 1378 1377 1376 1375 1374 1379 1378 1376 1380 1381 1378 1380 1378 1379 1382 1383 1381 1382 1384 1383 1382 1381 1380 1385 1384 1382 1386 1387 1384 1386 1384 1385 1388 1389 1387 1388 1387 1386 1390 1391 1392 1390 1393 1391 1394 1395 1393 1394 1393 1390 1396 1397 1395 1396 1398 1397 1396 1395 1394 1399 1398 1396 1400 1401 1398 1400 1398 1399 1402 1403 1401 1402 1401 1400 1404 1405 1403 1404 1406 1405 1404 1403 1402 1407 1406 1404 1408 1409 1406 1408 1406 1407 1410 1411 1409 1410 1412 1411 1410 1409 1408 1413 1412 1410 1414 1415 1412 1414 1412 1413 1416 1417 1415 1416 1415 1414 1418 1419 1420 1421 1419 1418 1422 1419 1421 1423 1424 1425 1426 1423 1425 1427 1425 1428 1427 1426 1425 1429 1422 1424 1429 1419 1422 1429 1424 1423 1430 1428 1431 1430 1431 1432 1430 1427 1428 1433 1434 1419 1433 1419 1429 1435 1430 1432 1436 1434 1433 1437 1434 1436 1438 1432 1439 1438 1435 1432 1440 1441 1442 1440 1442 1443 1440 1443 1444 1445 1440 1444 1446 1444 1447 1446 1445 1444 1448 1447 1449 1448 1449 1450 1448 1446 1447 1451 1450 1452 1451 1448 1450 1453 1451 1452 1454 1455 1456 1454 1456 1457 1458 1459 1460 1458 1460 1461 1458 1461 1453 1458 1452 1455 1458 1455 1454 1458 1453 1452 1462 1463 1464 1462 1464 1465 1466 1467 1468 1469 1466 1468 1470 1471 1472 1470 1472 1473 1474 1475 1476 1474 1477 1475 1478 1479 1477 1478 1480 1479 1478 1477 1474 1481 1480 1478 1482 1483 1480 1482 1480 1481 1484 1485 1483 1484 1486 1485 1484 1483 1482 1487 1486 1484 1488 1489 1486 1488 1486 1487 1490 1491 1489 1490 1489 1488 1492 1493 1491 1492 1491 1490 1494 1495 1493 1494 1496 1495 1494 1493 1492 1497 1498 1496 1497 1496 1494 1499 1498 1497 1500 1501 1498 1500 1498 1499 1502 1503 1504 1502 1505 1503 1506 1507 1505 1506 1508 1507 1506 1505 1502 1509 1508 1506 1510 1511 1508 1510 1508 1509 1512 1513 1511 1512 1514 1513 1512 1511 1510 1515 1514 1512 1516 1517 1514 1516 1514 1515 1518 1519 1517 1518 1517 1516 1520 1521 1519 1520 1519 1518 1522 1523 1521 1522 1524 1523 1522 1521 1520 1525 1526 1524 1525 1524 1522 1527 1526 1525 1528 1529 1526 1528 1526 1527 1530 1531 1532 1530 1532 1533 1534 1533 1535 1534 1530 1533 1536 1535 1537 1536 1534 1535 1538 1537 1539 1538 1536 1537 1540 1539 1541 1540 1538 1539 1542 1541 1543 1542 1540 1541 1544 1543 1545 1544 1542 1543 1546 1545 1547 1546 1544 1545 1548 1547 1549 1548 1546 1547 1550 1549 1551 1550 1548 1549 1552 1553 1554 1552 1555 1553 1556 1554 1557 1556 1552 1554 1558 1557 1559 1558 1556 1557 1560 1559 1561 1560 1558 1559 1562 1561 1563 1562 1560 1561 1564 1563 1565 1564 1562 1563 1566 1565 1567 1566 1564 1565 1568 1567 1569 1568 1566 1567 1570 1569 1571 1570 1568 1569 1572 1571 1573 1572 1570 1571 1574 1575 1576 1574 1576 1577 1578 1577 1579 1578 1574 1577 1580 1579 1581 1580 1578 1579 1582 1581 1583 1582 1580 1581 1584 1583 1585 1584 1582 1583 1586 1585 1587 1586 1584 1585 1588 1587 1589 1588 1586 1587 1590 1589 1591 1590 1588 1589 1592 1591 1593 1592 1590 1591 1594 1593 1595 1594 1592 1593 1596 1597 1598 1596 1599 1597 1600 1598 1601 1600 1596 1598 1602 1601 1603 1602 1600 1601 1604 1603 1605 1604 1602 1603 1606 1605 1607 1606 1604 1605 1608 1607 1609 1608 1606 1607 1610 1609 1611 1610 1608 1609 1612 1611 1613 1612 1610 1611 1614 1613 1615 1614 1612 1613 1616 1615 1617 1616 1614 1615 1618 1619 1620 1618 1621 1619 1622 1623 1621 1622 1621 1618 1624 1625 1623 1624 1623 1622 1626 1627 1625 1626 1625 1624 1628 1629 1627 1628 1627 1626 1630 1631 1629 1630 1629 1628 1632 1633 1631 1632 1631 1630 1634 1635 1633 1634 1633 1632 1636 1637 1638 1636 1639 1637 1640 1641 1639 1640 1639 1636 1642 1643 1641 1642 1641 1640 1644 1645 1643 1644 1643 1642 1646 1647 1645 1646 1645 1644 1648 1649 1647 1648 1647 1646 1650 1651 1649 1650 1649 1648 1652 1653 1651 1652 1651 1650 1654 1655 1656 1654 1657 1655 1658 1659 1657 1658 1657 1654 1660 1661 1659 1660 1659 1658 1662 1663 1661 1662 1661 1660 1664 1665 1663 1664 1663 1662 1666 1667 1665 1666 1665 1664 1668 1669 1667 1668 1667 1666 1670 1671 1669 1670 1669 1668 1672 1673 1674 1672 1675 1673 1676 1677 1675 1676 1675 1672 1678 1679 1677 1678 1677 1676 1680 1681 1679 1680 1679 1678 1682 1683 1681 1682 1681 1680 1684 1685 1683 1684 1683 1682 1686 1687 1685 1686 1685 1684 1688 1689 1687 1688 1687 1686 1690 1691 1692 1690 1693 1691 1694 1695 1696 1694 1697 1695 1698 1699 1700 1698 1701 1699 1702 1703 1704 1705 1703 1702 1706 1707 1708 1706 1709 1707 1710 1711 1712 1710 1713 1711 1714 1715 1716 1717 1714 1716 1718 1719 1714 1718 1714 1717 1720 1719 1718 1721 1720 1718 1722 1723 1724 1722 1725 1723 1726 1727 1725 1726 1725 1722 1728 1727 1726 1729 1730 1727 1729 1727 1728 1731 1732 1730 1731 1730 1729 1733 1734 1732 1733 1732 1731 1735 1736 1734 1735 1734 1733 1737 1738 1736 1737 1736 1735 1739 1740 1741 1742 1743 1740 1742 1740 1739 1744 1745 1743 1744 1743 1742 1746 1747 1745 1746 1745 1744 1748 1749 1747 1748 1747 1746 1750 1751 1749 1750 1749 1748 1752 1753 1751 1752 1751 1750 1754 1755 1753 1754 1753 1752 1756 1755 1754 1757 1758 1759 1760 1761 1758 1760 1758 1757 1762 1763 1764 1762 1764 1761 1762 1761 1760 1765 1766 1763 1765 1763 1762 1767 1768 1766 1767 1766 1765 1769 1770 1768 1769 1768 1767 1771 1770 1769 1772 1773 1770 1772 1770 1771 1774 1775 1776 1774 1777 1775 1778 1779 1777 1778 1777 1774 1780 1781 1779 1780 1779 1778 1782 1783 1781 1782 1784 1783 1782 1781 1780 1785 1786 1784 1785 1784 1782 1787 1788 1786 1787 1786 1785 1789 1790 1788 1789 1788 1787 1791 1792 1793 1791 1794 1792 1795 1796 1794 1795 1794 1791 1797 1796 1795 1798 1799 1796 1798 1796 1797 1800 1801 1799 1800 1799 1798 1802 1803 1801 1802 1801 1800 1804 1805 1803 1804 1803 1802 1806 1807 1805 1806 1805 1804 1808 1809 1810 1811 1812 1809 1811 1809 1808 1813 1814 1815 1813 1815 1812 1813 1812 1811 1816 1817 1814 1816 1814 1813 1818 1819 1817 1818 1817 1816 1820 1819 1818 1821 1822 1819 1821 1819 1820 1823 1824 1822 1823 1822 1821 1825 1824 1823 </p>
        </polylist>
      </mesh>
    </geometry>
  </library_geometries>
  <library_controllers>
  </library_controllers>
  <library_visual_scenes>
    <visual_scene id="Scene" name="Scene">
      <node id="empty_2" name="empty_2" type="NODE">
        <matrix sid="matrix">1 0 0 0 0 1 0 0 0 0 1 0 0 0 0 1</matrix>
        <instance_geometry url="#meshesQ0S">
          <bind_material>
            <technique_common>
              <instance_material symbol="defaultMaterial" target="#material_0">
              </instance_material>
            </technique_common>
          </bind_material>
        </instance_geometry>
      </node>
    </visual_scene>
  </library_visual_scenes>
  <scene>
    <instance_visual_scene url="#Scene" />
  </scene>
</COLLADA>
