[0.142s] DEBUG:colcon:Command line arguments: ['/usr/bin/colcon', 'build']
[0.143s] DEBUG:colcon:Parsed command line arguments: Namespace(log_base=None, log_level=None, verb_name='build', build_base='build', install_base='install', merge_install=False, symlink_install=False, test_result_base=None, continue_on_error=False, executor='parallel', parallel_workers=16, event_handlers=None, ignore_user_meta=False, metas=['./colcon.meta'], base_paths=['.'], packages_ignore=None, packages_ignore_regex=None, paths=None, packages_up_to=None, packages_up_to_regex=None, packages_above=None, packages_above_and_dependencies=None, packages_above_depth=None, packages_select_by_dep=None, packages_skip_by_dep=None, packages_skip_up_to=None, packages_select_build_failed=False, packages_skip_build_finished=False, packages_select_test_failures=False, packages_skip_test_passed=False, packages_select=None, packages_skip=None, packages_select_regex=None, packages_skip_regex=None, packages_start=None, packages_end=None, allow_overriding=[], cmake_args=None, cmake_target=None, cmake_target_skip_unavailable=False, cmake_clean_cache=False, cmake_clean_first=False, cmake_force_configure=False, ament_cmake_args=None, catkin_cmake_args=None, catkin_skip_building_tests=False, mixin_files=None, mixin=None, verb_parser=<colcon_mixin.mixin.mixin_argument.MixinArgumentDecorator object at 0x76c37016b040>, verb_extension=<colcon_core.verb.build.BuildVerb object at 0x76c37016a9b0>, main=<bound method BuildVerb.main of <colcon_core.verb.build.BuildVerb object at 0x76c37016a9b0>>, mixin_verb=('build',))
[0.435s] Level 1:colcon.colcon_core.package_discovery:discover_packages(colcon_meta) check parameters
[0.435s] Level 1:colcon.colcon_core.package_discovery:discover_packages(recursive) check parameters
[0.435s] Level 1:colcon.colcon_core.package_discovery:discover_packages(ignore) check parameters
[0.435s] Level 1:colcon.colcon_core.package_discovery:discover_packages(path) check parameters
[0.435s] Level 1:colcon.colcon_core.package_discovery:discover_packages(colcon_meta) discover
[0.435s] Level 1:colcon.colcon_core.package_discovery:discover_packages(recursive) discover
[0.435s] INFO:colcon.colcon_core.package_discovery:Crawling recursively for packages in '/home/luca/Stage_Lirmm/Diffusion-model-isaacsim/ur10_real_robot/ros2_ws_luca'
[0.436s] Level 1:colcon.colcon_core.package_identification:_identify(.) by extensions ['ignore', 'ignore_ament_install']
[0.436s] Level 1:colcon.colcon_core.package_identification:_identify(.) by extension 'ignore'
[0.436s] Level 1:colcon.colcon_core.package_identification:_identify(.) by extension 'ignore_ament_install'
[0.436s] Level 1:colcon.colcon_core.package_identification:_identify(.) by extensions ['colcon_pkg']
[0.436s] Level 1:colcon.colcon_core.package_identification:_identify(.) by extension 'colcon_pkg'
[0.436s] Level 1:colcon.colcon_core.package_identification:_identify(.) by extensions ['colcon_meta']
[0.436s] Level 1:colcon.colcon_core.package_identification:_identify(.) by extension 'colcon_meta'
[0.436s] Level 1:colcon.colcon_core.package_identification:_identify(.) by extensions ['ros']
[0.436s] Level 1:colcon.colcon_core.package_identification:_identify(.) by extension 'ros'
[0.449s] Level 1:colcon.colcon_core.package_identification:_identify(.) by extensions ['cmake', 'python']
[0.449s] Level 1:colcon.colcon_core.package_identification:_identify(.) by extension 'cmake'
[0.449s] Level 1:colcon.colcon_core.package_identification:_identify(.) by extension 'python'
[0.449s] Level 1:colcon.colcon_core.package_identification:_identify(.) by extensions ['python_setup_py']
[0.449s] Level 1:colcon.colcon_core.package_identification:_identify(.) by extension 'python_setup_py'
[0.449s] Level 1:colcon.colcon_core.package_identification:_identify(build) by extensions ['ignore', 'ignore_ament_install']
[0.449s] Level 1:colcon.colcon_core.package_identification:_identify(build) by extension 'ignore'
[0.450s] Level 1:colcon.colcon_core.package_identification:_identify(build) ignored
[0.450s] Level 1:colcon.colcon_core.package_identification:_identify(install) by extensions ['ignore', 'ignore_ament_install']
[0.450s] Level 1:colcon.colcon_core.package_identification:_identify(install) by extension 'ignore'
[0.450s] Level 1:colcon.colcon_core.package_identification:_identify(install) ignored
[0.450s] Level 1:colcon.colcon_core.package_identification:_identify(log) by extensions ['ignore', 'ignore_ament_install']
[0.450s] Level 1:colcon.colcon_core.package_identification:_identify(log) by extension 'ignore'
[0.450s] Level 1:colcon.colcon_core.package_identification:_identify(log) ignored
[0.450s] Level 1:colcon.colcon_core.package_identification:_identify(src) by extensions ['ignore', 'ignore_ament_install']
[0.450s] Level 1:colcon.colcon_core.package_identification:_identify(src) by extension 'ignore'
[0.450s] Level 1:colcon.colcon_core.package_identification:_identify(src) by extension 'ignore_ament_install'
[0.450s] Level 1:colcon.colcon_core.package_identification:_identify(src) by extensions ['colcon_pkg']
[0.450s] Level 1:colcon.colcon_core.package_identification:_identify(src) by extension 'colcon_pkg'
[0.451s] Level 1:colcon.colcon_core.package_identification:_identify(src) by extensions ['colcon_meta']
[0.451s] Level 1:colcon.colcon_core.package_identification:_identify(src) by extension 'colcon_meta'
[0.451s] Level 1:colcon.colcon_core.package_identification:_identify(src) by extensions ['ros']
[0.451s] Level 1:colcon.colcon_core.package_identification:_identify(src) by extension 'ros'
[0.451s] Level 1:colcon.colcon_core.package_identification:_identify(src) by extensions ['cmake', 'python']
[0.451s] Level 1:colcon.colcon_core.package_identification:_identify(src) by extension 'cmake'
[0.451s] Level 1:colcon.colcon_core.package_identification:_identify(src) by extension 'python'
[0.451s] Level 1:colcon.colcon_core.package_identification:_identify(src) by extensions ['python_setup_py']
[0.451s] Level 1:colcon.colcon_core.package_identification:_identify(src) by extension 'python_setup_py'
[0.451s] Level 1:colcon.colcon_core.package_identification:_identify(src/bringup_gripper) by extensions ['ignore', 'ignore_ament_install']
[0.451s] Level 1:colcon.colcon_core.package_identification:_identify(src/bringup_gripper) by extension 'ignore'
[0.451s] Level 1:colcon.colcon_core.package_identification:_identify(src/bringup_gripper) by extension 'ignore_ament_install'
[0.451s] Level 1:colcon.colcon_core.package_identification:_identify(src/bringup_gripper) by extensions ['colcon_pkg']
[0.451s] Level 1:colcon.colcon_core.package_identification:_identify(src/bringup_gripper) by extension 'colcon_pkg'
[0.451s] Level 1:colcon.colcon_core.package_identification:_identify(src/bringup_gripper) by extensions ['colcon_meta']
[0.451s] Level 1:colcon.colcon_core.package_identification:_identify(src/bringup_gripper) by extension 'colcon_meta'
[0.451s] Level 1:colcon.colcon_core.package_identification:_identify(src/bringup_gripper) by extensions ['ros']
[0.452s] Level 1:colcon.colcon_core.package_identification:_identify(src/bringup_gripper) by extension 'ros'
[0.455s] DEBUG:colcon.colcon_core.package_identification:Package 'src/bringup_gripper' with type 'ros.ament_python' and name 'bringup_gripper'
[0.455s] Level 1:colcon.colcon_core.package_identification:_identify(src/earth_robot_moveit_config) by extensions ['ignore', 'ignore_ament_install']
[0.455s] Level 1:colcon.colcon_core.package_identification:_identify(src/earth_robot_moveit_config) by extension 'ignore'
[0.456s] Level 1:colcon.colcon_core.package_identification:_identify(src/earth_robot_moveit_config) by extension 'ignore_ament_install'
[0.456s] Level 1:colcon.colcon_core.package_identification:_identify(src/earth_robot_moveit_config) by extensions ['colcon_pkg']
[0.456s] Level 1:colcon.colcon_core.package_identification:_identify(src/earth_robot_moveit_config) by extension 'colcon_pkg'
[0.456s] Level 1:colcon.colcon_core.package_identification:_identify(src/earth_robot_moveit_config) by extensions ['colcon_meta']
[0.456s] Level 1:colcon.colcon_core.package_identification:_identify(src/earth_robot_moveit_config) by extension 'colcon_meta'
[0.456s] Level 1:colcon.colcon_core.package_identification:_identify(src/earth_robot_moveit_config) by extensions ['ros']
[0.456s] Level 1:colcon.colcon_core.package_identification:_identify(src/earth_robot_moveit_config) by extension 'ros'
[0.459s] DEBUG:colcon.colcon_core.package_identification:Package 'src/earth_robot_moveit_config' with type 'ros.ament_cmake' and name 'earth_robot_moveit_config'
[0.459s] Level 1:colcon.colcon_core.package_identification:_identify(src/onrobot_rg2ft_description) by extensions ['ignore', 'ignore_ament_install']
[0.459s] Level 1:colcon.colcon_core.package_identification:_identify(src/onrobot_rg2ft_description) by extension 'ignore'
[0.459s] Level 1:colcon.colcon_core.package_identification:_identify(src/onrobot_rg2ft_description) by extension 'ignore_ament_install'
[0.459s] Level 1:colcon.colcon_core.package_identification:_identify(src/onrobot_rg2ft_description) by extensions ['colcon_pkg']
[0.459s] Level 1:colcon.colcon_core.package_identification:_identify(src/onrobot_rg2ft_description) by extension 'colcon_pkg'
[0.460s] Level 1:colcon.colcon_core.package_identification:_identify(src/onrobot_rg2ft_description) by extensions ['colcon_meta']
[0.460s] Level 1:colcon.colcon_core.package_identification:_identify(src/onrobot_rg2ft_description) by extension 'colcon_meta'
[0.460s] Level 1:colcon.colcon_core.package_identification:_identify(src/onrobot_rg2ft_description) by extensions ['ros']
[0.460s] Level 1:colcon.colcon_core.package_identification:_identify(src/onrobot_rg2ft_description) by extension 'ros'
[0.460s] DEBUG:colcon.colcon_core.package_identification:Package 'src/onrobot_rg2ft_description' with type 'ros.ament_cmake' and name 'onrobot_rg2ft_description'
[0.461s] Level 1:colcon.colcon_core.package_identification:_identify(src/onrobot_rg_msgs) by extensions ['ignore', 'ignore_ament_install']
[0.461s] Level 1:colcon.colcon_core.package_identification:_identify(src/onrobot_rg_msgs) by extension 'ignore'
[0.461s] Level 1:colcon.colcon_core.package_identification:_identify(src/onrobot_rg_msgs) by extension 'ignore_ament_install'
[0.461s] Level 1:colcon.colcon_core.package_identification:_identify(src/onrobot_rg_msgs) by extensions ['colcon_pkg']
[0.461s] Level 1:colcon.colcon_core.package_identification:_identify(src/onrobot_rg_msgs) by extension 'colcon_pkg'
[0.461s] Level 1:colcon.colcon_core.package_identification:_identify(src/onrobot_rg_msgs) by extensions ['colcon_meta']
[0.461s] Level 1:colcon.colcon_core.package_identification:_identify(src/onrobot_rg_msgs) by extension 'colcon_meta'
[0.461s] Level 1:colcon.colcon_core.package_identification:_identify(src/onrobot_rg_msgs) by extensions ['ros']
[0.461s] Level 1:colcon.colcon_core.package_identification:_identify(src/onrobot_rg_msgs) by extension 'ros'
[0.462s] DEBUG:colcon.colcon_core.package_identification:Package 'src/onrobot_rg_msgs' with type 'ros.ament_cmake' and name 'onrobot_rg_msgs'
[0.462s] Level 1:colcon.colcon_core.package_identification:_identify(src/realsense-ros) by extensions ['ignore', 'ignore_ament_install']
[0.462s] Level 1:colcon.colcon_core.package_identification:_identify(src/realsense-ros) by extension 'ignore'
[0.462s] Level 1:colcon.colcon_core.package_identification:_identify(src/realsense-ros) by extension 'ignore_ament_install'
[0.462s] Level 1:colcon.colcon_core.package_identification:_identify(src/realsense-ros) by extensions ['colcon_pkg']
[0.462s] Level 1:colcon.colcon_core.package_identification:_identify(src/realsense-ros) by extension 'colcon_pkg'
[0.462s] Level 1:colcon.colcon_core.package_identification:_identify(src/realsense-ros) by extensions ['colcon_meta']
[0.462s] Level 1:colcon.colcon_core.package_identification:_identify(src/realsense-ros) by extension 'colcon_meta'
[0.462s] Level 1:colcon.colcon_core.package_identification:_identify(src/realsense-ros) by extensions ['ros']
[0.462s] Level 1:colcon.colcon_core.package_identification:_identify(src/realsense-ros) by extension 'ros'
[0.462s] Level 1:colcon.colcon_core.package_identification:_identify(src/realsense-ros) by extensions ['cmake', 'python']
[0.462s] Level 1:colcon.colcon_core.package_identification:_identify(src/realsense-ros) by extension 'cmake'
[0.462s] Level 1:colcon.colcon_core.package_identification:_identify(src/realsense-ros) by extension 'python'
[0.462s] Level 1:colcon.colcon_core.package_identification:_identify(src/realsense-ros) by extensions ['python_setup_py']
[0.463s] Level 1:colcon.colcon_core.package_identification:_identify(src/realsense-ros) by extension 'python_setup_py'
[0.463s] Level 1:colcon.colcon_core.package_identification:_identify(src/realsense-ros/realsense2_description) by extensions ['ignore', 'ignore_ament_install']
[0.463s] Level 1:colcon.colcon_core.package_identification:_identify(src/realsense-ros/realsense2_description) by extension 'ignore'
[0.463s] Level 1:colcon.colcon_core.package_identification:_identify(src/realsense-ros/realsense2_description) by extension 'ignore_ament_install'
[0.463s] Level 1:colcon.colcon_core.package_identification:_identify(src/realsense-ros/realsense2_description) by extensions ['colcon_pkg']
[0.463s] Level 1:colcon.colcon_core.package_identification:_identify(src/realsense-ros/realsense2_description) by extension 'colcon_pkg'
[0.463s] Level 1:colcon.colcon_core.package_identification:_identify(src/realsense-ros/realsense2_description) by extensions ['colcon_meta']
[0.463s] Level 1:colcon.colcon_core.package_identification:_identify(src/realsense-ros/realsense2_description) by extension 'colcon_meta'
[0.463s] Level 1:colcon.colcon_core.package_identification:_identify(src/realsense-ros/realsense2_description) by extensions ['ros']
[0.463s] Level 1:colcon.colcon_core.package_identification:_identify(src/realsense-ros/realsense2_description) by extension 'ros'
[0.464s] DEBUG:colcon.colcon_core.package_identification:Package 'src/realsense-ros/realsense2_description' with type 'ros.ament_cmake' and name 'realsense2_description'
[0.464s] Level 1:colcon.colcon_core.package_identification:_identify(src/ur_robot_description_cb2) by extensions ['ignore', 'ignore_ament_install']
[0.464s] Level 1:colcon.colcon_core.package_identification:_identify(src/ur_robot_description_cb2) by extension 'ignore'
[0.465s] Level 1:colcon.colcon_core.package_identification:_identify(src/ur_robot_description_cb2) by extension 'ignore_ament_install'
[0.465s] Level 1:colcon.colcon_core.package_identification:_identify(src/ur_robot_description_cb2) by extensions ['colcon_pkg']
[0.465s] Level 1:colcon.colcon_core.package_identification:_identify(src/ur_robot_description_cb2) by extension 'colcon_pkg'
[0.465s] Level 1:colcon.colcon_core.package_identification:_identify(src/ur_robot_description_cb2) by extensions ['colcon_meta']
[0.465s] Level 1:colcon.colcon_core.package_identification:_identify(src/ur_robot_description_cb2) by extension 'colcon_meta'
[0.465s] Level 1:colcon.colcon_core.package_identification:_identify(src/ur_robot_description_cb2) by extensions ['ros']
[0.465s] Level 1:colcon.colcon_core.package_identification:_identify(src/ur_robot_description_cb2) by extension 'ros'
[0.466s] DEBUG:colcon.colcon_core.package_identification:Package 'src/ur_robot_description_cb2' with type 'ros.ament_cmake' and name 'ur_robot_description_cb2'
[0.466s] Level 1:colcon.colcon_core.package_identification:_identify(src/ur_robot_driver_cb2) by extensions ['ignore', 'ignore_ament_install']
[0.466s] Level 1:colcon.colcon_core.package_identification:_identify(src/ur_robot_driver_cb2) by extension 'ignore'
[0.466s] Level 1:colcon.colcon_core.package_identification:_identify(src/ur_robot_driver_cb2) by extension 'ignore_ament_install'
[0.466s] Level 1:colcon.colcon_core.package_identification:_identify(src/ur_robot_driver_cb2) by extensions ['colcon_pkg']
[0.466s] Level 1:colcon.colcon_core.package_identification:_identify(src/ur_robot_driver_cb2) by extension 'colcon_pkg'
[0.466s] Level 1:colcon.colcon_core.package_identification:_identify(src/ur_robot_driver_cb2) by extensions ['colcon_meta']
[0.467s] Level 1:colcon.colcon_core.package_identification:_identify(src/ur_robot_driver_cb2) by extension 'colcon_meta'
[0.467s] Level 1:colcon.colcon_core.package_identification:_identify(src/ur_robot_driver_cb2) by extensions ['ros']
[0.467s] Level 1:colcon.colcon_core.package_identification:_identify(src/ur_robot_driver_cb2) by extension 'ros'
[0.469s] DEBUG:colcon.colcon_core.package_identification:Package 'src/ur_robot_driver_cb2' with type 'ros.ament_cmake' and name 'ur_robot_driver_cb2'
[0.469s] Level 1:colcon.colcon_core.package_discovery:discover_packages(recursive) using defaults
[0.469s] Level 1:colcon.colcon_core.package_discovery:discover_packages(ignore) discover
[0.469s] Level 1:colcon.colcon_core.package_discovery:discover_packages(ignore) using defaults
[0.469s] Level 1:colcon.colcon_core.package_discovery:discover_packages(path) discover
[0.469s] Level 1:colcon.colcon_core.package_discovery:discover_packages(path) using defaults
[0.495s] Level 1:colcon.colcon_core.package_discovery:discover_packages(prefix_path) check parameters
[0.495s] Level 1:colcon.colcon_core.package_discovery:discover_packages(prefix_path) discover
[0.498s] DEBUG:colcon.colcon_installed_package_information.package_discovery:Found 7 installed packages in /home/luca/Stage_Lirmm/Diffusion-model-isaacsim/ur10_real_robot/ros2_ws_luca/install
[0.500s] DEBUG:colcon.colcon_installed_package_information.package_discovery:Found 388 installed packages in /opt/ros/humble
[0.503s] Level 1:colcon.colcon_core.package_discovery:discover_packages(prefix_path) using defaults
[0.560s] Level 5:colcon.colcon_core.verb:set package 'onrobot_rg2ft_description' build argument 'cmake_args' from command line to 'None'
[0.560s] Level 5:colcon.colcon_core.verb:set package 'onrobot_rg2ft_description' build argument 'cmake_target' from command line to 'None'
[0.560s] Level 5:colcon.colcon_core.verb:set package 'onrobot_rg2ft_description' build argument 'cmake_target_skip_unavailable' from command line to 'False'
[0.560s] Level 5:colcon.colcon_core.verb:set package 'onrobot_rg2ft_description' build argument 'cmake_clean_cache' from command line to 'False'
[0.561s] Level 5:colcon.colcon_core.verb:set package 'onrobot_rg2ft_description' build argument 'cmake_clean_first' from command line to 'False'
[0.561s] Level 5:colcon.colcon_core.verb:set package 'onrobot_rg2ft_description' build argument 'cmake_force_configure' from command line to 'False'
[0.561s] Level 5:colcon.colcon_core.verb:set package 'onrobot_rg2ft_description' build argument 'ament_cmake_args' from command line to 'None'
[0.561s] Level 5:colcon.colcon_core.verb:set package 'onrobot_rg2ft_description' build argument 'catkin_cmake_args' from command line to 'None'
[0.561s] Level 5:colcon.colcon_core.verb:set package 'onrobot_rg2ft_description' build argument 'catkin_skip_building_tests' from command line to 'False'
[0.561s] DEBUG:colcon.colcon_core.verb:Building package 'onrobot_rg2ft_description' with the following arguments: {'ament_cmake_args': None, 'build_base': '/home/luca/Stage_Lirmm/Diffusion-model-isaacsim/ur10_real_robot/ros2_ws_luca/build/onrobot_rg2ft_description', 'catkin_cmake_args': None, 'catkin_skip_building_tests': False, 'cmake_args': None, 'cmake_clean_cache': False, 'cmake_clean_first': False, 'cmake_force_configure': False, 'cmake_target': None, 'cmake_target_skip_unavailable': False, 'install_base': '/home/luca/Stage_Lirmm/Diffusion-model-isaacsim/ur10_real_robot/ros2_ws_luca/install/onrobot_rg2ft_description', 'merge_install': False, 'path': '/home/luca/Stage_Lirmm/Diffusion-model-isaacsim/ur10_real_robot/ros2_ws_luca/src/onrobot_rg2ft_description', 'symlink_install': False, 'test_result_base': None}
[0.561s] Level 5:colcon.colcon_core.verb:set package 'onrobot_rg_msgs' build argument 'cmake_args' from command line to 'None'
[0.561s] Level 5:colcon.colcon_core.verb:set package 'onrobot_rg_msgs' build argument 'cmake_target' from command line to 'None'
[0.561s] Level 5:colcon.colcon_core.verb:set package 'onrobot_rg_msgs' build argument 'cmake_target_skip_unavailable' from command line to 'False'
[0.561s] Level 5:colcon.colcon_core.verb:set package 'onrobot_rg_msgs' build argument 'cmake_clean_cache' from command line to 'False'
[0.561s] Level 5:colcon.colcon_core.verb:set package 'onrobot_rg_msgs' build argument 'cmake_clean_first' from command line to 'False'
[0.561s] Level 5:colcon.colcon_core.verb:set package 'onrobot_rg_msgs' build argument 'cmake_force_configure' from command line to 'False'
[0.561s] Level 5:colcon.colcon_core.verb:set package 'onrobot_rg_msgs' build argument 'ament_cmake_args' from command line to 'None'
[0.561s] Level 5:colcon.colcon_core.verb:set package 'onrobot_rg_msgs' build argument 'catkin_cmake_args' from command line to 'None'
[0.561s] Level 5:colcon.colcon_core.verb:set package 'onrobot_rg_msgs' build argument 'catkin_skip_building_tests' from command line to 'False'
[0.561s] DEBUG:colcon.colcon_core.verb:Building package 'onrobot_rg_msgs' with the following arguments: {'ament_cmake_args': None, 'build_base': '/home/luca/Stage_Lirmm/Diffusion-model-isaacsim/ur10_real_robot/ros2_ws_luca/build/onrobot_rg_msgs', 'catkin_cmake_args': None, 'catkin_skip_building_tests': False, 'cmake_args': None, 'cmake_clean_cache': False, 'cmake_clean_first': False, 'cmake_force_configure': False, 'cmake_target': None, 'cmake_target_skip_unavailable': False, 'install_base': '/home/luca/Stage_Lirmm/Diffusion-model-isaacsim/ur10_real_robot/ros2_ws_luca/install/onrobot_rg_msgs', 'merge_install': False, 'path': '/home/luca/Stage_Lirmm/Diffusion-model-isaacsim/ur10_real_robot/ros2_ws_luca/src/onrobot_rg_msgs', 'symlink_install': False, 'test_result_base': None}
[0.562s] Level 5:colcon.colcon_core.verb:set package 'ur_robot_description_cb2' build argument 'cmake_args' from command line to 'None'
[0.562s] Level 5:colcon.colcon_core.verb:set package 'ur_robot_description_cb2' build argument 'cmake_target' from command line to 'None'
[0.562s] Level 5:colcon.colcon_core.verb:set package 'ur_robot_description_cb2' build argument 'cmake_target_skip_unavailable' from command line to 'False'
[0.562s] Level 5:colcon.colcon_core.verb:set package 'ur_robot_description_cb2' build argument 'cmake_clean_cache' from command line to 'False'
[0.562s] Level 5:colcon.colcon_core.verb:set package 'ur_robot_description_cb2' build argument 'cmake_clean_first' from command line to 'False'
[0.562s] Level 5:colcon.colcon_core.verb:set package 'ur_robot_description_cb2' build argument 'cmake_force_configure' from command line to 'False'
[0.562s] Level 5:colcon.colcon_core.verb:set package 'ur_robot_description_cb2' build argument 'ament_cmake_args' from command line to 'None'
[0.562s] Level 5:colcon.colcon_core.verb:set package 'ur_robot_description_cb2' build argument 'catkin_cmake_args' from command line to 'None'
[0.562s] Level 5:colcon.colcon_core.verb:set package 'ur_robot_description_cb2' build argument 'catkin_skip_building_tests' from command line to 'False'
[0.562s] DEBUG:colcon.colcon_core.verb:Building package 'ur_robot_description_cb2' with the following arguments: {'ament_cmake_args': None, 'build_base': '/home/luca/Stage_Lirmm/Diffusion-model-isaacsim/ur10_real_robot/ros2_ws_luca/build/ur_robot_description_cb2', 'catkin_cmake_args': None, 'catkin_skip_building_tests': False, 'cmake_args': None, 'cmake_clean_cache': False, 'cmake_clean_first': False, 'cmake_force_configure': False, 'cmake_target': None, 'cmake_target_skip_unavailable': False, 'install_base': '/home/luca/Stage_Lirmm/Diffusion-model-isaacsim/ur10_real_robot/ros2_ws_luca/install/ur_robot_description_cb2', 'merge_install': False, 'path': '/home/luca/Stage_Lirmm/Diffusion-model-isaacsim/ur10_real_robot/ros2_ws_luca/src/ur_robot_description_cb2', 'symlink_install': False, 'test_result_base': None}
[0.562s] Level 5:colcon.colcon_core.verb:set package 'bringup_gripper' build argument 'cmake_args' from command line to 'None'
[0.562s] Level 5:colcon.colcon_core.verb:set package 'bringup_gripper' build argument 'cmake_target' from command line to 'None'
[0.562s] Level 5:colcon.colcon_core.verb:set package 'bringup_gripper' build argument 'cmake_target_skip_unavailable' from command line to 'False'
[0.562s] Level 5:colcon.colcon_core.verb:set package 'bringup_gripper' build argument 'cmake_clean_cache' from command line to 'False'
[0.563s] Level 5:colcon.colcon_core.verb:set package 'bringup_gripper' build argument 'cmake_clean_first' from command line to 'False'
[0.563s] Level 5:colcon.colcon_core.verb:set package 'bringup_gripper' build argument 'cmake_force_configure' from command line to 'False'
[0.563s] Level 5:colcon.colcon_core.verb:set package 'bringup_gripper' build argument 'ament_cmake_args' from command line to 'None'
[0.563s] Level 5:colcon.colcon_core.verb:set package 'bringup_gripper' build argument 'catkin_cmake_args' from command line to 'None'
[0.563s] Level 5:colcon.colcon_core.verb:set package 'bringup_gripper' build argument 'catkin_skip_building_tests' from command line to 'False'
[0.563s] DEBUG:colcon.colcon_core.verb:Building package 'bringup_gripper' with the following arguments: {'ament_cmake_args': None, 'build_base': '/home/luca/Stage_Lirmm/Diffusion-model-isaacsim/ur10_real_robot/ros2_ws_luca/build/bringup_gripper', 'catkin_cmake_args': None, 'catkin_skip_building_tests': False, 'cmake_args': None, 'cmake_clean_cache': False, 'cmake_clean_first': False, 'cmake_force_configure': False, 'cmake_target': None, 'cmake_target_skip_unavailable': False, 'install_base': '/home/luca/Stage_Lirmm/Diffusion-model-isaacsim/ur10_real_robot/ros2_ws_luca/install/bringup_gripper', 'merge_install': False, 'path': '/home/luca/Stage_Lirmm/Diffusion-model-isaacsim/ur10_real_robot/ros2_ws_luca/src/bringup_gripper', 'symlink_install': False, 'test_result_base': None}
[0.563s] Level 5:colcon.colcon_core.verb:set package 'ur_robot_driver_cb2' build argument 'cmake_args' from command line to 'None'
[0.563s] Level 5:colcon.colcon_core.verb:set package 'ur_robot_driver_cb2' build argument 'cmake_target' from command line to 'None'
[0.563s] Level 5:colcon.colcon_core.verb:set package 'ur_robot_driver_cb2' build argument 'cmake_target_skip_unavailable' from command line to 'False'
[0.563s] Level 5:colcon.colcon_core.verb:set package 'ur_robot_driver_cb2' build argument 'cmake_clean_cache' from command line to 'False'
[0.563s] Level 5:colcon.colcon_core.verb:set package 'ur_robot_driver_cb2' build argument 'cmake_clean_first' from command line to 'False'
[0.563s] Level 5:colcon.colcon_core.verb:set package 'ur_robot_driver_cb2' build argument 'cmake_force_configure' from command line to 'False'
[0.563s] Level 5:colcon.colcon_core.verb:set package 'ur_robot_driver_cb2' build argument 'ament_cmake_args' from command line to 'None'
[0.563s] Level 5:colcon.colcon_core.verb:set package 'ur_robot_driver_cb2' build argument 'catkin_cmake_args' from command line to 'None'
[0.563s] Level 5:colcon.colcon_core.verb:set package 'ur_robot_driver_cb2' build argument 'catkin_skip_building_tests' from command line to 'False'
[0.563s] DEBUG:colcon.colcon_core.verb:Building package 'ur_robot_driver_cb2' with the following arguments: {'ament_cmake_args': None, 'build_base': '/home/luca/Stage_Lirmm/Diffusion-model-isaacsim/ur10_real_robot/ros2_ws_luca/build/ur_robot_driver_cb2', 'catkin_cmake_args': None, 'catkin_skip_building_tests': False, 'cmake_args': None, 'cmake_clean_cache': False, 'cmake_clean_first': False, 'cmake_force_configure': False, 'cmake_target': None, 'cmake_target_skip_unavailable': False, 'install_base': '/home/luca/Stage_Lirmm/Diffusion-model-isaacsim/ur10_real_robot/ros2_ws_luca/install/ur_robot_driver_cb2', 'merge_install': False, 'path': '/home/luca/Stage_Lirmm/Diffusion-model-isaacsim/ur10_real_robot/ros2_ws_luca/src/ur_robot_driver_cb2', 'symlink_install': False, 'test_result_base': None}
[0.564s] Level 5:colcon.colcon_core.verb:set package 'realsense2_description' build argument 'cmake_args' from command line to 'None'
[0.564s] Level 5:colcon.colcon_core.verb:set package 'realsense2_description' build argument 'cmake_target' from command line to 'None'
[0.564s] Level 5:colcon.colcon_core.verb:set package 'realsense2_description' build argument 'cmake_target_skip_unavailable' from command line to 'False'
[0.564s] Level 5:colcon.colcon_core.verb:set package 'realsense2_description' build argument 'cmake_clean_cache' from command line to 'False'
[0.564s] Level 5:colcon.colcon_core.verb:set package 'realsense2_description' build argument 'cmake_clean_first' from command line to 'False'
[0.564s] Level 5:colcon.colcon_core.verb:set package 'realsense2_description' build argument 'cmake_force_configure' from command line to 'False'
[0.564s] Level 5:colcon.colcon_core.verb:set package 'realsense2_description' build argument 'ament_cmake_args' from command line to 'None'
[0.564s] Level 5:colcon.colcon_core.verb:set package 'realsense2_description' build argument 'catkin_cmake_args' from command line to 'None'
[0.564s] Level 5:colcon.colcon_core.verb:set package 'realsense2_description' build argument 'catkin_skip_building_tests' from command line to 'False'
[0.564s] DEBUG:colcon.colcon_core.verb:Building package 'realsense2_description' with the following arguments: {'ament_cmake_args': None, 'build_base': '/home/luca/Stage_Lirmm/Diffusion-model-isaacsim/ur10_real_robot/ros2_ws_luca/build/realsense2_description', 'catkin_cmake_args': None, 'catkin_skip_building_tests': False, 'cmake_args': None, 'cmake_clean_cache': False, 'cmake_clean_first': False, 'cmake_force_configure': False, 'cmake_target': None, 'cmake_target_skip_unavailable': False, 'install_base': '/home/luca/Stage_Lirmm/Diffusion-model-isaacsim/ur10_real_robot/ros2_ws_luca/install/realsense2_description', 'merge_install': False, 'path': '/home/luca/Stage_Lirmm/Diffusion-model-isaacsim/ur10_real_robot/ros2_ws_luca/src/realsense-ros/realsense2_description', 'symlink_install': False, 'test_result_base': None}
[0.564s] Level 5:colcon.colcon_core.verb:set package 'earth_robot_moveit_config' build argument 'cmake_args' from command line to 'None'
[0.564s] Level 5:colcon.colcon_core.verb:set package 'earth_robot_moveit_config' build argument 'cmake_target' from command line to 'None'
[0.564s] Level 5:colcon.colcon_core.verb:set package 'earth_robot_moveit_config' build argument 'cmake_target_skip_unavailable' from command line to 'False'
[0.565s] Level 5:colcon.colcon_core.verb:set package 'earth_robot_moveit_config' build argument 'cmake_clean_cache' from command line to 'False'
[0.565s] Level 5:colcon.colcon_core.verb:set package 'earth_robot_moveit_config' build argument 'cmake_clean_first' from command line to 'False'
[0.565s] Level 5:colcon.colcon_core.verb:set package 'earth_robot_moveit_config' build argument 'cmake_force_configure' from command line to 'False'
[0.565s] Level 5:colcon.colcon_core.verb:set package 'earth_robot_moveit_config' build argument 'ament_cmake_args' from command line to 'None'
[0.565s] Level 5:colcon.colcon_core.verb:set package 'earth_robot_moveit_config' build argument 'catkin_cmake_args' from command line to 'None'
[0.565s] Level 5:colcon.colcon_core.verb:set package 'earth_robot_moveit_config' build argument 'catkin_skip_building_tests' from command line to 'False'
[0.565s] DEBUG:colcon.colcon_core.verb:Building package 'earth_robot_moveit_config' with the following arguments: {'ament_cmake_args': None, 'build_base': '/home/luca/Stage_Lirmm/Diffusion-model-isaacsim/ur10_real_robot/ros2_ws_luca/build/earth_robot_moveit_config', 'catkin_cmake_args': None, 'catkin_skip_building_tests': False, 'cmake_args': None, 'cmake_clean_cache': False, 'cmake_clean_first': False, 'cmake_force_configure': False, 'cmake_target': None, 'cmake_target_skip_unavailable': False, 'install_base': '/home/luca/Stage_Lirmm/Diffusion-model-isaacsim/ur10_real_robot/ros2_ws_luca/install/earth_robot_moveit_config', 'merge_install': False, 'path': '/home/luca/Stage_Lirmm/Diffusion-model-isaacsim/ur10_real_robot/ros2_ws_luca/src/earth_robot_moveit_config', 'symlink_install': False, 'test_result_base': None}
[0.565s] INFO:colcon.colcon_core.executor:Executing jobs using 'parallel' executor
[0.566s] DEBUG:colcon.colcon_parallel_executor.executor.parallel:run_until_complete
[0.567s] INFO:colcon.colcon_ros.task.ament_cmake.build:Building ROS package in '/home/luca/Stage_Lirmm/Diffusion-model-isaacsim/ur10_real_robot/ros2_ws_luca/src/ur_robot_description_cb2' with build type 'ament_cmake'
[0.567s] INFO:colcon.colcon_cmake.task.cmake.build:Building CMake package in '/home/luca/Stage_Lirmm/Diffusion-model-isaacsim/ur10_real_robot/ros2_ws_luca/src/ur_robot_description_cb2'
[0.570s] INFO:colcon.colcon_core.plugin_system:Skipping extension 'colcon_core.shell.bat': Not used on non-Windows systems
[0.571s] INFO:colcon.colcon_core.shell:Skip shell extension 'powershell' for command environment: Not usable outside of PowerShell
[0.571s] DEBUG:colcon.colcon_core.shell:Skip shell extension 'dsv' for command environment
[0.576s] INFO:colcon.colcon_ros.task.ament_cmake.build:Building ROS package in '/home/luca/Stage_Lirmm/Diffusion-model-isaacsim/ur10_real_robot/ros2_ws_luca/src/onrobot_rg2ft_description' with build type 'ament_cmake'
[0.576s] INFO:colcon.colcon_cmake.task.cmake.build:Building CMake package in '/home/luca/Stage_Lirmm/Diffusion-model-isaacsim/ur10_real_robot/ros2_ws_luca/src/onrobot_rg2ft_description'
[0.577s] INFO:colcon.colcon_core.shell:Skip shell extension 'powershell' for command environment: Not usable outside of PowerShell
[0.577s] DEBUG:colcon.colcon_core.shell:Skip shell extension 'dsv' for command environment
[0.582s] INFO:colcon.colcon_ros.task.ament_cmake.build:Building ROS package in '/home/luca/Stage_Lirmm/Diffusion-model-isaacsim/ur10_real_robot/ros2_ws_luca/src/onrobot_rg_msgs' with build type 'ament_cmake'
[0.583s] INFO:colcon.colcon_cmake.task.cmake.build:Building CMake package in '/home/luca/Stage_Lirmm/Diffusion-model-isaacsim/ur10_real_robot/ros2_ws_luca/src/onrobot_rg_msgs'
[0.583s] INFO:colcon.colcon_core.shell:Skip shell extension 'powershell' for command environment: Not usable outside of PowerShell
[0.583s] DEBUG:colcon.colcon_core.shell:Skip shell extension 'dsv' for command environment
[0.596s] DEBUG:colcon.colcon_core.event_handler.log_command:Invoking command in '/home/luca/Stage_Lirmm/Diffusion-model-isaacsim/ur10_real_robot/ros2_ws_luca/build/ur_robot_description_cb2': CMAKE_PREFIX_PATH=${CMAKE_PREFIX_PATH}:/home/luca/Stage_Lirmm/Diffusion-model-isaacsim/ur10_real_robot/ros2_ws_luca/install/bringup_gripper:/opt/ros/humble VIRTUAL_ENV_PROMPT=(mujoco_ros) /usr/bin/cmake --build /home/luca/Stage_Lirmm/Diffusion-model-isaacsim/ur10_real_robot/ros2_ws_luca/build/ur_robot_description_cb2 -- -j16 -l16
[0.602s] DEBUG:colcon.colcon_core.event_handler.log_command:Invoking command in '/home/luca/Stage_Lirmm/Diffusion-model-isaacsim/ur10_real_robot/ros2_ws_luca/build/onrobot_rg2ft_description': CMAKE_PREFIX_PATH=${CMAKE_PREFIX_PATH}:/home/luca/Stage_Lirmm/Diffusion-model-isaacsim/ur10_real_robot/ros2_ws_luca/install/bringup_gripper:/opt/ros/humble VIRTUAL_ENV_PROMPT=(mujoco_ros) /usr/bin/cmake --build /home/luca/Stage_Lirmm/Diffusion-model-isaacsim/ur10_real_robot/ros2_ws_luca/build/onrobot_rg2ft_description -- -j16 -l16
[0.608s] DEBUG:colcon.colcon_core.event_handler.log_command:Invoking command in '/home/luca/Stage_Lirmm/Diffusion-model-isaacsim/ur10_real_robot/ros2_ws_luca/build/onrobot_rg_msgs': CMAKE_PREFIX_PATH=${CMAKE_PREFIX_PATH}:/home/luca/Stage_Lirmm/Diffusion-model-isaacsim/ur10_real_robot/ros2_ws_luca/install/bringup_gripper:/opt/ros/humble VIRTUAL_ENV_PROMPT=(mujoco_ros) /usr/bin/cmake --build /home/luca/Stage_Lirmm/Diffusion-model-isaacsim/ur10_real_robot/ros2_ws_luca/build/onrobot_rg_msgs -- -j16 -l16
[0.660s] DEBUG:colcon.colcon_core.event_handler.log_command:Invoked command in '/home/luca/Stage_Lirmm/Diffusion-model-isaacsim/ur10_real_robot/ros2_ws_luca/build/ur_robot_description_cb2' returned '0': CMAKE_PREFIX_PATH=${CMAKE_PREFIX_PATH}:/home/luca/Stage_Lirmm/Diffusion-model-isaacsim/ur10_real_robot/ros2_ws_luca/install/bringup_gripper:/opt/ros/humble VIRTUAL_ENV_PROMPT=(mujoco_ros) /usr/bin/cmake --build /home/luca/Stage_Lirmm/Diffusion-model-isaacsim/ur10_real_robot/ros2_ws_luca/build/ur_robot_description_cb2 -- -j16 -l16
[0.679s] DEBUG:colcon.colcon_core.event_handler.log_command:Invoking command in '/home/luca/Stage_Lirmm/Diffusion-model-isaacsim/ur10_real_robot/ros2_ws_luca/build/ur_robot_description_cb2': CMAKE_PREFIX_PATH=${CMAKE_PREFIX_PATH}:/home/luca/Stage_Lirmm/Diffusion-model-isaacsim/ur10_real_robot/ros2_ws_luca/install/bringup_gripper:/opt/ros/humble VIRTUAL_ENV_PROMPT=(mujoco_ros) /usr/bin/cmake --install /home/luca/Stage_Lirmm/Diffusion-model-isaacsim/ur10_real_robot/ros2_ws_luca/build/ur_robot_description_cb2
[0.681s] DEBUG:colcon.colcon_core.event_handler.log_command:Invoked command in '/home/luca/Stage_Lirmm/Diffusion-model-isaacsim/ur10_real_robot/ros2_ws_luca/build/onrobot_rg2ft_description' returned '0': CMAKE_PREFIX_PATH=${CMAKE_PREFIX_PATH}:/home/luca/Stage_Lirmm/Diffusion-model-isaacsim/ur10_real_robot/ros2_ws_luca/install/bringup_gripper:/opt/ros/humble VIRTUAL_ENV_PROMPT=(mujoco_ros) /usr/bin/cmake --build /home/luca/Stage_Lirmm/Diffusion-model-isaacsim/ur10_real_robot/ros2_ws_luca/build/onrobot_rg2ft_description -- -j16 -l16
[0.685s] DEBUG:colcon.colcon_core.event_handler.log_command:Invoking command in '/home/luca/Stage_Lirmm/Diffusion-model-isaacsim/ur10_real_robot/ros2_ws_luca/build/onrobot_rg2ft_description': CMAKE_PREFIX_PATH=${CMAKE_PREFIX_PATH}:/home/luca/Stage_Lirmm/Diffusion-model-isaacsim/ur10_real_robot/ros2_ws_luca/install/bringup_gripper:/opt/ros/humble VIRTUAL_ENV_PROMPT=(mujoco_ros) /usr/bin/cmake --install /home/luca/Stage_Lirmm/Diffusion-model-isaacsim/ur10_real_robot/ros2_ws_luca/build/onrobot_rg2ft_description
[0.741s] Level 1:colcon.colcon_core.environment:create_environment_scripts_only(onrobot_rg2ft_description)
[0.749s] DEBUG:colcon.colcon_core.event_handler.log_command:Invoked command in '/home/luca/Stage_Lirmm/Diffusion-model-isaacsim/ur10_real_robot/ros2_ws_luca/build/onrobot_rg2ft_description' returned '0': CMAKE_PREFIX_PATH=${CMAKE_PREFIX_PATH}:/home/luca/Stage_Lirmm/Diffusion-model-isaacsim/ur10_real_robot/ros2_ws_luca/install/bringup_gripper:/opt/ros/humble VIRTUAL_ENV_PROMPT=(mujoco_ros) /usr/bin/cmake --install /home/luca/Stage_Lirmm/Diffusion-model-isaacsim/ur10_real_robot/ros2_ws_luca/build/onrobot_rg2ft_description
[0.754s] Level 1:colcon.colcon_core.environment:checking '/home/luca/Stage_Lirmm/Diffusion-model-isaacsim/ur10_real_robot/ros2_ws_luca/install/onrobot_rg2ft_description' for CMake module files
[0.758s] Level 1:colcon.colcon_core.environment:checking '/home/luca/Stage_Lirmm/Diffusion-model-isaacsim/ur10_real_robot/ros2_ws_luca/install/onrobot_rg2ft_description' for CMake config files
[0.760s] Level 1:colcon.colcon_core.shell:create_environment_hook('onrobot_rg2ft_description', 'cmake_prefix_path')
[0.760s] INFO:colcon.colcon_core.shell:Creating environment hook '/home/luca/Stage_Lirmm/Diffusion-model-isaacsim/ur10_real_robot/ros2_ws_luca/install/onrobot_rg2ft_description/share/onrobot_rg2ft_description/hook/cmake_prefix_path.ps1'
[0.762s] INFO:colcon.colcon_core.shell:Creating environment descriptor '/home/luca/Stage_Lirmm/Diffusion-model-isaacsim/ur10_real_robot/ros2_ws_luca/install/onrobot_rg2ft_description/share/onrobot_rg2ft_description/hook/cmake_prefix_path.dsv'
[0.763s] INFO:colcon.colcon_core.shell:Creating environment hook '/home/luca/Stage_Lirmm/Diffusion-model-isaacsim/ur10_real_robot/ros2_ws_luca/install/onrobot_rg2ft_description/share/onrobot_rg2ft_description/hook/cmake_prefix_path.sh'
[0.765s] Level 1:colcon.colcon_core.environment:checking '/home/luca/Stage_Lirmm/Diffusion-model-isaacsim/ur10_real_robot/ros2_ws_luca/install/onrobot_rg2ft_description/bin'
[0.765s] Level 1:colcon.colcon_core.environment:checking '/home/luca/Stage_Lirmm/Diffusion-model-isaacsim/ur10_real_robot/ros2_ws_luca/install/onrobot_rg2ft_description/lib/pkgconfig/onrobot_rg2ft_description.pc'
[0.766s] Level 1:colcon.colcon_core.environment:checking '/home/luca/Stage_Lirmm/Diffusion-model-isaacsim/ur10_real_robot/ros2_ws_luca/install/onrobot_rg2ft_description/lib/python3.10/site-packages'
[0.766s] Level 1:colcon.colcon_core.environment:checking '/home/luca/Stage_Lirmm/Diffusion-model-isaacsim/ur10_real_robot/ros2_ws_luca/install/onrobot_rg2ft_description/bin'
[0.767s] INFO:colcon.colcon_core.shell:Creating package script '/home/luca/Stage_Lirmm/Diffusion-model-isaacsim/ur10_real_robot/ros2_ws_luca/install/onrobot_rg2ft_description/share/onrobot_rg2ft_description/package.ps1'
[0.770s] INFO:colcon.colcon_core.shell:Creating package descriptor '/home/luca/Stage_Lirmm/Diffusion-model-isaacsim/ur10_real_robot/ros2_ws_luca/install/onrobot_rg2ft_description/share/onrobot_rg2ft_description/package.dsv'
[0.771s] INFO:colcon.colcon_core.shell:Creating package script '/home/luca/Stage_Lirmm/Diffusion-model-isaacsim/ur10_real_robot/ros2_ws_luca/install/onrobot_rg2ft_description/share/onrobot_rg2ft_description/package.sh'
[0.772s] INFO:colcon.colcon_core.shell:Creating package script '/home/luca/Stage_Lirmm/Diffusion-model-isaacsim/ur10_real_robot/ros2_ws_luca/install/onrobot_rg2ft_description/share/onrobot_rg2ft_description/package.bash'
[0.774s] INFO:colcon.colcon_core.shell:Creating package script '/home/luca/Stage_Lirmm/Diffusion-model-isaacsim/ur10_real_robot/ros2_ws_luca/install/onrobot_rg2ft_description/share/onrobot_rg2ft_description/package.zsh'
[0.775s] Level 1:colcon.colcon_core.environment:create_file_with_runtime_dependencies(/home/luca/Stage_Lirmm/Diffusion-model-isaacsim/ur10_real_robot/ros2_ws_luca/install/onrobot_rg2ft_description/share/colcon-core/packages/onrobot_rg2ft_description)
[0.776s] Level 1:colcon.colcon_core.environment:create_environment_scripts_only(onrobot_rg2ft_description)
[0.776s] Level 1:colcon.colcon_core.environment:checking '/home/luca/Stage_Lirmm/Diffusion-model-isaacsim/ur10_real_robot/ros2_ws_luca/install/onrobot_rg2ft_description' for CMake module files
[0.777s] Level 1:colcon.colcon_core.environment:checking '/home/luca/Stage_Lirmm/Diffusion-model-isaacsim/ur10_real_robot/ros2_ws_luca/install/onrobot_rg2ft_description' for CMake config files
[0.777s] Level 1:colcon.colcon_core.shell:create_environment_hook('onrobot_rg2ft_description', 'cmake_prefix_path')
[0.778s] INFO:colcon.colcon_core.shell:Creating environment hook '/home/luca/Stage_Lirmm/Diffusion-model-isaacsim/ur10_real_robot/ros2_ws_luca/install/onrobot_rg2ft_description/share/onrobot_rg2ft_description/hook/cmake_prefix_path.ps1'
[0.778s] INFO:colcon.colcon_core.shell:Creating environment descriptor '/home/luca/Stage_Lirmm/Diffusion-model-isaacsim/ur10_real_robot/ros2_ws_luca/install/onrobot_rg2ft_description/share/onrobot_rg2ft_description/hook/cmake_prefix_path.dsv'
[0.779s] INFO:colcon.colcon_core.shell:Creating environment hook '/home/luca/Stage_Lirmm/Diffusion-model-isaacsim/ur10_real_robot/ros2_ws_luca/install/onrobot_rg2ft_description/share/onrobot_rg2ft_description/hook/cmake_prefix_path.sh'
[0.779s] Level 1:colcon.colcon_core.environment:checking '/home/luca/Stage_Lirmm/Diffusion-model-isaacsim/ur10_real_robot/ros2_ws_luca/install/onrobot_rg2ft_description/bin'
[0.779s] Level 1:colcon.colcon_core.environment:checking '/home/luca/Stage_Lirmm/Diffusion-model-isaacsim/ur10_real_robot/ros2_ws_luca/install/onrobot_rg2ft_description/lib/pkgconfig/onrobot_rg2ft_description.pc'
[0.779s] Level 1:colcon.colcon_core.environment:checking '/home/luca/Stage_Lirmm/Diffusion-model-isaacsim/ur10_real_robot/ros2_ws_luca/install/onrobot_rg2ft_description/lib/python3.10/site-packages'
[0.780s] Level 1:colcon.colcon_core.environment:checking '/home/luca/Stage_Lirmm/Diffusion-model-isaacsim/ur10_real_robot/ros2_ws_luca/install/onrobot_rg2ft_description/bin'
[0.780s] INFO:colcon.colcon_core.shell:Creating package script '/home/luca/Stage_Lirmm/Diffusion-model-isaacsim/ur10_real_robot/ros2_ws_luca/install/onrobot_rg2ft_description/share/onrobot_rg2ft_description/package.ps1'
[0.781s] INFO:colcon.colcon_core.shell:Creating package descriptor '/home/luca/Stage_Lirmm/Diffusion-model-isaacsim/ur10_real_robot/ros2_ws_luca/install/onrobot_rg2ft_description/share/onrobot_rg2ft_description/package.dsv'
[0.782s] INFO:colcon.colcon_core.shell:Creating package script '/home/luca/Stage_Lirmm/Diffusion-model-isaacsim/ur10_real_robot/ros2_ws_luca/install/onrobot_rg2ft_description/share/onrobot_rg2ft_description/package.sh'
[0.783s] INFO:colcon.colcon_core.shell:Creating package script '/home/luca/Stage_Lirmm/Diffusion-model-isaacsim/ur10_real_robot/ros2_ws_luca/install/onrobot_rg2ft_description/share/onrobot_rg2ft_description/package.bash'
[0.783s] INFO:colcon.colcon_core.shell:Creating package script '/home/luca/Stage_Lirmm/Diffusion-model-isaacsim/ur10_real_robot/ros2_ws_luca/install/onrobot_rg2ft_description/share/onrobot_rg2ft_description/package.zsh'
[0.785s] Level 1:colcon.colcon_core.environment:create_file_with_runtime_dependencies(/home/luca/Stage_Lirmm/Diffusion-model-isaacsim/ur10_real_robot/ros2_ws_luca/install/onrobot_rg2ft_description/share/colcon-core/packages/onrobot_rg2ft_description)
[0.786s] Level 1:colcon.colcon_core.environment:create_environment_scripts_only(ur_robot_description_cb2)
[0.787s] Level 1:colcon.colcon_core.environment:checking '/home/luca/Stage_Lirmm/Diffusion-model-isaacsim/ur10_real_robot/ros2_ws_luca/install/ur_robot_description_cb2' for CMake module files
[0.788s] DEBUG:colcon.colcon_core.event_handler.log_command:Invoked command in '/home/luca/Stage_Lirmm/Diffusion-model-isaacsim/ur10_real_robot/ros2_ws_luca/build/ur_robot_description_cb2' returned '0': CMAKE_PREFIX_PATH=${CMAKE_PREFIX_PATH}:/home/luca/Stage_Lirmm/Diffusion-model-isaacsim/ur10_real_robot/ros2_ws_luca/install/bringup_gripper:/opt/ros/humble VIRTUAL_ENV_PROMPT=(mujoco_ros) /usr/bin/cmake --install /home/luca/Stage_Lirmm/Diffusion-model-isaacsim/ur10_real_robot/ros2_ws_luca/build/ur_robot_description_cb2
[0.788s] Level 1:colcon.colcon_core.environment:checking '/home/luca/Stage_Lirmm/Diffusion-model-isaacsim/ur10_real_robot/ros2_ws_luca/install/ur_robot_description_cb2' for CMake config files
[0.789s] Level 1:colcon.colcon_core.shell:create_environment_hook('ur_robot_description_cb2', 'cmake_prefix_path')
[0.789s] INFO:colcon.colcon_core.shell:Creating environment hook '/home/luca/Stage_Lirmm/Diffusion-model-isaacsim/ur10_real_robot/ros2_ws_luca/install/ur_robot_description_cb2/share/ur_robot_description_cb2/hook/cmake_prefix_path.ps1'
[0.790s] INFO:colcon.colcon_core.shell:Creating environment descriptor '/home/luca/Stage_Lirmm/Diffusion-model-isaacsim/ur10_real_robot/ros2_ws_luca/install/ur_robot_description_cb2/share/ur_robot_description_cb2/hook/cmake_prefix_path.dsv'
[0.790s] INFO:colcon.colcon_core.shell:Creating environment hook '/home/luca/Stage_Lirmm/Diffusion-model-isaacsim/ur10_real_robot/ros2_ws_luca/install/ur_robot_description_cb2/share/ur_robot_description_cb2/hook/cmake_prefix_path.sh'
[0.791s] Level 1:colcon.colcon_core.environment:checking '/home/luca/Stage_Lirmm/Diffusion-model-isaacsim/ur10_real_robot/ros2_ws_luca/install/ur_robot_description_cb2/bin'
[0.791s] Level 1:colcon.colcon_core.environment:checking '/home/luca/Stage_Lirmm/Diffusion-model-isaacsim/ur10_real_robot/ros2_ws_luca/install/ur_robot_description_cb2/lib/pkgconfig/ur_robot_description_cb2.pc'
[0.791s] Level 1:colcon.colcon_core.environment:checking '/home/luca/Stage_Lirmm/Diffusion-model-isaacsim/ur10_real_robot/ros2_ws_luca/install/ur_robot_description_cb2/lib/python3.10/site-packages'
[0.792s] Level 1:colcon.colcon_core.environment:checking '/home/luca/Stage_Lirmm/Diffusion-model-isaacsim/ur10_real_robot/ros2_ws_luca/install/ur_robot_description_cb2/bin'
[0.792s] INFO:colcon.colcon_core.shell:Creating package script '/home/luca/Stage_Lirmm/Diffusion-model-isaacsim/ur10_real_robot/ros2_ws_luca/install/ur_robot_description_cb2/share/ur_robot_description_cb2/package.ps1'
[0.793s] INFO:colcon.colcon_core.shell:Creating package descriptor '/home/luca/Stage_Lirmm/Diffusion-model-isaacsim/ur10_real_robot/ros2_ws_luca/install/ur_robot_description_cb2/share/ur_robot_description_cb2/package.dsv'
[0.793s] INFO:colcon.colcon_core.shell:Creating package script '/home/luca/Stage_Lirmm/Diffusion-model-isaacsim/ur10_real_robot/ros2_ws_luca/install/ur_robot_description_cb2/share/ur_robot_description_cb2/package.sh'
[0.794s] INFO:colcon.colcon_core.shell:Creating package script '/home/luca/Stage_Lirmm/Diffusion-model-isaacsim/ur10_real_robot/ros2_ws_luca/install/ur_robot_description_cb2/share/ur_robot_description_cb2/package.bash'
[0.794s] INFO:colcon.colcon_core.shell:Creating package script '/home/luca/Stage_Lirmm/Diffusion-model-isaacsim/ur10_real_robot/ros2_ws_luca/install/ur_robot_description_cb2/share/ur_robot_description_cb2/package.zsh'
[0.795s] Level 1:colcon.colcon_core.environment:create_file_with_runtime_dependencies(/home/luca/Stage_Lirmm/Diffusion-model-isaacsim/ur10_real_robot/ros2_ws_luca/install/ur_robot_description_cb2/share/colcon-core/packages/ur_robot_description_cb2)
[0.796s] Level 1:colcon.colcon_core.environment:create_environment_scripts_only(ur_robot_description_cb2)
[0.796s] Level 1:colcon.colcon_core.environment:checking '/home/luca/Stage_Lirmm/Diffusion-model-isaacsim/ur10_real_robot/ros2_ws_luca/install/ur_robot_description_cb2' for CMake module files
[0.797s] Level 1:colcon.colcon_core.environment:checking '/home/luca/Stage_Lirmm/Diffusion-model-isaacsim/ur10_real_robot/ros2_ws_luca/install/ur_robot_description_cb2' for CMake config files
[0.797s] Level 1:colcon.colcon_core.shell:create_environment_hook('ur_robot_description_cb2', 'cmake_prefix_path')
[0.797s] INFO:colcon.colcon_core.shell:Creating environment hook '/home/luca/Stage_Lirmm/Diffusion-model-isaacsim/ur10_real_robot/ros2_ws_luca/install/ur_robot_description_cb2/share/ur_robot_description_cb2/hook/cmake_prefix_path.ps1'
[0.798s] INFO:colcon.colcon_core.shell:Creating environment descriptor '/home/luca/Stage_Lirmm/Diffusion-model-isaacsim/ur10_real_robot/ros2_ws_luca/install/ur_robot_description_cb2/share/ur_robot_description_cb2/hook/cmake_prefix_path.dsv'
[0.798s] INFO:colcon.colcon_core.shell:Creating environment hook '/home/luca/Stage_Lirmm/Diffusion-model-isaacsim/ur10_real_robot/ros2_ws_luca/install/ur_robot_description_cb2/share/ur_robot_description_cb2/hook/cmake_prefix_path.sh'
[0.799s] Level 1:colcon.colcon_core.environment:checking '/home/luca/Stage_Lirmm/Diffusion-model-isaacsim/ur10_real_robot/ros2_ws_luca/install/ur_robot_description_cb2/bin'
[0.799s] Level 1:colcon.colcon_core.environment:checking '/home/luca/Stage_Lirmm/Diffusion-model-isaacsim/ur10_real_robot/ros2_ws_luca/install/ur_robot_description_cb2/lib/pkgconfig/ur_robot_description_cb2.pc'
[0.800s] Level 1:colcon.colcon_core.environment:checking '/home/luca/Stage_Lirmm/Diffusion-model-isaacsim/ur10_real_robot/ros2_ws_luca/install/ur_robot_description_cb2/lib/python3.10/site-packages'
[0.800s] Level 1:colcon.colcon_core.environment:checking '/home/luca/Stage_Lirmm/Diffusion-model-isaacsim/ur10_real_robot/ros2_ws_luca/install/ur_robot_description_cb2/bin'
[0.800s] INFO:colcon.colcon_core.shell:Creating package script '/home/luca/Stage_Lirmm/Diffusion-model-isaacsim/ur10_real_robot/ros2_ws_luca/install/ur_robot_description_cb2/share/ur_robot_description_cb2/package.ps1'
[0.801s] INFO:colcon.colcon_core.shell:Creating package descriptor '/home/luca/Stage_Lirmm/Diffusion-model-isaacsim/ur10_real_robot/ros2_ws_luca/install/ur_robot_description_cb2/share/ur_robot_description_cb2/package.dsv'
[0.802s] INFO:colcon.colcon_core.shell:Creating package script '/home/luca/Stage_Lirmm/Diffusion-model-isaacsim/ur10_real_robot/ros2_ws_luca/install/ur_robot_description_cb2/share/ur_robot_description_cb2/package.sh'
[0.803s] INFO:colcon.colcon_core.shell:Creating package script '/home/luca/Stage_Lirmm/Diffusion-model-isaacsim/ur10_real_robot/ros2_ws_luca/install/ur_robot_description_cb2/share/ur_robot_description_cb2/package.bash'
[0.803s] INFO:colcon.colcon_core.shell:Creating package script '/home/luca/Stage_Lirmm/Diffusion-model-isaacsim/ur10_real_robot/ros2_ws_luca/install/ur_robot_description_cb2/share/ur_robot_description_cb2/package.zsh'
[0.804s] Level 1:colcon.colcon_core.environment:create_file_with_runtime_dependencies(/home/luca/Stage_Lirmm/Diffusion-model-isaacsim/ur10_real_robot/ros2_ws_luca/install/ur_robot_description_cb2/share/colcon-core/packages/ur_robot_description_cb2)
[0.804s] INFO:colcon.colcon_ros.task.ament_cmake.build:Building ROS package in '/home/luca/Stage_Lirmm/Diffusion-model-isaacsim/ur10_real_robot/ros2_ws_luca/src/ur_robot_driver_cb2' with build type 'ament_cmake'
[0.804s] INFO:colcon.colcon_cmake.task.cmake.build:Building CMake package in '/home/luca/Stage_Lirmm/Diffusion-model-isaacsim/ur10_real_robot/ros2_ws_luca/src/ur_robot_driver_cb2'
[0.805s] INFO:colcon.colcon_core.shell:Skip shell extension 'powershell' for command environment: Not usable outside of PowerShell
[0.805s] DEBUG:colcon.colcon_core.shell:Skip shell extension 'dsv' for command environment
[0.821s] DEBUG:colcon.colcon_core.event_handler.log_command:Invoking command in '/home/luca/Stage_Lirmm/Diffusion-model-isaacsim/ur10_real_robot/ros2_ws_luca/build/ur_robot_driver_cb2': CMAKE_PREFIX_PATH=/home/luca/Stage_Lirmm/Diffusion-model-isaacsim/ur10_real_robot/ros2_ws_luca/install/ur_robot_description_cb2:/home/luca/Stage_Lirmm/Diffusion-model-isaacsim/ur10_real_robot/ros2_ws_luca/install/ur_robot_driver_cb2:/home/luca/Stage_Lirmm/Diffusion-model-isaacsim/ur10_real_robot/ros2_ws_luca/install/earth_robot_moveit_config:/home/luca/Stage_Lirmm/Diffusion-model-isaacsim/ur10_real_robot/ros2_ws_luca/install/realsense2_description:/home/luca/Stage_Lirmm/Diffusion-model-isaacsim/ur10_real_robot/ros2_ws_luca/install/onrobot_rg_msgs:/home/luca/Stage_Lirmm/Diffusion-model-isaacsim/ur10_real_robot/ros2_ws_luca/install/onrobot_rg2ft_description:/home/luca/Stage_Lirmm/Diffusion-model-isaacsim/ur10_real_robot/ros2_ws_luca/install/bringup_gripper:/opt/ros/humble VIRTUAL_ENV_PROMPT=(mujoco_ros) /usr/bin/cmake --build /home/luca/Stage_Lirmm/Diffusion-model-isaacsim/ur10_real_robot/ros2_ws_luca/build/ur_robot_driver_cb2 -- -j16 -l16
[0.991s] DEBUG:colcon.colcon_core.event_handler.log_command:Invoked command in '/home/luca/Stage_Lirmm/Diffusion-model-isaacsim/ur10_real_robot/ros2_ws_luca/build/ur_robot_driver_cb2' returned '0': CMAKE_PREFIX_PATH=/home/luca/Stage_Lirmm/Diffusion-model-isaacsim/ur10_real_robot/ros2_ws_luca/install/ur_robot_description_cb2:/home/luca/Stage_Lirmm/Diffusion-model-isaacsim/ur10_real_robot/ros2_ws_luca/install/ur_robot_driver_cb2:/home/luca/Stage_Lirmm/Diffusion-model-isaacsim/ur10_real_robot/ros2_ws_luca/install/earth_robot_moveit_config:/home/luca/Stage_Lirmm/Diffusion-model-isaacsim/ur10_real_robot/ros2_ws_luca/install/realsense2_description:/home/luca/Stage_Lirmm/Diffusion-model-isaacsim/ur10_real_robot/ros2_ws_luca/install/onrobot_rg_msgs:/home/luca/Stage_Lirmm/Diffusion-model-isaacsim/ur10_real_robot/ros2_ws_luca/install/onrobot_rg2ft_description:/home/luca/Stage_Lirmm/Diffusion-model-isaacsim/ur10_real_robot/ros2_ws_luca/install/bringup_gripper:/opt/ros/humble VIRTUAL_ENV_PROMPT=(mujoco_ros) /usr/bin/cmake --build /home/luca/Stage_Lirmm/Diffusion-model-isaacsim/ur10_real_robot/ros2_ws_luca/build/ur_robot_driver_cb2 -- -j16 -l16
[0.994s] DEBUG:colcon.colcon_core.event_handler.log_command:Invoking command in '/home/luca/Stage_Lirmm/Diffusion-model-isaacsim/ur10_real_robot/ros2_ws_luca/build/ur_robot_driver_cb2': CMAKE_PREFIX_PATH=/home/luca/Stage_Lirmm/Diffusion-model-isaacsim/ur10_real_robot/ros2_ws_luca/install/ur_robot_description_cb2:/home/luca/Stage_Lirmm/Diffusion-model-isaacsim/ur10_real_robot/ros2_ws_luca/install/ur_robot_driver_cb2:/home/luca/Stage_Lirmm/Diffusion-model-isaacsim/ur10_real_robot/ros2_ws_luca/install/earth_robot_moveit_config:/home/luca/Stage_Lirmm/Diffusion-model-isaacsim/ur10_real_robot/ros2_ws_luca/install/realsense2_description:/home/luca/Stage_Lirmm/Diffusion-model-isaacsim/ur10_real_robot/ros2_ws_luca/install/onrobot_rg_msgs:/home/luca/Stage_Lirmm/Diffusion-model-isaacsim/ur10_real_robot/ros2_ws_luca/install/onrobot_rg2ft_description:/home/luca/Stage_Lirmm/Diffusion-model-isaacsim/ur10_real_robot/ros2_ws_luca/install/bringup_gripper:/opt/ros/humble VIRTUAL_ENV_PROMPT=(mujoco_ros) /usr/bin/cmake --install /home/luca/Stage_Lirmm/Diffusion-model-isaacsim/ur10_real_robot/ros2_ws_luca/build/ur_robot_driver_cb2
[1.011s] Level 1:colcon.colcon_core.environment:create_environment_scripts_only(ur_robot_driver_cb2)
[1.011s] Level 1:colcon.colcon_core.environment:checking '/home/luca/Stage_Lirmm/Diffusion-model-isaacsim/ur10_real_robot/ros2_ws_luca/install/ur_robot_driver_cb2' for CMake module files
[1.012s] DEBUG:colcon.colcon_core.event_handler.log_command:Invoked command in '/home/luca/Stage_Lirmm/Diffusion-model-isaacsim/ur10_real_robot/ros2_ws_luca/build/ur_robot_driver_cb2' returned '0': CMAKE_PREFIX_PATH=/home/luca/Stage_Lirmm/Diffusion-model-isaacsim/ur10_real_robot/ros2_ws_luca/install/ur_robot_description_cb2:/home/luca/Stage_Lirmm/Diffusion-model-isaacsim/ur10_real_robot/ros2_ws_luca/install/ur_robot_driver_cb2:/home/luca/Stage_Lirmm/Diffusion-model-isaacsim/ur10_real_robot/ros2_ws_luca/install/earth_robot_moveit_config:/home/luca/Stage_Lirmm/Diffusion-model-isaacsim/ur10_real_robot/ros2_ws_luca/install/realsense2_description:/home/luca/Stage_Lirmm/Diffusion-model-isaacsim/ur10_real_robot/ros2_ws_luca/install/onrobot_rg_msgs:/home/luca/Stage_Lirmm/Diffusion-model-isaacsim/ur10_real_robot/ros2_ws_luca/install/onrobot_rg2ft_description:/home/luca/Stage_Lirmm/Diffusion-model-isaacsim/ur10_real_robot/ros2_ws_luca/install/bringup_gripper:/opt/ros/humble VIRTUAL_ENV_PROMPT=(mujoco_ros) /usr/bin/cmake --install /home/luca/Stage_Lirmm/Diffusion-model-isaacsim/ur10_real_robot/ros2_ws_luca/build/ur_robot_driver_cb2
[1.012s] Level 1:colcon.colcon_core.environment:checking '/home/luca/Stage_Lirmm/Diffusion-model-isaacsim/ur10_real_robot/ros2_ws_luca/install/ur_robot_driver_cb2' for CMake config files
[1.013s] Level 1:colcon.colcon_core.shell:create_environment_hook('ur_robot_driver_cb2', 'cmake_prefix_path')
[1.013s] INFO:colcon.colcon_core.shell:Creating environment hook '/home/luca/Stage_Lirmm/Diffusion-model-isaacsim/ur10_real_robot/ros2_ws_luca/install/ur_robot_driver_cb2/share/ur_robot_driver_cb2/hook/cmake_prefix_path.ps1'
[1.013s] INFO:colcon.colcon_core.shell:Creating environment descriptor '/home/luca/Stage_Lirmm/Diffusion-model-isaacsim/ur10_real_robot/ros2_ws_luca/install/ur_robot_driver_cb2/share/ur_robot_driver_cb2/hook/cmake_prefix_path.dsv'
[1.014s] INFO:colcon.colcon_core.shell:Creating environment hook '/home/luca/Stage_Lirmm/Diffusion-model-isaacsim/ur10_real_robot/ros2_ws_luca/install/ur_robot_driver_cb2/share/ur_robot_driver_cb2/hook/cmake_prefix_path.sh'
[1.014s] Level 1:colcon.colcon_core.environment:checking '/home/luca/Stage_Lirmm/Diffusion-model-isaacsim/ur10_real_robot/ros2_ws_luca/install/ur_robot_driver_cb2/lib'
[1.015s] Level 1:colcon.colcon_core.shell:create_environment_hook('ur_robot_driver_cb2', 'ld_library_path_lib')
[1.015s] INFO:colcon.colcon_core.shell:Creating environment hook '/home/luca/Stage_Lirmm/Diffusion-model-isaacsim/ur10_real_robot/ros2_ws_luca/install/ur_robot_driver_cb2/share/ur_robot_driver_cb2/hook/ld_library_path_lib.ps1'
[1.016s] INFO:colcon.colcon_core.shell:Creating environment descriptor '/home/luca/Stage_Lirmm/Diffusion-model-isaacsim/ur10_real_robot/ros2_ws_luca/install/ur_robot_driver_cb2/share/ur_robot_driver_cb2/hook/ld_library_path_lib.dsv'
[1.016s] INFO:colcon.colcon_core.shell:Creating environment hook '/home/luca/Stage_Lirmm/Diffusion-model-isaacsim/ur10_real_robot/ros2_ws_luca/install/ur_robot_driver_cb2/share/ur_robot_driver_cb2/hook/ld_library_path_lib.sh'
[1.017s] Level 1:colcon.colcon_core.environment:checking '/home/luca/Stage_Lirmm/Diffusion-model-isaacsim/ur10_real_robot/ros2_ws_luca/install/ur_robot_driver_cb2/bin'
[1.017s] Level 1:colcon.colcon_core.environment:checking '/home/luca/Stage_Lirmm/Diffusion-model-isaacsim/ur10_real_robot/ros2_ws_luca/install/ur_robot_driver_cb2/lib/pkgconfig/ur_robot_driver_cb2.pc'
[1.017s] Level 1:colcon.colcon_core.environment:checking '/home/luca/Stage_Lirmm/Diffusion-model-isaacsim/ur10_real_robot/ros2_ws_luca/install/ur_robot_driver_cb2/lib/python3.10/site-packages'
[1.017s] Level 1:colcon.colcon_core.environment:checking '/home/luca/Stage_Lirmm/Diffusion-model-isaacsim/ur10_real_robot/ros2_ws_luca/install/ur_robot_driver_cb2/bin'
[1.018s] INFO:colcon.colcon_core.shell:Creating package script '/home/luca/Stage_Lirmm/Diffusion-model-isaacsim/ur10_real_robot/ros2_ws_luca/install/ur_robot_driver_cb2/share/ur_robot_driver_cb2/package.ps1'
[1.019s] INFO:colcon.colcon_core.shell:Creating package descriptor '/home/luca/Stage_Lirmm/Diffusion-model-isaacsim/ur10_real_robot/ros2_ws_luca/install/ur_robot_driver_cb2/share/ur_robot_driver_cb2/package.dsv'
[1.019s] INFO:colcon.colcon_core.shell:Creating package script '/home/luca/Stage_Lirmm/Diffusion-model-isaacsim/ur10_real_robot/ros2_ws_luca/install/ur_robot_driver_cb2/share/ur_robot_driver_cb2/package.sh'
[1.020s] INFO:colcon.colcon_core.shell:Creating package script '/home/luca/Stage_Lirmm/Diffusion-model-isaacsim/ur10_real_robot/ros2_ws_luca/install/ur_robot_driver_cb2/share/ur_robot_driver_cb2/package.bash'
[1.020s] INFO:colcon.colcon_core.shell:Creating package script '/home/luca/Stage_Lirmm/Diffusion-model-isaacsim/ur10_real_robot/ros2_ws_luca/install/ur_robot_driver_cb2/share/ur_robot_driver_cb2/package.zsh'
[1.021s] Level 1:colcon.colcon_core.environment:create_file_with_runtime_dependencies(/home/luca/Stage_Lirmm/Diffusion-model-isaacsim/ur10_real_robot/ros2_ws_luca/install/ur_robot_driver_cb2/share/colcon-core/packages/ur_robot_driver_cb2)
[1.021s] Level 1:colcon.colcon_core.environment:create_environment_scripts_only(ur_robot_driver_cb2)
[1.022s] Level 1:colcon.colcon_core.environment:checking '/home/luca/Stage_Lirmm/Diffusion-model-isaacsim/ur10_real_robot/ros2_ws_luca/install/ur_robot_driver_cb2' for CMake module files
[1.022s] Level 1:colcon.colcon_core.environment:checking '/home/luca/Stage_Lirmm/Diffusion-model-isaacsim/ur10_real_robot/ros2_ws_luca/install/ur_robot_driver_cb2' for CMake config files
[1.022s] Level 1:colcon.colcon_core.shell:create_environment_hook('ur_robot_driver_cb2', 'cmake_prefix_path')
[1.023s] INFO:colcon.colcon_core.shell:Creating environment hook '/home/luca/Stage_Lirmm/Diffusion-model-isaacsim/ur10_real_robot/ros2_ws_luca/install/ur_robot_driver_cb2/share/ur_robot_driver_cb2/hook/cmake_prefix_path.ps1'
[1.023s] INFO:colcon.colcon_core.shell:Creating environment descriptor '/home/luca/Stage_Lirmm/Diffusion-model-isaacsim/ur10_real_robot/ros2_ws_luca/install/ur_robot_driver_cb2/share/ur_robot_driver_cb2/hook/cmake_prefix_path.dsv'
[1.023s] INFO:colcon.colcon_core.shell:Creating environment hook '/home/luca/Stage_Lirmm/Diffusion-model-isaacsim/ur10_real_robot/ros2_ws_luca/install/ur_robot_driver_cb2/share/ur_robot_driver_cb2/hook/cmake_prefix_path.sh'
[1.024s] Level 1:colcon.colcon_core.environment:checking '/home/luca/Stage_Lirmm/Diffusion-model-isaacsim/ur10_real_robot/ros2_ws_luca/install/ur_robot_driver_cb2/lib'
[1.024s] Level 1:colcon.colcon_core.shell:create_environment_hook('ur_robot_driver_cb2', 'ld_library_path_lib')
[1.024s] INFO:colcon.colcon_core.shell:Creating environment hook '/home/luca/Stage_Lirmm/Diffusion-model-isaacsim/ur10_real_robot/ros2_ws_luca/install/ur_robot_driver_cb2/share/ur_robot_driver_cb2/hook/ld_library_path_lib.ps1'
[1.025s] INFO:colcon.colcon_core.shell:Creating environment descriptor '/home/luca/Stage_Lirmm/Diffusion-model-isaacsim/ur10_real_robot/ros2_ws_luca/install/ur_robot_driver_cb2/share/ur_robot_driver_cb2/hook/ld_library_path_lib.dsv'
[1.025s] INFO:colcon.colcon_core.shell:Creating environment hook '/home/luca/Stage_Lirmm/Diffusion-model-isaacsim/ur10_real_robot/ros2_ws_luca/install/ur_robot_driver_cb2/share/ur_robot_driver_cb2/hook/ld_library_path_lib.sh'
[1.026s] Level 1:colcon.colcon_core.environment:checking '/home/luca/Stage_Lirmm/Diffusion-model-isaacsim/ur10_real_robot/ros2_ws_luca/install/ur_robot_driver_cb2/bin'
[1.026s] Level 1:colcon.colcon_core.environment:checking '/home/luca/Stage_Lirmm/Diffusion-model-isaacsim/ur10_real_robot/ros2_ws_luca/install/ur_robot_driver_cb2/lib/pkgconfig/ur_robot_driver_cb2.pc'
[1.026s] Level 1:colcon.colcon_core.environment:checking '/home/luca/Stage_Lirmm/Diffusion-model-isaacsim/ur10_real_robot/ros2_ws_luca/install/ur_robot_driver_cb2/lib/python3.10/site-packages'
[1.026s] Level 1:colcon.colcon_core.environment:checking '/home/luca/Stage_Lirmm/Diffusion-model-isaacsim/ur10_real_robot/ros2_ws_luca/install/ur_robot_driver_cb2/bin'
[1.027s] INFO:colcon.colcon_core.shell:Creating package script '/home/luca/Stage_Lirmm/Diffusion-model-isaacsim/ur10_real_robot/ros2_ws_luca/install/ur_robot_driver_cb2/share/ur_robot_driver_cb2/package.ps1'
[1.028s] INFO:colcon.colcon_core.shell:Creating package descriptor '/home/luca/Stage_Lirmm/Diffusion-model-isaacsim/ur10_real_robot/ros2_ws_luca/install/ur_robot_driver_cb2/share/ur_robot_driver_cb2/package.dsv'
[1.028s] INFO:colcon.colcon_core.shell:Creating package script '/home/luca/Stage_Lirmm/Diffusion-model-isaacsim/ur10_real_robot/ros2_ws_luca/install/ur_robot_driver_cb2/share/ur_robot_driver_cb2/package.sh'
[1.029s] INFO:colcon.colcon_core.shell:Creating package script '/home/luca/Stage_Lirmm/Diffusion-model-isaacsim/ur10_real_robot/ros2_ws_luca/install/ur_robot_driver_cb2/share/ur_robot_driver_cb2/package.bash'
[1.029s] INFO:colcon.colcon_core.shell:Creating package script '/home/luca/Stage_Lirmm/Diffusion-model-isaacsim/ur10_real_robot/ros2_ws_luca/install/ur_robot_driver_cb2/share/ur_robot_driver_cb2/package.zsh'
[1.030s] Level 1:colcon.colcon_core.environment:create_file_with_runtime_dependencies(/home/luca/Stage_Lirmm/Diffusion-model-isaacsim/ur10_real_robot/ros2_ws_luca/install/ur_robot_driver_cb2/share/colcon-core/packages/ur_robot_driver_cb2)
[1.030s] INFO:colcon.colcon_ros.task.ament_cmake.build:Building ROS package in '/home/luca/Stage_Lirmm/Diffusion-model-isaacsim/ur10_real_robot/ros2_ws_luca/src/realsense-ros/realsense2_description' with build type 'ament_cmake'
[1.030s] INFO:colcon.colcon_cmake.task.cmake.build:Building CMake package in '/home/luca/Stage_Lirmm/Diffusion-model-isaacsim/ur10_real_robot/ros2_ws_luca/src/realsense-ros/realsense2_description'
[1.031s] INFO:colcon.colcon_core.shell:Skip shell extension 'powershell' for command environment: Not usable outside of PowerShell
[1.031s] DEBUG:colcon.colcon_core.shell:Skip shell extension 'dsv' for command environment
[1.054s] DEBUG:colcon.colcon_core.event_handler.log_command:Invoking command in '/home/luca/Stage_Lirmm/Diffusion-model-isaacsim/ur10_real_robot/ros2_ws_luca/build/realsense2_description': CMAKE_PREFIX_PATH=/home/luca/Stage_Lirmm/Diffusion-model-isaacsim/ur10_real_robot/ros2_ws_luca/install/ur_robot_driver_cb2:/home/luca/Stage_Lirmm/Diffusion-model-isaacsim/ur10_real_robot/ros2_ws_luca/install/ur_robot_description_cb2:/home/luca/Stage_Lirmm/Diffusion-model-isaacsim/ur10_real_robot/ros2_ws_luca/install/onrobot_rg2ft_description:/home/luca/Stage_Lirmm/Diffusion-model-isaacsim/ur10_real_robot/ros2_ws_luca/install/earth_robot_moveit_config:/home/luca/Stage_Lirmm/Diffusion-model-isaacsim/ur10_real_robot/ros2_ws_luca/install/realsense2_description:/home/luca/Stage_Lirmm/Diffusion-model-isaacsim/ur10_real_robot/ros2_ws_luca/install/onrobot_rg_msgs:/home/luca/Stage_Lirmm/Diffusion-model-isaacsim/ur10_real_robot/ros2_ws_luca/install/bringup_gripper:/opt/ros/humble VIRTUAL_ENV_PROMPT=(mujoco_ros) /usr/bin/cmake --build /home/luca/Stage_Lirmm/Diffusion-model-isaacsim/ur10_real_robot/ros2_ws_luca/build/realsense2_description -- -j16 -l16
[1.117s] DEBUG:colcon.colcon_core.event_handler.log_command:Invoked command in '/home/luca/Stage_Lirmm/Diffusion-model-isaacsim/ur10_real_robot/ros2_ws_luca/build/realsense2_description' returned '0': CMAKE_PREFIX_PATH=/home/luca/Stage_Lirmm/Diffusion-model-isaacsim/ur10_real_robot/ros2_ws_luca/install/ur_robot_driver_cb2:/home/luca/Stage_Lirmm/Diffusion-model-isaacsim/ur10_real_robot/ros2_ws_luca/install/ur_robot_description_cb2:/home/luca/Stage_Lirmm/Diffusion-model-isaacsim/ur10_real_robot/ros2_ws_luca/install/onrobot_rg2ft_description:/home/luca/Stage_Lirmm/Diffusion-model-isaacsim/ur10_real_robot/ros2_ws_luca/install/earth_robot_moveit_config:/home/luca/Stage_Lirmm/Diffusion-model-isaacsim/ur10_real_robot/ros2_ws_luca/install/realsense2_description:/home/luca/Stage_Lirmm/Diffusion-model-isaacsim/ur10_real_robot/ros2_ws_luca/install/onrobot_rg_msgs:/home/luca/Stage_Lirmm/Diffusion-model-isaacsim/ur10_real_robot/ros2_ws_luca/install/bringup_gripper:/opt/ros/humble VIRTUAL_ENV_PROMPT=(mujoco_ros) /usr/bin/cmake --build /home/luca/Stage_Lirmm/Diffusion-model-isaacsim/ur10_real_robot/ros2_ws_luca/build/realsense2_description -- -j16 -l16
[1.121s] DEBUG:colcon.colcon_core.event_handler.log_command:Invoking command in '/home/luca/Stage_Lirmm/Diffusion-model-isaacsim/ur10_real_robot/ros2_ws_luca/build/realsense2_description': CMAKE_PREFIX_PATH=/home/luca/Stage_Lirmm/Diffusion-model-isaacsim/ur10_real_robot/ros2_ws_luca/install/ur_robot_driver_cb2:/home/luca/Stage_Lirmm/Diffusion-model-isaacsim/ur10_real_robot/ros2_ws_luca/install/ur_robot_description_cb2:/home/luca/Stage_Lirmm/Diffusion-model-isaacsim/ur10_real_robot/ros2_ws_luca/install/onrobot_rg2ft_description:/home/luca/Stage_Lirmm/Diffusion-model-isaacsim/ur10_real_robot/ros2_ws_luca/install/earth_robot_moveit_config:/home/luca/Stage_Lirmm/Diffusion-model-isaacsim/ur10_real_robot/ros2_ws_luca/install/realsense2_description:/home/luca/Stage_Lirmm/Diffusion-model-isaacsim/ur10_real_robot/ros2_ws_luca/install/onrobot_rg_msgs:/home/luca/Stage_Lirmm/Diffusion-model-isaacsim/ur10_real_robot/ros2_ws_luca/install/bringup_gripper:/opt/ros/humble VIRTUAL_ENV_PROMPT=(mujoco_ros) /usr/bin/cmake --install /home/luca/Stage_Lirmm/Diffusion-model-isaacsim/ur10_real_robot/ros2_ws_luca/build/realsense2_description
[1.141s] Level 1:colcon.colcon_core.environment:create_environment_scripts_only(realsense2_description)
[1.142s] Level 1:colcon.colcon_core.environment:checking '/home/luca/Stage_Lirmm/Diffusion-model-isaacsim/ur10_real_robot/ros2_ws_luca/install/realsense2_description' for CMake module files
[1.143s] DEBUG:colcon.colcon_core.event_handler.log_command:Invoked command in '/home/luca/Stage_Lirmm/Diffusion-model-isaacsim/ur10_real_robot/ros2_ws_luca/build/realsense2_description' returned '0': CMAKE_PREFIX_PATH=/home/luca/Stage_Lirmm/Diffusion-model-isaacsim/ur10_real_robot/ros2_ws_luca/install/ur_robot_driver_cb2:/home/luca/Stage_Lirmm/Diffusion-model-isaacsim/ur10_real_robot/ros2_ws_luca/install/ur_robot_description_cb2:/home/luca/Stage_Lirmm/Diffusion-model-isaacsim/ur10_real_robot/ros2_ws_luca/install/onrobot_rg2ft_description:/home/luca/Stage_Lirmm/Diffusion-model-isaacsim/ur10_real_robot/ros2_ws_luca/install/earth_robot_moveit_config:/home/luca/Stage_Lirmm/Diffusion-model-isaacsim/ur10_real_robot/ros2_ws_luca/install/realsense2_description:/home/luca/Stage_Lirmm/Diffusion-model-isaacsim/ur10_real_robot/ros2_ws_luca/install/onrobot_rg_msgs:/home/luca/Stage_Lirmm/Diffusion-model-isaacsim/ur10_real_robot/ros2_ws_luca/install/bringup_gripper:/opt/ros/humble VIRTUAL_ENV_PROMPT=(mujoco_ros) /usr/bin/cmake --install /home/luca/Stage_Lirmm/Diffusion-model-isaacsim/ur10_real_robot/ros2_ws_luca/build/realsense2_description
[1.143s] Level 1:colcon.colcon_core.environment:checking '/home/luca/Stage_Lirmm/Diffusion-model-isaacsim/ur10_real_robot/ros2_ws_luca/install/realsense2_description' for CMake config files
[1.143s] Level 1:colcon.colcon_core.shell:create_environment_hook('realsense2_description', 'cmake_prefix_path')
[1.144s] INFO:colcon.colcon_core.shell:Creating environment hook '/home/luca/Stage_Lirmm/Diffusion-model-isaacsim/ur10_real_robot/ros2_ws_luca/install/realsense2_description/share/realsense2_description/hook/cmake_prefix_path.ps1'
[1.144s] INFO:colcon.colcon_core.shell:Creating environment descriptor '/home/luca/Stage_Lirmm/Diffusion-model-isaacsim/ur10_real_robot/ros2_ws_luca/install/realsense2_description/share/realsense2_description/hook/cmake_prefix_path.dsv'
[1.145s] INFO:colcon.colcon_core.shell:Creating environment hook '/home/luca/Stage_Lirmm/Diffusion-model-isaacsim/ur10_real_robot/ros2_ws_luca/install/realsense2_description/share/realsense2_description/hook/cmake_prefix_path.sh'
[1.145s] Level 1:colcon.colcon_core.environment:checking '/home/luca/Stage_Lirmm/Diffusion-model-isaacsim/ur10_real_robot/ros2_ws_luca/install/realsense2_description/bin'
[1.145s] Level 1:colcon.colcon_core.environment:checking '/home/luca/Stage_Lirmm/Diffusion-model-isaacsim/ur10_real_robot/ros2_ws_luca/install/realsense2_description/lib/pkgconfig/realsense2_description.pc'
[1.146s] Level 1:colcon.colcon_core.environment:checking '/home/luca/Stage_Lirmm/Diffusion-model-isaacsim/ur10_real_robot/ros2_ws_luca/install/realsense2_description/lib/python3.10/site-packages'
[1.146s] Level 1:colcon.colcon_core.environment:checking '/home/luca/Stage_Lirmm/Diffusion-model-isaacsim/ur10_real_robot/ros2_ws_luca/install/realsense2_description/bin'
[1.147s] INFO:colcon.colcon_core.shell:Creating package script '/home/luca/Stage_Lirmm/Diffusion-model-isaacsim/ur10_real_robot/ros2_ws_luca/install/realsense2_description/share/realsense2_description/package.ps1'
[1.147s] INFO:colcon.colcon_core.shell:Creating package descriptor '/home/luca/Stage_Lirmm/Diffusion-model-isaacsim/ur10_real_robot/ros2_ws_luca/install/realsense2_description/share/realsense2_description/package.dsv'
[1.148s] INFO:colcon.colcon_core.shell:Creating package script '/home/luca/Stage_Lirmm/Diffusion-model-isaacsim/ur10_real_robot/ros2_ws_luca/install/realsense2_description/share/realsense2_description/package.sh'
[1.148s] INFO:colcon.colcon_core.shell:Creating package script '/home/luca/Stage_Lirmm/Diffusion-model-isaacsim/ur10_real_robot/ros2_ws_luca/install/realsense2_description/share/realsense2_description/package.bash'
[1.149s] INFO:colcon.colcon_core.shell:Creating package script '/home/luca/Stage_Lirmm/Diffusion-model-isaacsim/ur10_real_robot/ros2_ws_luca/install/realsense2_description/share/realsense2_description/package.zsh'
[1.149s] Level 1:colcon.colcon_core.environment:create_file_with_runtime_dependencies(/home/luca/Stage_Lirmm/Diffusion-model-isaacsim/ur10_real_robot/ros2_ws_luca/install/realsense2_description/share/colcon-core/packages/realsense2_description)
[1.150s] Level 1:colcon.colcon_core.environment:create_environment_scripts_only(realsense2_description)
[1.150s] Level 1:colcon.colcon_core.environment:checking '/home/luca/Stage_Lirmm/Diffusion-model-isaacsim/ur10_real_robot/ros2_ws_luca/install/realsense2_description' for CMake module files
[1.151s] Level 1:colcon.colcon_core.environment:checking '/home/luca/Stage_Lirmm/Diffusion-model-isaacsim/ur10_real_robot/ros2_ws_luca/install/realsense2_description' for CMake config files
[1.151s] Level 1:colcon.colcon_core.shell:create_environment_hook('realsense2_description', 'cmake_prefix_path')
[1.151s] INFO:colcon.colcon_core.shell:Creating environment hook '/home/luca/Stage_Lirmm/Diffusion-model-isaacsim/ur10_real_robot/ros2_ws_luca/install/realsense2_description/share/realsense2_description/hook/cmake_prefix_path.ps1'
[1.152s] INFO:colcon.colcon_core.shell:Creating environment descriptor '/home/luca/Stage_Lirmm/Diffusion-model-isaacsim/ur10_real_robot/ros2_ws_luca/install/realsense2_description/share/realsense2_description/hook/cmake_prefix_path.dsv'
[1.152s] INFO:colcon.colcon_core.shell:Creating environment hook '/home/luca/Stage_Lirmm/Diffusion-model-isaacsim/ur10_real_robot/ros2_ws_luca/install/realsense2_description/share/realsense2_description/hook/cmake_prefix_path.sh'
[1.153s] Level 1:colcon.colcon_core.environment:checking '/home/luca/Stage_Lirmm/Diffusion-model-isaacsim/ur10_real_robot/ros2_ws_luca/install/realsense2_description/bin'
[1.154s] Level 1:colcon.colcon_core.environment:checking '/home/luca/Stage_Lirmm/Diffusion-model-isaacsim/ur10_real_robot/ros2_ws_luca/install/realsense2_description/lib/pkgconfig/realsense2_description.pc'
[1.154s] Level 1:colcon.colcon_core.environment:checking '/home/luca/Stage_Lirmm/Diffusion-model-isaacsim/ur10_real_robot/ros2_ws_luca/install/realsense2_description/lib/python3.10/site-packages'
[1.154s] Level 1:colcon.colcon_core.environment:checking '/home/luca/Stage_Lirmm/Diffusion-model-isaacsim/ur10_real_robot/ros2_ws_luca/install/realsense2_description/bin'
[1.155s] INFO:colcon.colcon_core.shell:Creating package script '/home/luca/Stage_Lirmm/Diffusion-model-isaacsim/ur10_real_robot/ros2_ws_luca/install/realsense2_description/share/realsense2_description/package.ps1'
[1.156s] INFO:colcon.colcon_core.shell:Creating package descriptor '/home/luca/Stage_Lirmm/Diffusion-model-isaacsim/ur10_real_robot/ros2_ws_luca/install/realsense2_description/share/realsense2_description/package.dsv'
[1.156s] INFO:colcon.colcon_core.shell:Creating package script '/home/luca/Stage_Lirmm/Diffusion-model-isaacsim/ur10_real_robot/ros2_ws_luca/install/realsense2_description/share/realsense2_description/package.sh'
[1.157s] INFO:colcon.colcon_core.shell:Creating package script '/home/luca/Stage_Lirmm/Diffusion-model-isaacsim/ur10_real_robot/ros2_ws_luca/install/realsense2_description/share/realsense2_description/package.bash'
[1.157s] INFO:colcon.colcon_core.shell:Creating package script '/home/luca/Stage_Lirmm/Diffusion-model-isaacsim/ur10_real_robot/ros2_ws_luca/install/realsense2_description/share/realsense2_description/package.zsh'
[1.158s] Level 1:colcon.colcon_core.environment:create_file_with_runtime_dependencies(/home/luca/Stage_Lirmm/Diffusion-model-isaacsim/ur10_real_robot/ros2_ws_luca/install/realsense2_description/share/colcon-core/packages/realsense2_description)
[1.161s] DEBUG:colcon.colcon_core.event_handler.log_command:Invoked command in '/home/luca/Stage_Lirmm/Diffusion-model-isaacsim/ur10_real_robot/ros2_ws_luca/build/onrobot_rg_msgs' returned '0': CMAKE_PREFIX_PATH=${CMAKE_PREFIX_PATH}:/home/luca/Stage_Lirmm/Diffusion-model-isaacsim/ur10_real_robot/ros2_ws_luca/install/bringup_gripper:/opt/ros/humble VIRTUAL_ENV_PROMPT=(mujoco_ros) /usr/bin/cmake --build /home/luca/Stage_Lirmm/Diffusion-model-isaacsim/ur10_real_robot/ros2_ws_luca/build/onrobot_rg_msgs -- -j16 -l16
[1.162s] DEBUG:colcon.colcon_core.event_handler.log_command:Invoking command in '/home/luca/Stage_Lirmm/Diffusion-model-isaacsim/ur10_real_robot/ros2_ws_luca/build/onrobot_rg_msgs': CMAKE_PREFIX_PATH=${CMAKE_PREFIX_PATH}:/home/luca/Stage_Lirmm/Diffusion-model-isaacsim/ur10_real_robot/ros2_ws_luca/install/bringup_gripper:/opt/ros/humble VIRTUAL_ENV_PROMPT=(mujoco_ros) /usr/bin/cmake --install /home/luca/Stage_Lirmm/Diffusion-model-isaacsim/ur10_real_robot/ros2_ws_luca/build/onrobot_rg_msgs
[1.243s] Level 1:colcon.colcon_core.environment:create_environment_scripts_only(onrobot_rg_msgs)
[1.243s] Level 1:colcon.colcon_core.environment:checking '/home/luca/Stage_Lirmm/Diffusion-model-isaacsim/ur10_real_robot/ros2_ws_luca/install/onrobot_rg_msgs' for CMake module files
[1.245s] DEBUG:colcon.colcon_core.event_handler.log_command:Invoked command in '/home/luca/Stage_Lirmm/Diffusion-model-isaacsim/ur10_real_robot/ros2_ws_luca/build/onrobot_rg_msgs' returned '0': CMAKE_PREFIX_PATH=${CMAKE_PREFIX_PATH}:/home/luca/Stage_Lirmm/Diffusion-model-isaacsim/ur10_real_robot/ros2_ws_luca/install/bringup_gripper:/opt/ros/humble VIRTUAL_ENV_PROMPT=(mujoco_ros) /usr/bin/cmake --install /home/luca/Stage_Lirmm/Diffusion-model-isaacsim/ur10_real_robot/ros2_ws_luca/build/onrobot_rg_msgs
[1.245s] Level 1:colcon.colcon_core.environment:checking '/home/luca/Stage_Lirmm/Diffusion-model-isaacsim/ur10_real_robot/ros2_ws_luca/install/onrobot_rg_msgs' for CMake config files
[1.246s] Level 1:colcon.colcon_core.shell:create_environment_hook('onrobot_rg_msgs', 'cmake_prefix_path')
[1.246s] INFO:colcon.colcon_core.shell:Creating environment hook '/home/luca/Stage_Lirmm/Diffusion-model-isaacsim/ur10_real_robot/ros2_ws_luca/install/onrobot_rg_msgs/share/onrobot_rg_msgs/hook/cmake_prefix_path.ps1'
[1.247s] INFO:colcon.colcon_core.shell:Creating environment descriptor '/home/luca/Stage_Lirmm/Diffusion-model-isaacsim/ur10_real_robot/ros2_ws_luca/install/onrobot_rg_msgs/share/onrobot_rg_msgs/hook/cmake_prefix_path.dsv'
[1.247s] INFO:colcon.colcon_core.shell:Creating environment hook '/home/luca/Stage_Lirmm/Diffusion-model-isaacsim/ur10_real_robot/ros2_ws_luca/install/onrobot_rg_msgs/share/onrobot_rg_msgs/hook/cmake_prefix_path.sh'
[1.248s] Level 1:colcon.colcon_core.environment:checking '/home/luca/Stage_Lirmm/Diffusion-model-isaacsim/ur10_real_robot/ros2_ws_luca/install/onrobot_rg_msgs/lib'
[1.248s] Level 1:colcon.colcon_core.shell:create_environment_hook('onrobot_rg_msgs', 'ld_library_path_lib')
[1.248s] INFO:colcon.colcon_core.shell:Creating environment hook '/home/luca/Stage_Lirmm/Diffusion-model-isaacsim/ur10_real_robot/ros2_ws_luca/install/onrobot_rg_msgs/share/onrobot_rg_msgs/hook/ld_library_path_lib.ps1'
[1.249s] INFO:colcon.colcon_core.shell:Creating environment descriptor '/home/luca/Stage_Lirmm/Diffusion-model-isaacsim/ur10_real_robot/ros2_ws_luca/install/onrobot_rg_msgs/share/onrobot_rg_msgs/hook/ld_library_path_lib.dsv'
[1.249s] INFO:colcon.colcon_core.shell:Creating environment hook '/home/luca/Stage_Lirmm/Diffusion-model-isaacsim/ur10_real_robot/ros2_ws_luca/install/onrobot_rg_msgs/share/onrobot_rg_msgs/hook/ld_library_path_lib.sh'
[1.250s] Level 1:colcon.colcon_core.environment:checking '/home/luca/Stage_Lirmm/Diffusion-model-isaacsim/ur10_real_robot/ros2_ws_luca/install/onrobot_rg_msgs/bin'
[1.250s] Level 1:colcon.colcon_core.environment:checking '/home/luca/Stage_Lirmm/Diffusion-model-isaacsim/ur10_real_robot/ros2_ws_luca/install/onrobot_rg_msgs/lib/pkgconfig/onrobot_rg_msgs.pc'
[1.250s] Level 1:colcon.colcon_core.environment:checking '/home/luca/Stage_Lirmm/Diffusion-model-isaacsim/ur10_real_robot/ros2_ws_luca/install/onrobot_rg_msgs/lib/python3.10/site-packages'
[1.250s] Level 1:colcon.colcon_core.shell:create_environment_hook('onrobot_rg_msgs', 'pythonpath')
[1.251s] INFO:colcon.colcon_core.shell:Creating environment hook '/home/luca/Stage_Lirmm/Diffusion-model-isaacsim/ur10_real_robot/ros2_ws_luca/install/onrobot_rg_msgs/share/onrobot_rg_msgs/hook/pythonpath.ps1'
[1.251s] INFO:colcon.colcon_core.shell:Creating environment descriptor '/home/luca/Stage_Lirmm/Diffusion-model-isaacsim/ur10_real_robot/ros2_ws_luca/install/onrobot_rg_msgs/share/onrobot_rg_msgs/hook/pythonpath.dsv'
[1.252s] INFO:colcon.colcon_core.shell:Creating environment hook '/home/luca/Stage_Lirmm/Diffusion-model-isaacsim/ur10_real_robot/ros2_ws_luca/install/onrobot_rg_msgs/share/onrobot_rg_msgs/hook/pythonpath.sh'
[1.252s] Level 1:colcon.colcon_core.environment:checking '/home/luca/Stage_Lirmm/Diffusion-model-isaacsim/ur10_real_robot/ros2_ws_luca/install/onrobot_rg_msgs/bin'
[1.253s] INFO:colcon.colcon_core.shell:Creating package script '/home/luca/Stage_Lirmm/Diffusion-model-isaacsim/ur10_real_robot/ros2_ws_luca/install/onrobot_rg_msgs/share/onrobot_rg_msgs/package.ps1'
[1.254s] INFO:colcon.colcon_core.shell:Creating package descriptor '/home/luca/Stage_Lirmm/Diffusion-model-isaacsim/ur10_real_robot/ros2_ws_luca/install/onrobot_rg_msgs/share/onrobot_rg_msgs/package.dsv'
[1.255s] INFO:colcon.colcon_core.shell:Creating package script '/home/luca/Stage_Lirmm/Diffusion-model-isaacsim/ur10_real_robot/ros2_ws_luca/install/onrobot_rg_msgs/share/onrobot_rg_msgs/package.sh'
[1.255s] INFO:colcon.colcon_core.shell:Creating package script '/home/luca/Stage_Lirmm/Diffusion-model-isaacsim/ur10_real_robot/ros2_ws_luca/install/onrobot_rg_msgs/share/onrobot_rg_msgs/package.bash'
[1.256s] INFO:colcon.colcon_core.shell:Creating package script '/home/luca/Stage_Lirmm/Diffusion-model-isaacsim/ur10_real_robot/ros2_ws_luca/install/onrobot_rg_msgs/share/onrobot_rg_msgs/package.zsh'
[1.256s] Level 1:colcon.colcon_core.environment:create_file_with_runtime_dependencies(/home/luca/Stage_Lirmm/Diffusion-model-isaacsim/ur10_real_robot/ros2_ws_luca/install/onrobot_rg_msgs/share/colcon-core/packages/onrobot_rg_msgs)
[1.257s] Level 1:colcon.colcon_core.environment:create_environment_scripts_only(onrobot_rg_msgs)
[1.257s] Level 1:colcon.colcon_core.environment:checking '/home/luca/Stage_Lirmm/Diffusion-model-isaacsim/ur10_real_robot/ros2_ws_luca/install/onrobot_rg_msgs' for CMake module files
[1.258s] Level 1:colcon.colcon_core.environment:checking '/home/luca/Stage_Lirmm/Diffusion-model-isaacsim/ur10_real_robot/ros2_ws_luca/install/onrobot_rg_msgs' for CMake config files
[1.258s] Level 1:colcon.colcon_core.shell:create_environment_hook('onrobot_rg_msgs', 'cmake_prefix_path')
[1.259s] INFO:colcon.colcon_core.shell:Creating environment hook '/home/luca/Stage_Lirmm/Diffusion-model-isaacsim/ur10_real_robot/ros2_ws_luca/install/onrobot_rg_msgs/share/onrobot_rg_msgs/hook/cmake_prefix_path.ps1'
[1.259s] INFO:colcon.colcon_core.shell:Creating environment descriptor '/home/luca/Stage_Lirmm/Diffusion-model-isaacsim/ur10_real_robot/ros2_ws_luca/install/onrobot_rg_msgs/share/onrobot_rg_msgs/hook/cmake_prefix_path.dsv'
[1.260s] INFO:colcon.colcon_core.shell:Creating environment hook '/home/luca/Stage_Lirmm/Diffusion-model-isaacsim/ur10_real_robot/ros2_ws_luca/install/onrobot_rg_msgs/share/onrobot_rg_msgs/hook/cmake_prefix_path.sh'
[1.260s] Level 1:colcon.colcon_core.environment:checking '/home/luca/Stage_Lirmm/Diffusion-model-isaacsim/ur10_real_robot/ros2_ws_luca/install/onrobot_rg_msgs/lib'
[1.261s] Level 1:colcon.colcon_core.shell:create_environment_hook('onrobot_rg_msgs', 'ld_library_path_lib')
[1.261s] INFO:colcon.colcon_core.shell:Creating environment hook '/home/luca/Stage_Lirmm/Diffusion-model-isaacsim/ur10_real_robot/ros2_ws_luca/install/onrobot_rg_msgs/share/onrobot_rg_msgs/hook/ld_library_path_lib.ps1'
[1.261s] INFO:colcon.colcon_core.shell:Creating environment descriptor '/home/luca/Stage_Lirmm/Diffusion-model-isaacsim/ur10_real_robot/ros2_ws_luca/install/onrobot_rg_msgs/share/onrobot_rg_msgs/hook/ld_library_path_lib.dsv'
[1.262s] INFO:colcon.colcon_core.shell:Creating environment hook '/home/luca/Stage_Lirmm/Diffusion-model-isaacsim/ur10_real_robot/ros2_ws_luca/install/onrobot_rg_msgs/share/onrobot_rg_msgs/hook/ld_library_path_lib.sh'
[1.262s] Level 1:colcon.colcon_core.environment:checking '/home/luca/Stage_Lirmm/Diffusion-model-isaacsim/ur10_real_robot/ros2_ws_luca/install/onrobot_rg_msgs/bin'
[1.262s] Level 1:colcon.colcon_core.environment:checking '/home/luca/Stage_Lirmm/Diffusion-model-isaacsim/ur10_real_robot/ros2_ws_luca/install/onrobot_rg_msgs/lib/pkgconfig/onrobot_rg_msgs.pc'
[1.262s] Level 1:colcon.colcon_core.environment:checking '/home/luca/Stage_Lirmm/Diffusion-model-isaacsim/ur10_real_robot/ros2_ws_luca/install/onrobot_rg_msgs/lib/python3.10/site-packages'
[1.263s] Level 1:colcon.colcon_core.shell:create_environment_hook('onrobot_rg_msgs', 'pythonpath')
[1.263s] INFO:colcon.colcon_core.shell:Creating environment hook '/home/luca/Stage_Lirmm/Diffusion-model-isaacsim/ur10_real_robot/ros2_ws_luca/install/onrobot_rg_msgs/share/onrobot_rg_msgs/hook/pythonpath.ps1'
[1.263s] INFO:colcon.colcon_core.shell:Creating environment descriptor '/home/luca/Stage_Lirmm/Diffusion-model-isaacsim/ur10_real_robot/ros2_ws_luca/install/onrobot_rg_msgs/share/onrobot_rg_msgs/hook/pythonpath.dsv'
[1.264s] INFO:colcon.colcon_core.shell:Creating environment hook '/home/luca/Stage_Lirmm/Diffusion-model-isaacsim/ur10_real_robot/ros2_ws_luca/install/onrobot_rg_msgs/share/onrobot_rg_msgs/hook/pythonpath.sh'
[1.265s] Level 1:colcon.colcon_core.environment:checking '/home/luca/Stage_Lirmm/Diffusion-model-isaacsim/ur10_real_robot/ros2_ws_luca/install/onrobot_rg_msgs/bin'
[1.265s] INFO:colcon.colcon_core.shell:Creating package script '/home/luca/Stage_Lirmm/Diffusion-model-isaacsim/ur10_real_robot/ros2_ws_luca/install/onrobot_rg_msgs/share/onrobot_rg_msgs/package.ps1'
[1.266s] INFO:colcon.colcon_core.shell:Creating package descriptor '/home/luca/Stage_Lirmm/Diffusion-model-isaacsim/ur10_real_robot/ros2_ws_luca/install/onrobot_rg_msgs/share/onrobot_rg_msgs/package.dsv'
[1.267s] INFO:colcon.colcon_core.shell:Creating package script '/home/luca/Stage_Lirmm/Diffusion-model-isaacsim/ur10_real_robot/ros2_ws_luca/install/onrobot_rg_msgs/share/onrobot_rg_msgs/package.sh'
[1.267s] INFO:colcon.colcon_core.shell:Creating package script '/home/luca/Stage_Lirmm/Diffusion-model-isaacsim/ur10_real_robot/ros2_ws_luca/install/onrobot_rg_msgs/share/onrobot_rg_msgs/package.bash'
[1.268s] INFO:colcon.colcon_core.shell:Creating package script '/home/luca/Stage_Lirmm/Diffusion-model-isaacsim/ur10_real_robot/ros2_ws_luca/install/onrobot_rg_msgs/share/onrobot_rg_msgs/package.zsh'
[1.268s] Level 1:colcon.colcon_core.environment:create_file_with_runtime_dependencies(/home/luca/Stage_Lirmm/Diffusion-model-isaacsim/ur10_real_robot/ros2_ws_luca/install/onrobot_rg_msgs/share/colcon-core/packages/onrobot_rg_msgs)
[1.269s] INFO:colcon.colcon_ros.task.ament_python.build:Building ROS package in '/home/luca/Stage_Lirmm/Diffusion-model-isaacsim/ur10_real_robot/ros2_ws_luca/src/bringup_gripper' with build type 'ament_python'
[1.270s] Level 1:colcon.colcon_core.shell:create_environment_hook('bringup_gripper', 'ament_prefix_path')
[1.270s] INFO:colcon.colcon_core.shell:Creating environment hook '/home/luca/Stage_Lirmm/Diffusion-model-isaacsim/ur10_real_robot/ros2_ws_luca/install/bringup_gripper/share/bringup_gripper/hook/ament_prefix_path.ps1'
[1.271s] INFO:colcon.colcon_core.shell:Creating environment descriptor '/home/luca/Stage_Lirmm/Diffusion-model-isaacsim/ur10_real_robot/ros2_ws_luca/install/bringup_gripper/share/bringup_gripper/hook/ament_prefix_path.dsv'
[1.272s] INFO:colcon.colcon_core.shell:Creating environment hook '/home/luca/Stage_Lirmm/Diffusion-model-isaacsim/ur10_real_robot/ros2_ws_luca/install/bringup_gripper/share/bringup_gripper/hook/ament_prefix_path.sh'
[1.273s] INFO:colcon.colcon_core.shell:Skip shell extension 'powershell' for command environment: Not usable outside of PowerShell
[1.273s] DEBUG:colcon.colcon_core.shell:Skip shell extension 'dsv' for command environment
[1.730s] INFO:colcon.colcon_core.task.python.build:Building Python package in '/home/luca/Stage_Lirmm/Diffusion-model-isaacsim/ur10_real_robot/ros2_ws_luca/src/bringup_gripper'
[1.731s] INFO:colcon.colcon_core.shell:Skip shell extension 'powershell' for command environment: Not usable outside of PowerShell
[1.731s] DEBUG:colcon.colcon_core.shell:Skip shell extension 'dsv' for command environment
[2.304s] DEBUG:colcon.colcon_core.event_handler.log_command:Invoking command in '/home/luca/Stage_Lirmm/Diffusion-model-isaacsim/ur10_real_robot/ros2_ws_luca/src/bringup_gripper': CMAKE_PREFIX_PATH=/home/luca/Stage_Lirmm/Diffusion-model-isaacsim/ur10_real_robot/ros2_ws_luca/install/onrobot_rg_msgs:/home/luca/Stage_Lirmm/Diffusion-model-isaacsim/ur10_real_robot/ros2_ws_luca/install/ur_robot_driver_cb2:/home/luca/Stage_Lirmm/Diffusion-model-isaacsim/ur10_real_robot/ros2_ws_luca/install/earth_robot_moveit_config:/home/luca/Stage_Lirmm/Diffusion-model-isaacsim/ur10_real_robot/ros2_ws_luca/install/realsense2_description:/home/luca/Stage_Lirmm/Diffusion-model-isaacsim/ur10_real_robot/ros2_ws_luca/install/ur_robot_description_cb2:/home/luca/Stage_Lirmm/Diffusion-model-isaacsim/ur10_real_robot/ros2_ws_luca/install/onrobot_rg2ft_description LD_LIBRARY_PATH=/home/luca/Stage_Lirmm/Diffusion-model-isaacsim/ur10_real_robot/ros2_ws_luca/install/onrobot_rg_msgs/lib:/home/luca/Stage_Lirmm/Diffusion-model-isaacsim/ur10_real_robot/ros2_ws_luca/install/ur_robot_driver_cb2/lib:/usr/lib/x86_64-linux-gnu/gazebo-11/plugins:/opt/ros/humble/opt/rviz_ogre_vendor/lib:/opt/ros/humble/lib/x86_64-linux-gnu:/opt/ros/humble/lib PYTHONPATH=/home/luca/Stage_Lirmm/Diffusion-model-isaacsim/ur10_real_robot/ros2_ws_luca/build/bringup_gripper/prefix_override:/usr/lib/python3/dist-packages/colcon_core/task/python/colcon_distutils_commands:/home/luca/Stage_Lirmm/Diffusion-model-isaacsim/ur10_real_robot/ros2_ws_luca/install/bringup_gripper/lib/python3.10/site-packages:/home/luca/Stage_Lirmm/Diffusion-model-isaacsim/ur10_real_robot/ros2_ws_luca/install/onrobot_rg_msgs/lib/python3.10/site-packages:/home/luca/Stage_Lirmm/Diffusion-model-isaacsim/ur10_real_robot/ros2_ws_luca/install/bringup_gripper/lib/python3.10/site-packages:/opt/ros/humble/lib/python3.10/site-packages:/opt/ros/humble/local/lib/python3.10/dist-packages VIRTUAL_ENV_PROMPT=(mujoco_ros) /usr/bin/python3 -W ignore:setup.py install is deprecated -W ignore:easy_install command is deprecated setup.py egg_info --egg-base ../../build/bringup_gripper build --build-base /home/luca/Stage_Lirmm/Diffusion-model-isaacsim/ur10_real_robot/ros2_ws_luca/build/bringup_gripper/build install --record /home/luca/Stage_Lirmm/Diffusion-model-isaacsim/ur10_real_robot/ros2_ws_luca/build/bringup_gripper/install.log --single-version-externally-managed install_data
[2.752s] Level 1:colcon.colcon_core.environment:checking '/home/luca/Stage_Lirmm/Diffusion-model-isaacsim/ur10_real_robot/ros2_ws_luca/install/bringup_gripper' for CMake module files
[2.753s] DEBUG:colcon.colcon_core.event_handler.log_command:Invoked command in '/home/luca/Stage_Lirmm/Diffusion-model-isaacsim/ur10_real_robot/ros2_ws_luca/src/bringup_gripper' returned '0': CMAKE_PREFIX_PATH=/home/luca/Stage_Lirmm/Diffusion-model-isaacsim/ur10_real_robot/ros2_ws_luca/install/onrobot_rg_msgs:/home/luca/Stage_Lirmm/Diffusion-model-isaacsim/ur10_real_robot/ros2_ws_luca/install/ur_robot_driver_cb2:/home/luca/Stage_Lirmm/Diffusion-model-isaacsim/ur10_real_robot/ros2_ws_luca/install/earth_robot_moveit_config:/home/luca/Stage_Lirmm/Diffusion-model-isaacsim/ur10_real_robot/ros2_ws_luca/install/realsense2_description:/home/luca/Stage_Lirmm/Diffusion-model-isaacsim/ur10_real_robot/ros2_ws_luca/install/ur_robot_description_cb2:/home/luca/Stage_Lirmm/Diffusion-model-isaacsim/ur10_real_robot/ros2_ws_luca/install/onrobot_rg2ft_description LD_LIBRARY_PATH=/home/luca/Stage_Lirmm/Diffusion-model-isaacsim/ur10_real_robot/ros2_ws_luca/install/onrobot_rg_msgs/lib:/home/luca/Stage_Lirmm/Diffusion-model-isaacsim/ur10_real_robot/ros2_ws_luca/install/ur_robot_driver_cb2/lib:/usr/lib/x86_64-linux-gnu/gazebo-11/plugins:/opt/ros/humble/opt/rviz_ogre_vendor/lib:/opt/ros/humble/lib/x86_64-linux-gnu:/opt/ros/humble/lib PYTHONPATH=/home/luca/Stage_Lirmm/Diffusion-model-isaacsim/ur10_real_robot/ros2_ws_luca/build/bringup_gripper/prefix_override:/usr/lib/python3/dist-packages/colcon_core/task/python/colcon_distutils_commands:/home/luca/Stage_Lirmm/Diffusion-model-isaacsim/ur10_real_robot/ros2_ws_luca/install/bringup_gripper/lib/python3.10/site-packages:/home/luca/Stage_Lirmm/Diffusion-model-isaacsim/ur10_real_robot/ros2_ws_luca/install/onrobot_rg_msgs/lib/python3.10/site-packages:/home/luca/Stage_Lirmm/Diffusion-model-isaacsim/ur10_real_robot/ros2_ws_luca/install/bringup_gripper/lib/python3.10/site-packages:/opt/ros/humble/lib/python3.10/site-packages:/opt/ros/humble/local/lib/python3.10/dist-packages VIRTUAL_ENV_PROMPT=(mujoco_ros) /usr/bin/python3 -W ignore:setup.py install is deprecated -W ignore:easy_install command is deprecated setup.py egg_info --egg-base ../../build/bringup_gripper build --build-base /home/luca/Stage_Lirmm/Diffusion-model-isaacsim/ur10_real_robot/ros2_ws_luca/build/bringup_gripper/build install --record /home/luca/Stage_Lirmm/Diffusion-model-isaacsim/ur10_real_robot/ros2_ws_luca/build/bringup_gripper/install.log --single-version-externally-managed install_data
[2.753s] Level 1:colcon.colcon_core.environment:checking '/home/luca/Stage_Lirmm/Diffusion-model-isaacsim/ur10_real_robot/ros2_ws_luca/install/bringup_gripper' for CMake config files
[2.754s] Level 1:colcon.colcon_core.environment:checking '/home/luca/Stage_Lirmm/Diffusion-model-isaacsim/ur10_real_robot/ros2_ws_luca/install/bringup_gripper/lib'
[2.754s] Level 1:colcon.colcon_core.environment:checking '/home/luca/Stage_Lirmm/Diffusion-model-isaacsim/ur10_real_robot/ros2_ws_luca/install/bringup_gripper/bin'
[2.754s] Level 1:colcon.colcon_core.environment:checking '/home/luca/Stage_Lirmm/Diffusion-model-isaacsim/ur10_real_robot/ros2_ws_luca/install/bringup_gripper/lib/pkgconfig/bringup_gripper.pc'
[2.755s] Level 1:colcon.colcon_core.environment:checking '/home/luca/Stage_Lirmm/Diffusion-model-isaacsim/ur10_real_robot/ros2_ws_luca/install/bringup_gripper/lib/python3.10/site-packages'
[2.755s] Level 1:colcon.colcon_core.shell:create_environment_hook('bringup_gripper', 'pythonpath')
[2.755s] INFO:colcon.colcon_core.shell:Creating environment hook '/home/luca/Stage_Lirmm/Diffusion-model-isaacsim/ur10_real_robot/ros2_ws_luca/install/bringup_gripper/share/bringup_gripper/hook/pythonpath.ps1'
[2.756s] INFO:colcon.colcon_core.shell:Creating environment descriptor '/home/luca/Stage_Lirmm/Diffusion-model-isaacsim/ur10_real_robot/ros2_ws_luca/install/bringup_gripper/share/bringup_gripper/hook/pythonpath.dsv'
[2.756s] INFO:colcon.colcon_core.shell:Creating environment hook '/home/luca/Stage_Lirmm/Diffusion-model-isaacsim/ur10_real_robot/ros2_ws_luca/install/bringup_gripper/share/bringup_gripper/hook/pythonpath.sh'
[2.757s] Level 1:colcon.colcon_core.environment:checking '/home/luca/Stage_Lirmm/Diffusion-model-isaacsim/ur10_real_robot/ros2_ws_luca/install/bringup_gripper/bin'
[2.757s] Level 1:colcon.colcon_core.environment:create_environment_scripts_only(bringup_gripper)
[2.757s] INFO:colcon.colcon_core.shell:Creating package script '/home/luca/Stage_Lirmm/Diffusion-model-isaacsim/ur10_real_robot/ros2_ws_luca/install/bringup_gripper/share/bringup_gripper/package.ps1'
[2.758s] INFO:colcon.colcon_core.shell:Creating package descriptor '/home/luca/Stage_Lirmm/Diffusion-model-isaacsim/ur10_real_robot/ros2_ws_luca/install/bringup_gripper/share/bringup_gripper/package.dsv'
[2.759s] INFO:colcon.colcon_core.shell:Creating package script '/home/luca/Stage_Lirmm/Diffusion-model-isaacsim/ur10_real_robot/ros2_ws_luca/install/bringup_gripper/share/bringup_gripper/package.sh'
[2.759s] INFO:colcon.colcon_core.shell:Creating package script '/home/luca/Stage_Lirmm/Diffusion-model-isaacsim/ur10_real_robot/ros2_ws_luca/install/bringup_gripper/share/bringup_gripper/package.bash'
[2.760s] INFO:colcon.colcon_core.shell:Creating package script '/home/luca/Stage_Lirmm/Diffusion-model-isaacsim/ur10_real_robot/ros2_ws_luca/install/bringup_gripper/share/bringup_gripper/package.zsh'
[2.760s] Level 1:colcon.colcon_core.environment:create_file_with_runtime_dependencies(/home/luca/Stage_Lirmm/Diffusion-model-isaacsim/ur10_real_robot/ros2_ws_luca/install/bringup_gripper/share/colcon-core/packages/bringup_gripper)
[2.761s] INFO:colcon.colcon_ros.task.ament_cmake.build:Building ROS package in '/home/luca/Stage_Lirmm/Diffusion-model-isaacsim/ur10_real_robot/ros2_ws_luca/src/earth_robot_moveit_config' with build type 'ament_cmake'
[2.761s] INFO:colcon.colcon_cmake.task.cmake.build:Building CMake package in '/home/luca/Stage_Lirmm/Diffusion-model-isaacsim/ur10_real_robot/ros2_ws_luca/src/earth_robot_moveit_config'
[2.761s] INFO:colcon.colcon_core.shell:Skip shell extension 'powershell' for command environment: Not usable outside of PowerShell
[2.761s] DEBUG:colcon.colcon_core.shell:Skip shell extension 'dsv' for command environment
[2.791s] DEBUG:colcon.colcon_core.event_handler.log_command:Invoking command in '/home/luca/Stage_Lirmm/Diffusion-model-isaacsim/ur10_real_robot/ros2_ws_luca/build/earth_robot_moveit_config': AMENT_PREFIX_PATH=/home/luca/Stage_Lirmm/Diffusion-model-isaacsim/ur10_real_robot/ros2_ws_luca/install/bringup_gripper:/home/luca/Stage_Lirmm/Diffusion-model-isaacsim/ur10_real_robot/ros2_ws_luca/install/ur_robot_driver_cb2:/home/luca/Stage_Lirmm/Diffusion-model-isaacsim/ur10_real_robot/ros2_ws_luca/install/earth_robot_moveit_config:/home/luca/Stage_Lirmm/Diffusion-model-isaacsim/ur10_real_robot/ros2_ws_luca/install/realsense2_description:/home/luca/Stage_Lirmm/Diffusion-model-isaacsim/ur10_real_robot/ros2_ws_luca/install/ur_robot_description_cb2:/home/luca/Stage_Lirmm/Diffusion-model-isaacsim/ur10_real_robot/ros2_ws_luca/install/onrobot_rg_msgs:/home/luca/Stage_Lirmm/Diffusion-model-isaacsim/ur10_real_robot/ros2_ws_luca/install/onrobot_rg2ft_description:/opt/ros/humble CMAKE_PREFIX_PATH=/home/luca/Stage_Lirmm/Diffusion-model-isaacsim/ur10_real_robot/ros2_ws_luca/install/realsense2_description:/home/luca/Stage_Lirmm/Diffusion-model-isaacsim/ur10_real_robot/ros2_ws_luca/install/ur_robot_driver_cb2:/home/luca/Stage_Lirmm/Diffusion-model-isaacsim/ur10_real_robot/ros2_ws_luca/install/ur_robot_description_cb2:/home/luca/Stage_Lirmm/Diffusion-model-isaacsim/ur10_real_robot/ros2_ws_luca/install/onrobot_rg_msgs:/home/luca/Stage_Lirmm/Diffusion-model-isaacsim/ur10_real_robot/ros2_ws_luca/install/onrobot_rg2ft_description:/home/luca/Stage_Lirmm/Diffusion-model-isaacsim/ur10_real_robot/ros2_ws_luca/install/earth_robot_moveit_config:/home/luca/Stage_Lirmm/Diffusion-model-isaacsim/ur10_real_robot/ros2_ws_luca/install/bringup_gripper:/opt/ros/humble VIRTUAL_ENV_PROMPT=(mujoco_ros) /usr/bin/cmake --build /home/luca/Stage_Lirmm/Diffusion-model-isaacsim/ur10_real_robot/ros2_ws_luca/build/earth_robot_moveit_config -- -j16 -l16
[2.862s] DEBUG:colcon.colcon_core.event_handler.log_command:Invoked command in '/home/luca/Stage_Lirmm/Diffusion-model-isaacsim/ur10_real_robot/ros2_ws_luca/build/earth_robot_moveit_config' returned '0': AMENT_PREFIX_PATH=/home/luca/Stage_Lirmm/Diffusion-model-isaacsim/ur10_real_robot/ros2_ws_luca/install/bringup_gripper:/home/luca/Stage_Lirmm/Diffusion-model-isaacsim/ur10_real_robot/ros2_ws_luca/install/ur_robot_driver_cb2:/home/luca/Stage_Lirmm/Diffusion-model-isaacsim/ur10_real_robot/ros2_ws_luca/install/earth_robot_moveit_config:/home/luca/Stage_Lirmm/Diffusion-model-isaacsim/ur10_real_robot/ros2_ws_luca/install/realsense2_description:/home/luca/Stage_Lirmm/Diffusion-model-isaacsim/ur10_real_robot/ros2_ws_luca/install/ur_robot_description_cb2:/home/luca/Stage_Lirmm/Diffusion-model-isaacsim/ur10_real_robot/ros2_ws_luca/install/onrobot_rg_msgs:/home/luca/Stage_Lirmm/Diffusion-model-isaacsim/ur10_real_robot/ros2_ws_luca/install/onrobot_rg2ft_description:/opt/ros/humble CMAKE_PREFIX_PATH=/home/luca/Stage_Lirmm/Diffusion-model-isaacsim/ur10_real_robot/ros2_ws_luca/install/realsense2_description:/home/luca/Stage_Lirmm/Diffusion-model-isaacsim/ur10_real_robot/ros2_ws_luca/install/ur_robot_driver_cb2:/home/luca/Stage_Lirmm/Diffusion-model-isaacsim/ur10_real_robot/ros2_ws_luca/install/ur_robot_description_cb2:/home/luca/Stage_Lirmm/Diffusion-model-isaacsim/ur10_real_robot/ros2_ws_luca/install/onrobot_rg_msgs:/home/luca/Stage_Lirmm/Diffusion-model-isaacsim/ur10_real_robot/ros2_ws_luca/install/onrobot_rg2ft_description:/home/luca/Stage_Lirmm/Diffusion-model-isaacsim/ur10_real_robot/ros2_ws_luca/install/earth_robot_moveit_config:/home/luca/Stage_Lirmm/Diffusion-model-isaacsim/ur10_real_robot/ros2_ws_luca/install/bringup_gripper:/opt/ros/humble VIRTUAL_ENV_PROMPT=(mujoco_ros) /usr/bin/cmake --build /home/luca/Stage_Lirmm/Diffusion-model-isaacsim/ur10_real_robot/ros2_ws_luca/build/earth_robot_moveit_config -- -j16 -l16
[2.865s] DEBUG:colcon.colcon_core.event_handler.log_command:Invoking command in '/home/luca/Stage_Lirmm/Diffusion-model-isaacsim/ur10_real_robot/ros2_ws_luca/build/earth_robot_moveit_config': AMENT_PREFIX_PATH=/home/luca/Stage_Lirmm/Diffusion-model-isaacsim/ur10_real_robot/ros2_ws_luca/install/bringup_gripper:/home/luca/Stage_Lirmm/Diffusion-model-isaacsim/ur10_real_robot/ros2_ws_luca/install/ur_robot_driver_cb2:/home/luca/Stage_Lirmm/Diffusion-model-isaacsim/ur10_real_robot/ros2_ws_luca/install/earth_robot_moveit_config:/home/luca/Stage_Lirmm/Diffusion-model-isaacsim/ur10_real_robot/ros2_ws_luca/install/realsense2_description:/home/luca/Stage_Lirmm/Diffusion-model-isaacsim/ur10_real_robot/ros2_ws_luca/install/ur_robot_description_cb2:/home/luca/Stage_Lirmm/Diffusion-model-isaacsim/ur10_real_robot/ros2_ws_luca/install/onrobot_rg_msgs:/home/luca/Stage_Lirmm/Diffusion-model-isaacsim/ur10_real_robot/ros2_ws_luca/install/onrobot_rg2ft_description:/opt/ros/humble CMAKE_PREFIX_PATH=/home/luca/Stage_Lirmm/Diffusion-model-isaacsim/ur10_real_robot/ros2_ws_luca/install/realsense2_description:/home/luca/Stage_Lirmm/Diffusion-model-isaacsim/ur10_real_robot/ros2_ws_luca/install/ur_robot_driver_cb2:/home/luca/Stage_Lirmm/Diffusion-model-isaacsim/ur10_real_robot/ros2_ws_luca/install/ur_robot_description_cb2:/home/luca/Stage_Lirmm/Diffusion-model-isaacsim/ur10_real_robot/ros2_ws_luca/install/onrobot_rg_msgs:/home/luca/Stage_Lirmm/Diffusion-model-isaacsim/ur10_real_robot/ros2_ws_luca/install/onrobot_rg2ft_description:/home/luca/Stage_Lirmm/Diffusion-model-isaacsim/ur10_real_robot/ros2_ws_luca/install/earth_robot_moveit_config:/home/luca/Stage_Lirmm/Diffusion-model-isaacsim/ur10_real_robot/ros2_ws_luca/install/bringup_gripper:/opt/ros/humble VIRTUAL_ENV_PROMPT=(mujoco_ros) /usr/bin/cmake --install /home/luca/Stage_Lirmm/Diffusion-model-isaacsim/ur10_real_robot/ros2_ws_luca/build/earth_robot_moveit_config
[2.882s] Level 1:colcon.colcon_core.environment:create_environment_scripts_only(earth_robot_moveit_config)
[2.883s] Level 1:colcon.colcon_core.environment:checking '/home/luca/Stage_Lirmm/Diffusion-model-isaacsim/ur10_real_robot/ros2_ws_luca/install/earth_robot_moveit_config' for CMake module files
[2.883s] DEBUG:colcon.colcon_core.event_handler.log_command:Invoked command in '/home/luca/Stage_Lirmm/Diffusion-model-isaacsim/ur10_real_robot/ros2_ws_luca/build/earth_robot_moveit_config' returned '0': AMENT_PREFIX_PATH=/home/luca/Stage_Lirmm/Diffusion-model-isaacsim/ur10_real_robot/ros2_ws_luca/install/bringup_gripper:/home/luca/Stage_Lirmm/Diffusion-model-isaacsim/ur10_real_robot/ros2_ws_luca/install/ur_robot_driver_cb2:/home/luca/Stage_Lirmm/Diffusion-model-isaacsim/ur10_real_robot/ros2_ws_luca/install/earth_robot_moveit_config:/home/luca/Stage_Lirmm/Diffusion-model-isaacsim/ur10_real_robot/ros2_ws_luca/install/realsense2_description:/home/luca/Stage_Lirmm/Diffusion-model-isaacsim/ur10_real_robot/ros2_ws_luca/install/ur_robot_description_cb2:/home/luca/Stage_Lirmm/Diffusion-model-isaacsim/ur10_real_robot/ros2_ws_luca/install/onrobot_rg_msgs:/home/luca/Stage_Lirmm/Diffusion-model-isaacsim/ur10_real_robot/ros2_ws_luca/install/onrobot_rg2ft_description:/opt/ros/humble CMAKE_PREFIX_PATH=/home/luca/Stage_Lirmm/Diffusion-model-isaacsim/ur10_real_robot/ros2_ws_luca/install/realsense2_description:/home/luca/Stage_Lirmm/Diffusion-model-isaacsim/ur10_real_robot/ros2_ws_luca/install/ur_robot_driver_cb2:/home/luca/Stage_Lirmm/Diffusion-model-isaacsim/ur10_real_robot/ros2_ws_luca/install/ur_robot_description_cb2:/home/luca/Stage_Lirmm/Diffusion-model-isaacsim/ur10_real_robot/ros2_ws_luca/install/onrobot_rg_msgs:/home/luca/Stage_Lirmm/Diffusion-model-isaacsim/ur10_real_robot/ros2_ws_luca/install/onrobot_rg2ft_description:/home/luca/Stage_Lirmm/Diffusion-model-isaacsim/ur10_real_robot/ros2_ws_luca/install/earth_robot_moveit_config:/home/luca/Stage_Lirmm/Diffusion-model-isaacsim/ur10_real_robot/ros2_ws_luca/install/bringup_gripper:/opt/ros/humble VIRTUAL_ENV_PROMPT=(mujoco_ros) /usr/bin/cmake --install /home/luca/Stage_Lirmm/Diffusion-model-isaacsim/ur10_real_robot/ros2_ws_luca/build/earth_robot_moveit_config
[2.884s] Level 1:colcon.colcon_core.environment:checking '/home/luca/Stage_Lirmm/Diffusion-model-isaacsim/ur10_real_robot/ros2_ws_luca/install/earth_robot_moveit_config' for CMake config files
[2.885s] Level 1:colcon.colcon_core.shell:create_environment_hook('earth_robot_moveit_config', 'cmake_prefix_path')
[2.885s] INFO:colcon.colcon_core.shell:Creating environment hook '/home/luca/Stage_Lirmm/Diffusion-model-isaacsim/ur10_real_robot/ros2_ws_luca/install/earth_robot_moveit_config/share/earth_robot_moveit_config/hook/cmake_prefix_path.ps1'
[2.886s] INFO:colcon.colcon_core.shell:Creating environment descriptor '/home/luca/Stage_Lirmm/Diffusion-model-isaacsim/ur10_real_robot/ros2_ws_luca/install/earth_robot_moveit_config/share/earth_robot_moveit_config/hook/cmake_prefix_path.dsv'
[2.887s] INFO:colcon.colcon_core.shell:Creating environment hook '/home/luca/Stage_Lirmm/Diffusion-model-isaacsim/ur10_real_robot/ros2_ws_luca/install/earth_robot_moveit_config/share/earth_robot_moveit_config/hook/cmake_prefix_path.sh'
[2.888s] Level 1:colcon.colcon_core.environment:checking '/home/luca/Stage_Lirmm/Diffusion-model-isaacsim/ur10_real_robot/ros2_ws_luca/install/earth_robot_moveit_config/bin'
[2.888s] Level 1:colcon.colcon_core.environment:checking '/home/luca/Stage_Lirmm/Diffusion-model-isaacsim/ur10_real_robot/ros2_ws_luca/install/earth_robot_moveit_config/lib/pkgconfig/earth_robot_moveit_config.pc'
[2.888s] Level 1:colcon.colcon_core.environment:checking '/home/luca/Stage_Lirmm/Diffusion-model-isaacsim/ur10_real_robot/ros2_ws_luca/install/earth_robot_moveit_config/lib/python3.10/site-packages'
[2.888s] Level 1:colcon.colcon_core.environment:checking '/home/luca/Stage_Lirmm/Diffusion-model-isaacsim/ur10_real_robot/ros2_ws_luca/install/earth_robot_moveit_config/bin'
[2.889s] INFO:colcon.colcon_core.shell:Creating package script '/home/luca/Stage_Lirmm/Diffusion-model-isaacsim/ur10_real_robot/ros2_ws_luca/install/earth_robot_moveit_config/share/earth_robot_moveit_config/package.ps1'
[2.889s] INFO:colcon.colcon_core.shell:Creating package descriptor '/home/luca/Stage_Lirmm/Diffusion-model-isaacsim/ur10_real_robot/ros2_ws_luca/install/earth_robot_moveit_config/share/earth_robot_moveit_config/package.dsv'
[2.890s] INFO:colcon.colcon_core.shell:Creating package script '/home/luca/Stage_Lirmm/Diffusion-model-isaacsim/ur10_real_robot/ros2_ws_luca/install/earth_robot_moveit_config/share/earth_robot_moveit_config/package.sh'
[2.890s] INFO:colcon.colcon_core.shell:Creating package script '/home/luca/Stage_Lirmm/Diffusion-model-isaacsim/ur10_real_robot/ros2_ws_luca/install/earth_robot_moveit_config/share/earth_robot_moveit_config/package.bash'
[2.891s] INFO:colcon.colcon_core.shell:Creating package script '/home/luca/Stage_Lirmm/Diffusion-model-isaacsim/ur10_real_robot/ros2_ws_luca/install/earth_robot_moveit_config/share/earth_robot_moveit_config/package.zsh'
[2.891s] Level 1:colcon.colcon_core.environment:create_file_with_runtime_dependencies(/home/luca/Stage_Lirmm/Diffusion-model-isaacsim/ur10_real_robot/ros2_ws_luca/install/earth_robot_moveit_config/share/colcon-core/packages/earth_robot_moveit_config)
[2.892s] Level 1:colcon.colcon_core.environment:create_environment_scripts_only(earth_robot_moveit_config)
[2.892s] Level 1:colcon.colcon_core.environment:checking '/home/luca/Stage_Lirmm/Diffusion-model-isaacsim/ur10_real_robot/ros2_ws_luca/install/earth_robot_moveit_config' for CMake module files
[2.892s] Level 1:colcon.colcon_core.environment:checking '/home/luca/Stage_Lirmm/Diffusion-model-isaacsim/ur10_real_robot/ros2_ws_luca/install/earth_robot_moveit_config' for CMake config files
[2.893s] Level 1:colcon.colcon_core.shell:create_environment_hook('earth_robot_moveit_config', 'cmake_prefix_path')
[2.893s] INFO:colcon.colcon_core.shell:Creating environment hook '/home/luca/Stage_Lirmm/Diffusion-model-isaacsim/ur10_real_robot/ros2_ws_luca/install/earth_robot_moveit_config/share/earth_robot_moveit_config/hook/cmake_prefix_path.ps1'
[2.893s] INFO:colcon.colcon_core.shell:Creating environment descriptor '/home/luca/Stage_Lirmm/Diffusion-model-isaacsim/ur10_real_robot/ros2_ws_luca/install/earth_robot_moveit_config/share/earth_robot_moveit_config/hook/cmake_prefix_path.dsv'
[2.894s] INFO:colcon.colcon_core.shell:Creating environment hook '/home/luca/Stage_Lirmm/Diffusion-model-isaacsim/ur10_real_robot/ros2_ws_luca/install/earth_robot_moveit_config/share/earth_robot_moveit_config/hook/cmake_prefix_path.sh'
[2.894s] Level 1:colcon.colcon_core.environment:checking '/home/luca/Stage_Lirmm/Diffusion-model-isaacsim/ur10_real_robot/ros2_ws_luca/install/earth_robot_moveit_config/bin'
[2.894s] Level 1:colcon.colcon_core.environment:checking '/home/luca/Stage_Lirmm/Diffusion-model-isaacsim/ur10_real_robot/ros2_ws_luca/install/earth_robot_moveit_config/lib/pkgconfig/earth_robot_moveit_config.pc'
[2.895s] Level 1:colcon.colcon_core.environment:checking '/home/luca/Stage_Lirmm/Diffusion-model-isaacsim/ur10_real_robot/ros2_ws_luca/install/earth_robot_moveit_config/lib/python3.10/site-packages'
[2.895s] Level 1:colcon.colcon_core.environment:checking '/home/luca/Stage_Lirmm/Diffusion-model-isaacsim/ur10_real_robot/ros2_ws_luca/install/earth_robot_moveit_config/bin'
[2.895s] INFO:colcon.colcon_core.shell:Creating package script '/home/luca/Stage_Lirmm/Diffusion-model-isaacsim/ur10_real_robot/ros2_ws_luca/install/earth_robot_moveit_config/share/earth_robot_moveit_config/package.ps1'
[2.896s] INFO:colcon.colcon_core.shell:Creating package descriptor '/home/luca/Stage_Lirmm/Diffusion-model-isaacsim/ur10_real_robot/ros2_ws_luca/install/earth_robot_moveit_config/share/earth_robot_moveit_config/package.dsv'
[2.897s] INFO:colcon.colcon_core.shell:Creating package script '/home/luca/Stage_Lirmm/Diffusion-model-isaacsim/ur10_real_robot/ros2_ws_luca/install/earth_robot_moveit_config/share/earth_robot_moveit_config/package.sh'
[2.897s] INFO:colcon.colcon_core.shell:Creating package script '/home/luca/Stage_Lirmm/Diffusion-model-isaacsim/ur10_real_robot/ros2_ws_luca/install/earth_robot_moveit_config/share/earth_robot_moveit_config/package.bash'
[2.898s] INFO:colcon.colcon_core.shell:Creating package script '/home/luca/Stage_Lirmm/Diffusion-model-isaacsim/ur10_real_robot/ros2_ws_luca/install/earth_robot_moveit_config/share/earth_robot_moveit_config/package.zsh'
[2.899s] Level 1:colcon.colcon_core.environment:create_file_with_runtime_dependencies(/home/luca/Stage_Lirmm/Diffusion-model-isaacsim/ur10_real_robot/ros2_ws_luca/install/earth_robot_moveit_config/share/colcon-core/packages/earth_robot_moveit_config)
[2.899s] DEBUG:colcon.colcon_parallel_executor.executor.parallel:closing loop
[2.900s] DEBUG:colcon.colcon_parallel_executor.executor.parallel:loop closed
[2.900s] DEBUG:colcon.colcon_parallel_executor.executor.parallel:run_until_complete finished with '0'
[2.900s] DEBUG:colcon.colcon_core.event_reactor:joining thread
[2.908s] INFO:colcon.colcon_core.plugin_system:Skipping extension 'colcon_notification.desktop_notification.terminal_notifier': Not used on non-Darwin systems
[2.908s] INFO:colcon.colcon_core.plugin_system:Skipping extension 'colcon_notification.desktop_notification.win32': Not used on non-Windows systems
[2.908s] INFO:colcon.colcon_notification.desktop_notification:Sending desktop notification using 'notify2'
[2.926s] DEBUG:colcon.colcon_core.event_reactor:joined thread
[2.926s] INFO:colcon.colcon_core.shell:Creating prefix script '/home/luca/Stage_Lirmm/Diffusion-model-isaacsim/ur10_real_robot/ros2_ws_luca/install/local_setup.ps1'
[2.928s] INFO:colcon.colcon_core.shell:Creating prefix util module '/home/luca/Stage_Lirmm/Diffusion-model-isaacsim/ur10_real_robot/ros2_ws_luca/install/_local_setup_util_ps1.py'
[2.931s] INFO:colcon.colcon_core.shell:Creating prefix chain script '/home/luca/Stage_Lirmm/Diffusion-model-isaacsim/ur10_real_robot/ros2_ws_luca/install/setup.ps1'
[2.934s] INFO:colcon.colcon_core.shell:Creating prefix script '/home/luca/Stage_Lirmm/Diffusion-model-isaacsim/ur10_real_robot/ros2_ws_luca/install/local_setup.sh'
[2.936s] INFO:colcon.colcon_core.shell:Creating prefix util module '/home/luca/Stage_Lirmm/Diffusion-model-isaacsim/ur10_real_robot/ros2_ws_luca/install/_local_setup_util_sh.py'
[2.937s] INFO:colcon.colcon_core.shell:Creating prefix chain script '/home/luca/Stage_Lirmm/Diffusion-model-isaacsim/ur10_real_robot/ros2_ws_luca/install/setup.sh'
[2.940s] INFO:colcon.colcon_core.shell:Creating prefix script '/home/luca/Stage_Lirmm/Diffusion-model-isaacsim/ur10_real_robot/ros2_ws_luca/install/local_setup.bash'
[2.941s] INFO:colcon.colcon_core.shell:Creating prefix chain script '/home/luca/Stage_Lirmm/Diffusion-model-isaacsim/ur10_real_robot/ros2_ws_luca/install/setup.bash'
[2.943s] INFO:colcon.colcon_core.shell:Creating prefix script '/home/luca/Stage_Lirmm/Diffusion-model-isaacsim/ur10_real_robot/ros2_ws_luca/install/local_setup.zsh'
[2.943s] INFO:colcon.colcon_core.shell:Creating prefix chain script '/home/luca/Stage_Lirmm/Diffusion-model-isaacsim/ur10_real_robot/ros2_ws_luca/install/setup.zsh'
