ISO-10303-21;
HEADER;
FILE_DESCRIPTION (( 'STEP AP203' ),
    '1' );
FILE_NAME ('Support-camera-d455.STEP',
    '2026-03-03T18:26:22',
    ( '' ),
    ( '' ),
    'SwSTEP 2.0',
    'SolidWorks 2024',
    '' );
FILE_SCHEMA (( 'CONFIG_CONTROL_DESIGN' ));
ENDSEC;

DATA;
#1 = VERTEX_POINT ( 'NONE', #548 ) ;
#2 = CIRCLE ( 'NONE', #823, 3.300000000000000711 ) ;
#3 = AXIS2_PLACEMENT_3D ( 'NONE', #550, #1079, #1071 ) ;
#4 = EDGE_CURVE ( 'NONE', #75, #195, #1077, .T. ) ;
#5 = DIRECTION ( 'NONE',  ( -0.000000000000000000, -0.000000000000000000, -1.000000000000000000 ) ) ;
#6 = CARTESIAN_POINT ( 'NONE',  ( -17.67766952966358929, 17.67766952966378113, 10.00000000000000000 ) ) ;
#7 = ORIENTED_EDGE ( 'NONE', *, *, #170, .F. ) ;
#8 = FACE_OUTER_BOUND ( 'NONE', #1037, .T. ) ;
#9 = EDGE_LOOP ( 'NONE', ( #802, #1021, #794, #821 ) ) ;
#10 = CARTESIAN_POINT ( 'NONE',  ( 85.00000000000000000, 57.28219618694800630, 10.00000000000000000 ) ) ;
#11 = LINE ( 'NONE', #254, #1469 ) ;
#12 = ADVANCED_FACE ( 'NONE', ( #945 ), #1444, .F. ) ;
#13 = ORIENTED_EDGE ( 'NONE', *, *, #935, .T. ) ;
#14 = ADVANCED_FACE ( 'NONE', ( #1309 ), #1468, .F. ) ;
#15 = ORIENTED_EDGE ( 'NONE', *, *, #810, .F. ) ;
#16 = DESIGN_CONTEXT ( 'detailed design', #575, 'design' ) ;
#17 = CIRCLE ( 'NONE', #209, 2.250000000000001776 ) ;
#18 = CIRCLE ( 'NONE', #1196, 37.50000000000000711 ) ;
#19 = DIRECTION ( 'NONE',  ( 1.000000000000000000, -0.000000000000000000, 0.000000000000000000 ) ) ;
#20 = CIRCLE ( 'NONE', #950, 15.00000000000000000 ) ;
#21 = CARTESIAN_POINT ( 'NONE',  ( -30.00000000000000000, 78.50000000000000000, 10.00000000000000000 ) ) ;
#22 = APPROVAL_PERSON_ORGANIZATION ( #427, #1461, #938 ) ;
#23 = ORIENTED_EDGE ( 'NONE', *, *, #63, .F. ) ;
#24 = SECURITY_CLASSIFICATION ( '', '', #623 ) ;
#25 = EDGE_CURVE ( 'NONE', #1599, #892, #412, .T. ) ;
#26 = VERTEX_POINT ( 'NONE', #262 ) ;
#27 = DIRECTION ( 'NONE',  ( -0.000000000000000000, -0.000000000000000000, 1.000000000000000000 ) ) ;
#28 = DIRECTION ( 'NONE',  ( -1.000000000000000000, 0.000000000000000000, 0.000000000000000000 ) ) ;
#29 = LINE ( 'NONE', #1224, #1352 ) ;
#30 = AXIS2_PLACEMENT_3D ( 'NONE', #1271, #1541, #498 ) ;
#31 = CARTESIAN_POINT ( 'NONE',  ( 1.510074428505106203, 66.32842712474619873, 10.00000000000000000 ) ) ;
#32 = ORIENTED_EDGE ( 'NONE', *, *, #469, .T. ) ;
#33 = EDGE_LOOP ( 'NONE', ( #1664, #502, #1396, #456 ) ) ;
#34 = EDGE_CURVE ( 'NONE', #882, #1628, #537, .T. ) ;
#35 = CARTESIAN_POINT ( 'NONE',  ( 30.00000000000000711, 68.50000000000000000, 0.000000000000000000 ) ) ;
#36 = EDGE_LOOP ( 'NONE', ( #342, #688, #667, #889 ) ) ;
#37 = CYLINDRICAL_SURFACE ( 'NONE', #266, 2.250000000000001776 ) ;
#38 = DIRECTION ( 'NONE',  ( 0.000000000000000000, 1.000000000000000000, 0.000000000000000000 ) ) ;
#39 = ORIENTED_EDGE ( 'NONE', *, *, #560, .F. ) ;
#40 = CARTESIAN_POINT ( 'NONE',  ( 47.00000000000000000, 93.50000000000000000, 10.00000000000000000 ) ) ;
#41 = DIRECTION ( 'NONE',  ( 1.000000000000000000, 0.000000000000000000, 0.000000000000000000 ) ) ;
#42 = EDGE_CURVE ( 'NONE', #1306, #1369, #1158, .T. ) ;
#43 = DIRECTION ( 'NONE',  ( 1.000000000000000000, 0.000000000000000000, 0.000000000000000000 ) ) ;
#44 = VECTOR ( 'NONE', #1116, 1000.000000000000000 ) ;
#45 = LINE ( 'NONE', #695, #1277 ) ;
#46 = CIRCLE ( 'NONE', #1147, 37.50000000000001421 ) ;
#47 = CARTESIAN_POINT ( 'NONE',  ( 17.67766952966371719, 17.67766952966366034, 10.00000000000000000 ) ) ;
#48 = VECTOR ( 'NONE', #1392, 1000.000000000000000 ) ;
#49 = ORIENTED_EDGE ( 'NONE', *, *, #869, .F. ) ;
#50 = CC_DESIGN_PERSON_AND_ORGANIZATION_ASSIGNMENT ( #1092, #580, ( #978 ) ) ;
#51 = DIRECTION ( 'NONE',  ( 0.8660254037844387076, 0.5000000000000001110, 0.000000000000000000 ) ) ;
#52 = CARTESIAN_POINT ( 'NONE',  ( -37.50000000000000711, 0.000000000000000000, 0.000000000000000000 ) ) ;
#53 = EDGE_CURVE ( 'NONE', #557, #1174, #329, .T. ) ;
#54 = DATE_AND_TIME ( #159, #428 ) ;
#55 = CARTESIAN_POINT ( 'NONE',  ( 2.535898384862248278, 60.50000000000000000, 12.00000000000000000 ) ) ;
#56 = CIRCLE ( 'NONE', #1128, 10.00000000000000178 ) ;
#57 = CARTESIAN_POINT ( 'NONE',  ( 47.00000000000000000, 92.50000000000001421, 0.000000000000000000 ) ) ;
#58 = CARTESIAN_POINT ( 'NONE',  ( -47.00000000000000000, 78.50000000000000000, 0.000000000000000000 ) ) ;
#59 =( NAMED_UNIT ( * ) PLANE_ANGLE_UNIT ( ) SI_UNIT ( $, .RADIAN. ) );
#60 = EDGE_CURVE ( 'NONE', #1360, #872, #1389, .T. ) ;
#61 = DIRECTION ( 'NONE',  ( -0.000000000000000000, -0.000000000000000000, 1.000000000000000000 ) ) ;
#62 = ORIENTED_EDGE ( 'NONE', *, *, #1375, .F. ) ;
#63 = EDGE_CURVE ( 'NONE', #542, #1628, #1505, .T. ) ;
#64 = ORIENTED_EDGE ( 'NONE', *, *, #697, .T. ) ;
#65 = DIRECTION ( 'NONE',  ( 1.000000000000000000, 0.000000000000000000, 0.000000000000000000 ) ) ;
#66 = CARTESIAN_POINT ( 'NONE',  ( 47.00000000000000000, 107.5000000000000142, 10.00000000000000000 ) ) ;
#67 = DATE_AND_TIME ( #1640, #385 ) ;
#68 = DIRECTION ( 'NONE',  ( -0.000000000000000000, 0.000000000000000000, -1.000000000000000000 ) ) ;
#69 = DIRECTION ( 'NONE',  ( 1.000000000000000000, -0.000000000000000000, -0.000000000000000000 ) ) ;
#70 = VECTOR ( 'NONE', #358, 1000.000000000000000 ) ;
#71 = ORIENTED_EDGE ( 'NONE', *, *, #1453, .T. ) ;
#72 = AXIS2_PLACEMENT_3D ( 'NONE', #1117, #215, #981 ) ;
#73 = EDGE_CURVE ( 'NONE', #1278, #196, #1338, .T. ) ;
#74 = FACE_OUTER_BOUND ( 'NONE', #916, .T. ) ;
#75 = VERTEX_POINT ( 'NONE', #174 ) ;
#76 = PLANE ( 'NONE',  #380 ) ;
#77 = DIRECTION ( 'NONE',  ( 0.000000000000000000, 0.000000000000000000, 1.000000000000000000 ) ) ;
#78 = CARTESIAN_POINT ( 'NONE',  ( 45.25000000000000000, 93.00000000000000000, 10.00000000000000000 ) ) ;
#79 = CARTESIAN_POINT ( 'NONE',  ( 17.67766952966371719, 17.67766952966366034, 10.00000000000000000 ) ) ;
#80 = DIRECTION ( 'NONE',  ( 0.000000000000000000, 0.000000000000000000, -1.000000000000000000 ) ) ;
#81 = VERTEX_POINT ( 'NONE', #1217 ) ;
#82 = AXIS2_PLACEMENT_3D ( 'NONE', #187, #692, #80 ) ;
#83 = ADVANCED_FACE ( 'NONE', ( #429 ), #708, .F. ) ;
#84 = EDGE_LOOP ( 'NONE', ( #485, #1617, #1655, #373 ) ) ;
#85 = FACE_BOUND ( 'NONE', #629, .T. ) ;
#86 = DIRECTION ( 'NONE',  ( 0.8660254037844379305, 0.5000000000000014433, 0.000000000000000000 ) ) ;
#87 = DIRECTION ( 'NONE',  ( 1.000000000000000000, 9.251858538542971828E-16, 0.000000000000000000 ) ) ;
#88 = FACE_BOUND ( 'NONE', #1238, .T. ) ;
#89 = ORIENTED_EDGE ( 'NONE', *, *, #170, .T. ) ;
#90 = EDGE_LOOP ( 'NONE', ( #49, #659, #241, #647 ) ) ;
#91 = ORIENTED_EDGE ( 'NONE', *, *, #190, .F. ) ;
#92 = CARTESIAN_POINT ( 'NONE',  ( 47.00000000000000000, 93.50000000000000000, 0.000000000000000000 ) ) ;
#93 = CARTESIAN_POINT ( 'NONE',  ( 62.00000000000000000, 78.50000000000000000, 0.000000000000000000 ) ) ;
#94 = ADVANCED_FACE ( 'NONE', ( #1084 ), #954, .F. ) ;
#95 = CYLINDRICAL_SURFACE ( 'NONE', #1583, 31.50000000000000000 ) ;
#96 = FACE_BOUND ( 'NONE', #153, .T. ) ;
#97 = VECTOR ( 'NONE', #137, 1000.000000000000000 ) ;
#98 = EDGE_LOOP ( 'NONE', ( #161, #1009, #1256, #987, #829, #791, #1651, #1243, #1481, #211 ) ) ;
#99 = VECTOR ( 'NONE', #752, 1000.000000000000227 ) ;
#100 = ORIENTED_EDGE ( 'NONE', *, *, #1223, .F. ) ;
#101 = AXIS2_PLACEMENT_3D ( 'NONE', #92, #1281, #1127 ) ;
#102 = ORIENTED_EDGE ( 'NONE', *, *, #316, .F. ) ;
#103 = FACE_OUTER_BOUND ( 'NONE', #997, .T. ) ;
#104 = AXIS2_PLACEMENT_3D ( 'NONE', #864, #1129, #876 ) ;
#105 = CARTESIAN_POINT ( 'NONE',  ( -19.99999999999999645, 57.28219618694802762, 10.00000000000000000 ) ) ;
#106 = CARTESIAN_POINT ( 'NONE',  ( 0.000000000000000000, 0.000000000000000000, 10.00000000000000000 ) ) ;
#107 = EDGE_CURVE ( 'NONE', #304, #814, #2, .T. ) ;
#108 = PLANE ( 'NONE',  #813 ) ;
#109 = ORIENTED_EDGE ( 'NONE', *, *, #63, .T. ) ;
#110 = AXIS2_PLACEMENT_3D ( 'NONE', #790, #1179, #407 ) ;
#111 = CYLINDRICAL_SURFACE ( 'NONE', #798, 15.75000000000000000 ) ;
#112 = ORIENTED_EDGE ( 'NONE', *, *, #282, .F. ) ;
#113 = CLOSED_SHELL ( 'NONE', ( #834, #1125, #1151, #1208, #1455, #223, #192, #1070, #748, #801, #12, #160, #436, #437, #942, #445, #177, #771, #83, #349, #256, #793, #372, #922, #675, #1414, #733, #1016, #907, #894, #704, #849, #338, #234, #1534, #327, #612, #1511, #1464, #1387, #1627, #926, #1312, #151, #14, #494, #1587, #314, #94 ) ) ;
#114 = EDGE_LOOP ( 'NONE', ( #102, #362, #843, #799 ) ) ;
#115 = CARTESIAN_POINT ( 'NONE',  ( 3.071796769724493892, 60.50000000000000000, 10.00000000000000000 ) ) ;
#116 = DIRECTION ( 'NONE',  ( -0.000000000000000000, -0.000000000000000000, -1.000000000000000000 ) ) ;
#117 = LINE ( 'NONE', #1169, #70 ) ;
#118 = CARTESIAN_POINT ( 'NONE',  ( 62.00000000000000000, 78.50000000000000000, 10.00000000000000000 ) ) ;
#119 = ORIENTED_EDGE ( 'NONE', *, *, #264, .F. ) ;
#120 = EDGE_CURVE ( 'NONE', #1174, #273, #1102, .T. ) ;
#121 = ORIENTED_EDGE ( 'NONE', *, *, #744, .F. ) ;
#122 = ORIENTED_EDGE ( 'NONE', *, *, #107, .F. ) ;
#123 = DIRECTION ( 'NONE',  ( -0.000000000000000000, -0.000000000000000000, -1.000000000000000000 ) ) ;
#124 = DIRECTION ( 'NONE',  ( 1.000000000000000000, 0.000000000000000000, 0.000000000000000000 ) ) ;
#125 = DIRECTION ( 'NONE',  ( 1.000000000000000000, 0.000000000000000000, -0.000000000000000000 ) ) ;
#126 = CARTESIAN_POINT ( 'NONE',  ( -45.25000000000000000, 93.00000000000000000, 0.000000000000000000 ) ) ;
#127 = ORIENTED_EDGE ( 'NONE', *, *, #1104, .F. ) ;
#128 = EDGE_LOOP ( 'NONE', ( #131, #765 ) ) ;
#129 = EDGE_CURVE ( 'NONE', #465, #1533, #985, .T. ) ;
#130 = VECTOR ( 'NONE', #1607, 1000.000000000000000 ) ;
#131 = ORIENTED_EDGE ( 'NONE', *, *, #386, .T. ) ;
#132 = CARTESIAN_POINT ( 'NONE',  ( -84.99999999999998579, 57.28219618694802762, 10.00000000000000000 ) ) ;
#133 = AXIS2_PLACEMENT_3D ( 'NONE', #79, #761, #1122 ) ;
#134 = VECTOR ( 'NONE', #1283, 1000.000000000000000 ) ;
#135 = CARTESIAN_POINT ( 'NONE',  ( -14.37766952966371470, -17.67766952966366034, 10.00000000000000000 ) ) ;
#136 = DIRECTION ( 'NONE',  ( 1.000000000000000000, 0.000000000000000000, 0.000000000000000000 ) ) ;
#137 = DIRECTION ( 'NONE',  ( -0.000000000000000000, -0.000000000000000000, 1.000000000000000000 ) ) ;
#138 = ORIENTED_EDGE ( 'NONE', *, *, #963, .T. ) ;
#139 = DIRECTION ( 'NONE',  ( -1.000000000000000000, 0.000000000000000000, 0.000000000000000000 ) ) ;
#140 = VERTEX_POINT ( 'NONE', #167 ) ;
#141 = ORIENTED_EDGE ( 'NONE', *, *, #1269, .T. ) ;
#142 = EDGE_CURVE ( 'NONE', #220, #1063, #1093, .T. ) ;
#143 = CIRCLE ( 'NONE', #319, 3.300000000000000711 ) ;
#144 = EDGE_CURVE ( 'NONE', #902, #777, #577, .T. ) ;
#145 = CARTESIAN_POINT ( 'NONE',  ( -1.732050807568870532, 63.50000000000000000, 20.00000000000000000 ) ) ;
#146 = DIRECTION ( 'NONE',  ( 1.000000000000000000, 0.000000000000000000, 0.000000000000000000 ) ) ;
#147 = ORIENTED_EDGE ( 'NONE', *, *, #1062, .F. ) ;
#148 = EDGE_LOOP ( 'NONE', ( #274, #1094, #1185, #1548 ) ) ;
#149 = ORIENTED_EDGE ( 'NONE', *, *, #721, .F. ) ;
#150 = DIRECTION ( 'NONE',  ( -0.000000000000000000, -0.000000000000000000, 1.000000000000000000 ) ) ;
#151 = ADVANCED_FACE ( 'NONE', ( #312 ), #850, .F. ) ;
#152 = EDGE_LOOP ( 'NONE', ( #890, #1506, #353, #383 ) ) ;
#153 = EDGE_LOOP ( 'NONE', ( #122, #333 ) ) ;
#154 = DIRECTION ( 'NONE',  ( -0.000000000000000000, -0.000000000000000000, 1.000000000000000000 ) ) ;
#155 = VECTOR ( 'NONE', #1350, 1000.000000000000000 ) ;
#156 = AXIS2_PLACEMENT_3D ( 'NONE', #106, #851, #1150 ) ;
#157 = DIRECTION ( 'NONE',  ( -1.000000000000000000, -0.000000000000000000, -0.000000000000000000 ) ) ;
#158 = AXIS2_PLACEMENT_3D ( 'NONE', #207, #199, #1630 ) ;
#159 = CALENDAR_DATE ( 2026, 3, 3 ) ;
#160 = ADVANCED_FACE ( 'NONE', ( #581 ), #1616, .T. ) ;
#161 = ORIENTED_EDGE ( 'NONE', *, *, #1181, .F. ) ;
#162 = ORIENTED_EDGE ( 'NONE', *, *, #1104, .T. ) ;
#163 = PLANE ( 'NONE',  #82 ) ;
#164 = CARTESIAN_POINT ( 'NONE',  ( 37.50000000000000711, 4.592425496802575156E-15, 0.000000000000000000 ) ) ;
#165 = CIRCLE ( 'NONE', #1570, 15.75000000000000000 ) ;
#166 = APPLICATION_PROTOCOL_DEFINITION ( 'international standard', 'config_control_design', 1994, #715 ) ;
#167 = CARTESIAN_POINT ( 'NONE',  ( -19.99999999999999645, 60.50000000000000000, 12.00000000000000000 ) ) ;
#168 = EDGE_LOOP ( 'NONE', ( #91, #1205, #231, #419 ) ) ;
#169 = CARTESIAN_POINT ( 'NONE',  ( 20.00000000000000355, 65.50000000000000000, 20.00000000000000000 ) ) ;
#170 = EDGE_CURVE ( 'NONE', #511, #870, #201, .T. ) ;
#171 = DIRECTION ( 'NONE',  ( 0.000000000000000000, -0.000000000000000000, -1.000000000000000000 ) ) ;
#172 = CARTESIAN_POINT ( 'NONE',  ( 1.732050807568874751, 65.50000000000000000, 20.00000000000000000 ) ) ;
#173 = DIRECTION ( 'NONE',  ( -0.000000000000000000, -0.000000000000000000, -1.000000000000000000 ) ) ;
#174 = CARTESIAN_POINT ( 'NONE',  ( -14.37766952966371470, -17.67766952966366034, 0.000000000000000000 ) ) ;
#175 = CARTESIAN_POINT ( 'NONE',  ( 2.535898384862248278, 62.50000000000000000, 20.00000000000000000 ) ) ;
#176 = ORIENTED_EDGE ( 'NONE', *, *, #504, .T. ) ;
#177 = ADVANCED_FACE ( 'NONE', ( #74 ), #111, .F. ) ;
#178 = CARTESIAN_POINT ( 'NONE',  ( 30.00000000000000711, 78.50000000000000000, 0.000000000000000000 ) ) ;
#179 = LINE ( 'NONE', #554, #462 ) ;
#180 = CARTESIAN_POINT ( 'NONE',  ( -2.267949192431108152, 65.50000000000000000, 10.00000000000000000 ) ) ;
#181 = AXIS2_PLACEMENT_3D ( 'NONE', #1222, #951, #41 ) ;
#182 = DATE_AND_TIME ( #811, #1445 ) ;
#183 = AXIS2_PLACEMENT_3D ( 'NONE', #1644, #365, #1656 ) ;
#184 = DIRECTION ( 'NONE',  ( -0.000000000000000000, -0.000000000000000000, 1.000000000000000000 ) ) ;
#185 = AXIS2_PLACEMENT_3D ( 'NONE', #1048, #1486, #1210 ) ;
#186 = VERTEX_POINT ( 'NONE', #786 ) ;
#187 = CARTESIAN_POINT ( 'NONE',  ( 20.00000000000000355, 31.72144385112380505, 10.00000000000000000 ) ) ;
#188 = EDGE_LOOP ( 'NONE', ( #23, #1376 ) ) ;
#189 = CARTESIAN_POINT ( 'NONE',  ( -19.99999999999999645, 31.72144385112381215, 10.00000000000000000 ) ) ;
#190 = EDGE_CURVE ( 'NONE', #609, #505, #1432, .T. ) ;
#191 = FACE_OUTER_BOUND ( 'NONE', #36, .T. ) ;
#192 = ADVANCED_FACE ( 'NONE', ( #526 ), #397, .F. ) ;
#193 = LINE ( 'NONE', #1083, #631 ) ;
#194 = DIRECTION ( 'NONE',  ( -1.000000000000000000, 0.000000000000000000, 0.000000000000000000 ) ) ;
#195 = VERTEX_POINT ( 'NONE', #135 ) ;
#196 = VERTEX_POINT ( 'NONE', #105 ) ;
#197 = CYLINDRICAL_SURFACE ( 'NONE', #1058, 37.50000000000000711 ) ;
#198 = CARTESIAN_POINT ( 'NONE',  ( -30.00000000000000000, 78.50000000000000000, 10.00000000000000000 ) ) ;
#199 = DIRECTION ( 'NONE',  ( 0.000000000000000000, -1.000000000000000000, 0.000000000000000000 ) ) ;
#200 = APPROVAL_DATE_TIME ( #67, #1018 ) ;
#201 = LINE ( 'NONE', #719, #1184 ) ;
#202 = CARTESIAN_POINT ( 'NONE',  ( 0.000000000000000000, 0.000000000000000000, 16.80000000000000071 ) ) ;
#203 = EDGE_CURVE ( 'NONE', #609, #1172, #1011, .T. ) ;
#204 = ORIENTED_EDGE ( 'NONE', *, *, #1638, .F. ) ;
#205 = FACE_OUTER_BOUND ( 'NONE', #666, .T. ) ;
#206 = DIRECTION ( 'NONE',  ( 1.000000000000000000, 0.000000000000000000, 0.000000000000000000 ) ) ;
#207 = CARTESIAN_POINT ( 'NONE',  ( -19.99999999999999645, 63.50000000000000000, 20.00000000000000000 ) ) ;
#208 = FACE_OUTER_BOUND ( 'NONE', #493, .T. ) ;
#209 = AXIS2_PLACEMENT_3D ( 'NONE', #576, #589, #831 ) ;
#210 = VECTOR ( 'NONE', #150, 1000.000000000000000 ) ;
#211 = ORIENTED_EDGE ( 'NONE', *, *, #129, .T. ) ;
#212 = AXIS2_PLACEMENT_3D ( 'NONE', #1509, #736, #1539 ) ;
#213 = VECTOR ( 'NONE', #1100, 1000.000000000000114 ) ;
#214 = CARTESIAN_POINT ( 'NONE',  ( -47.50000000000000000, 93.00000000000000000, 10.00000000000000000 ) ) ;
#215 = DIRECTION ( 'NONE',  ( 0.000000000000000000, 0.000000000000000000, 1.000000000000000000 ) ) ;
#216 = DIRECTION ( 'NONE',  ( 1.000000000000000000, -0.000000000000000000, -0.000000000000000000 ) ) ;
#217 = APPROVAL_ROLE ( '' ) ;
#218 = DIRECTION ( 'NONE',  ( -0.000000000000000000, -0.000000000000000000, 1.000000000000000000 ) ) ;
#219 = CARTESIAN_POINT ( 'NONE',  ( 0.000000000000000000, 0.000000000000000000, 0.000000000000000000 ) ) ;
#220 = VERTEX_POINT ( 'NONE', #145 ) ;
#221 = AXIS2_PLACEMENT_3D ( 'NONE', #1440, #795, #1167 ) ;
#222 = ORIENTED_EDGE ( 'NONE', *, *, #426, .F. ) ;
#223 = ADVANCED_FACE ( 'NONE', ( #507 ), #270, .F. ) ;
#224 = ORIENTED_EDGE ( 'NONE', *, *, #1547, .F. ) ;
#225 = PLANE ( 'NONE',  #625 ) ;
#226 = PLANE ( 'NONE',  #1683 ) ;
#227 = PERSON_AND_ORGANIZATION ( #574, #974 ) ;
#228 = DIRECTION ( 'NONE',  ( -0.000000000000000000, -0.000000000000000000, -1.000000000000000000 ) ) ;
#229 = CARTESIAN_POINT ( 'NONE',  ( -0.9282032302755092168, 60.50000000000000000, 20.00000000000000000 ) ) ;
#230 = ORIENTED_EDGE ( 'NONE', *, *, #586, .F. ) ;
#231 = ORIENTED_EDGE ( 'NONE', *, *, #1195, .T. ) ;
#232 = VERTEX_POINT ( 'NONE', #1159 ) ;
#233 = CARTESIAN_POINT ( 'NONE',  ( -47.00000000000000000, 107.5000000000000142, 10.00000000000000000 ) ) ;
#234 = ADVANCED_FACE ( 'NONE', ( #669 ), #1188, .F. ) ;
#235 = COORDINATED_UNIVERSAL_TIME_OFFSET ( 1, 0, .AHEAD. ) ;
#236 = DIRECTION ( 'NONE',  ( 1.000000000000000000, 0.000000000000000000, 0.000000000000000000 ) ) ;
#237 = FACE_OUTER_BOUND ( 'NONE', #650, .T. ) ;
#238 = AXIS2_PLACEMENT_3D ( 'NONE', #40, #306, #1342 ) ;
#239 = EDGE_LOOP ( 'NONE', ( #1296, #1677 ) ) ;
#240 = AXIS2_PLACEMENT_3D ( 'NONE', #885, #1391, #1399 ) ;
#241 = ORIENTED_EDGE ( 'NONE', *, *, #53, .F. ) ;
#242 = CIRCLE ( 'NONE', #1087, 3.300000000000000711 ) ;
#243 = VERTEX_POINT ( 'NONE', #518 ) ;
#244 = CARTESIAN_POINT ( 'NONE',  ( -19.99999999999999645, 60.50000000000000000, 20.00000000000000000 ) ) ;
#245 = LINE ( 'NONE', #1563, #134 ) ;
#246 = EDGE_CURVE ( 'NONE', #777, #902, #958, .T. ) ;
#247 = FACE_OUTER_BOUND ( 'NONE', #152, .T. ) ;
#248 = DIRECTION ( 'NONE',  ( -1.000000000000000000, 0.000000000000000000, -0.000000000000000000 ) ) ;
#249 = ORIENTED_EDGE ( 'NONE', *, *, #914, .T. ) ;
#250 = ORIENTED_EDGE ( 'NONE', *, *, #1366, .T. ) ;
#251 = AXIS2_PLACEMENT_3D ( 'NONE', #532, #27, #933 ) ;
#252 = ORIENTED_EDGE ( 'NONE', *, *, #1532, .T. ) ;
#253 = CARTESIAN_POINT ( 'NONE',  ( 20.00000000000000355, 31.72144385112380505, 10.00000000000000000 ) ) ;
#254 = CARTESIAN_POINT ( 'NONE',  ( 20.00000000000000355, 67.50000000000000000, 10.00000000000000000 ) ) ;
#255 = DIRECTION ( 'NONE',  ( 1.000000000000000000, 0.000000000000000000, -0.000000000000000000 ) ) ;
#256 = ADVANCED_FACE ( 'NONE', ( #1667 ), #1022, .F. ) ;
#257 = ORIENTED_EDGE ( 'NONE', *, *, #1547, .T. ) ;
#258 = VERTEX_POINT ( 'NONE', #1561 ) ;
#259 = ORIENTED_EDGE ( 'NONE', *, *, #1164, .F. ) ;
#260 = CARTESIAN_POINT ( 'NONE',  ( 30.00000000000000711, 68.50000000000000000, 0.000000000000000000 ) ) ;
#261 = DIRECTION ( 'NONE',  ( -0.000000000000000000, -0.000000000000000000, -1.000000000000000000 ) ) ;
#262 = CARTESIAN_POINT ( 'NONE',  ( 15.75000000000000000, 0.000000000000000000, 0.000000000000000000 ) ) ;
#263 = CARTESIAN_POINT ( 'NONE',  ( 85.00000000000000000, 57.28219618694800630, 10.00000000000000000 ) ) ;
#264 = EDGE_CURVE ( 'NONE', #1663, #294, #56, .T. ) ;
#265 = ORIENTED_EDGE ( 'NONE', *, *, #1578, .T. ) ;
#266 = AXIS2_PLACEMENT_3D ( 'NONE', #561, #837, #1335 ) ;
#267 = ORIENTED_EDGE ( 'NONE', *, *, #1323, .T. ) ;
#268 = VECTOR ( 'NONE', #1244, 1000.000000000000000 ) ;
#269 = ADVANCED_BREP_SHAPE_REPRESENTATION ( 'Support-camera-d455', ( #446, #1153 ), #1354 ) ;
#270 = CYLINDRICAL_SURFACE ( 'NONE', #221, 3.300000000000000711 ) ;
#271 = AXIS2_PLACEMENT_3D ( 'NONE', #875, #77, #838 ) ;
#272 = DIRECTION ( 'NONE',  ( 1.000000000000000000, 0.000000000000000000, 0.000000000000000000 ) ) ;
#273 = VERTEX_POINT ( 'NONE', #780 ) ;
#274 = ORIENTED_EDGE ( 'NONE', *, *, #1602, .F. ) ;
#275 = AXIS2_PLACEMENT_3D ( 'NONE', #651, #919, #1032 ) ;
#276 = ORIENTED_EDGE ( 'NONE', *, *, #246, .F. ) ;
#277 = EDGE_CURVE ( 'NONE', #1063, #1317, #886, .T. ) ;
#278 = CYLINDRICAL_SURFACE ( 'NONE', #865, 2.250000000000001776 ) ;
#279 = DIRECTION ( 'NONE',  ( 0.000000000000000000, -6.938893903907228378E-15, -1.000000000000000000 ) ) ;
#280 = ORIENTED_EDGE ( 'NONE', *, *, #1239, .F. ) ;
#281 = CARTESIAN_POINT ( 'NONE',  ( 0.000000000000000000, 0.000000000000000000, 0.000000000000000000 ) ) ;
#282 = EDGE_CURVE ( 'NONE', #1379, #465, #1423, .T. ) ;
#283 = CARTESIAN_POINT ( 'NONE',  ( -1.954027186632642188, 64.32842712474619873, 10.00000000000000000 ) ) ;
#284 = CARTESIAN_POINT ( 'NONE',  ( 1.732050807568874751, 65.50000000000000000, 12.00000000000000000 ) ) ;
#285 = ORIENTED_EDGE ( 'NONE', *, *, #1323, .F. ) ;
#286 = ORIENTED_EDGE ( 'NONE', *, *, #1453, .F. ) ;
#287 = VECTOR ( 'NONE', #1601, 1000.000000000000000 ) ;
#288 = CARTESIAN_POINT ( 'NONE',  ( -20.97766952966371790, -17.67766952966366034, 10.00000000000000000 ) ) ;
#289 = AXIS2_PLACEMENT_3D ( 'NONE', #634, #384, #343 ) ;
#290 = CARTESIAN_POINT ( 'NONE',  ( 14.37766952966359746, -17.67766952966377403, 10.00000000000000000 ) ) ;
#291 = VECTOR ( 'NONE', #476, 1000.000000000000000 ) ;
#292 = CARTESIAN_POINT ( 'NONE',  ( 62.00000000000000000, 78.50000000000000000, 0.000000000000000000 ) ) ;
#293 = PERSON_AND_ORGANIZATION_ROLE ( 'design_owner' ) ;
#294 = VERTEX_POINT ( 'NONE', #927 ) ;
#295 = EDGE_CURVE ( 'NONE', #495, #783, #179, .T. ) ;
#296 = VERTEX_POINT ( 'NONE', #1074 ) ;
#297 = LINE ( 'NONE', #169, #155 ) ;
#298 = CARTESIAN_POINT ( 'NONE',  ( 20.97766952966371790, 17.67766952966366034, 0.000000000000000000 ) ) ;
#299 = AXIS2_PLACEMENT_3D ( 'NONE', #805, #1314, #463 ) ;
#300 = CARTESIAN_POINT ( 'NONE',  ( -1.732050807568862760, 63.50000000000000000, 10.82842712474618985 ) ) ;
#301 = CIRCLE ( 'NONE', #3, 2.250000000000001776 ) ;
#302 = CARTESIAN_POINT ( 'NONE',  ( -20.97766952966359000, 17.67766952966378113, 10.00000000000000000 ) ) ;
#303 = FACE_OUTER_BOUND ( 'NONE', #33, .T. ) ;
#304 = VERTEX_POINT ( 'NONE', #682 ) ;
#305 = EDGE_CURVE ( 'NONE', #1535, #379, #693, .T. ) ;
#306 = DIRECTION ( 'NONE',  ( -0.000000000000000000, -0.000000000000000000, 1.000000000000000000 ) ) ;
#307 = EDGE_LOOP ( 'NONE', ( #341, #1421, #1430, #109 ) ) ;
#308 = CARTESIAN_POINT ( 'NONE',  ( 2.535898384862248278, 62.50000000000000000, 12.00000000000000000 ) ) ;
#309 = CARTESIAN_POINT ( 'NONE',  ( 62.00000000000000000, 78.50000000000000000, 0.000000000000000000 ) ) ;
#310 = CARTESIAN_POINT ( 'NONE',  ( 20.00000000000000355, 62.50000000000000000, 12.00000000000000000 ) ) ;
#311 = COORDINATED_UNIVERSAL_TIME_OFFSET ( 1, 0, .AHEAD. ) ;
#312 = FACE_OUTER_BOUND ( 'NONE', #1046, .T. ) ;
#313 = CARTESIAN_POINT ( 'NONE',  ( -84.99999999999998579, 57.28219618694802762, 0.000000000000000000 ) ) ;
#314 = ADVANCED_FACE ( 'NONE', ( #778 ), #1431, .F. ) ;
#315 = DIRECTION ( 'NONE',  ( 1.000000000000000000, 0.000000000000000000, 0.000000000000000000 ) ) ;
#316 = EDGE_CURVE ( 'NONE', #196, #1232, #523, .T. ) ;
#317 = ORIENTED_EDGE ( 'NONE', *, *, #1101, .F. ) ;
#318 = LINE ( 'NONE', #1371, #1377 ) ;
#319 = AXIS2_PLACEMENT_3D ( 'NONE', #1482, #154, #315 ) ;
#320 = LINE ( 'NONE', #686, #544 ) ;
#321 = AXIS2_PLACEMENT_3D ( 'NONE', #1012, #228, #740 ) ;
#322 = AXIS2_PLACEMENT_3D ( 'NONE', #214, #497, #601 ) ;
#323 = CIRCLE ( 'NONE', #185, 3.300000000000000711 ) ;
#324 = EDGE_LOOP ( 'NONE', ( #7, #147, #1055, #1670 ) ) ;
#325 = APPROVAL_PERSON_ORGANIZATION ( #1148, #1343, #217 ) ;
#326 = PLANE ( 'NONE',  #863 ) ;
#327 = ADVANCED_FACE ( 'NONE', ( #660 ), #525, .F. ) ;
#328 = CARTESIAN_POINT ( 'NONE',  ( 2.535898384862248278, 60.50000000000000000, 10.00000000000000000 ) ) ;
#329 = CIRCLE ( 'NONE', #110, 10.00000000000000178 ) ;
#330 = AXIS2_PLACEMENT_3D ( 'NONE', #132, #1040, #1568 ) ;
#331 = CARTESIAN_POINT ( 'NONE',  ( 17.67766952966359639, -17.67766952966377403, 10.00000000000000000 ) ) ;
#332 = DIRECTION ( 'NONE',  ( 1.000000000000000000, 0.000000000000000000, 0.000000000000000000 ) ) ;
#333 = ORIENTED_EDGE ( 'NONE', *, *, #992, .F. ) ;
#334 = ORIENTED_EDGE ( 'NONE', *, *, #1307, .T. ) ;
#335 = CARTESIAN_POINT ( 'NONE',  ( 20.00000000000000355, 68.50000000000000000, 10.00000000000000000 ) ) ;
#336 = CARTESIAN_POINT ( 'NONE',  ( -20.97766952966371790, -17.67766952966366034, 10.00000000000000000 ) ) ;
#337 = CARTESIAN_POINT ( 'NONE',  ( -0.9282032302755092168, 60.50000000000000000, 12.00000000000000000 ) ) ;
#338 = ADVANCED_FACE ( 'NONE', ( #1096 ), #1326, .F. ) ;
#339 = PERSON_AND_ORGANIZATION ( #574, #974 ) ;
#340 = DIRECTION ( 'NONE',  ( 1.000000000000000000, 0.000000000000000000, 0.000000000000000000 ) ) ;
#341 = ORIENTED_EDGE ( 'NONE', *, *, #34, .F. ) ;
#342 = ORIENTED_EDGE ( 'NONE', *, *, #1006, .T. ) ;
#343 = DIRECTION ( 'NONE',  ( -1.000000000000000000, 0.000000000000000000, 0.000000000000000000 ) ) ;
#344 = DIRECTION ( 'NONE',  ( 0.000000000000000000, -0.000000000000000000, -1.000000000000000000 ) ) ;
#345 = DIRECTION ( 'NONE',  ( 0.000000000000000000, 0.000000000000000000, 1.000000000000000000 ) ) ;
#346 = VECTOR ( 'NONE', #1564, 1000.000000000000000 ) ;
#347 = FACE_BOUND ( 'NONE', #188, .T. ) ;
#348 = VECTOR ( 'NONE', #406, 1000.000000000000000 ) ;
#349 = ADVANCED_FACE ( 'NONE', ( #1316 ), #815, .F. ) ;
#350 = ORIENTED_EDGE ( 'NONE', *, *, #400, .T. ) ;
#351 = CIRCLE ( 'NONE', #72, 37.50000000000000711 ) ;
#352 = ORIENTED_EDGE ( 'NONE', *, *, #73, .T. ) ;
#353 = ORIENTED_EDGE ( 'NONE', *, *, #1425, .T. ) ;
#354 = DIRECTION ( 'NONE',  ( 0.000000000000000000, 0.000000000000000000, -1.000000000000000000 ) ) ;
#355 = CARTESIAN_POINT ( 'NONE',  ( -61.99166435056494606, 93.00000000000000000, 10.00000000000000000 ) ) ;
#356 = DIRECTION ( 'NONE',  ( 1.000000000000000000, 0.000000000000000000, 0.000000000000000000 ) ) ;
#357 = CARTESIAN_POINT ( 'NONE',  ( -1.732050807568870532, 63.50000000000000000, 12.00000000000000000 ) ) ;
#358 = DIRECTION ( 'NONE',  ( 0.000000000000000000, 0.000000000000000000, -1.000000000000000000 ) ) ;
#359 = AXIS2_PLACEMENT_3D ( 'NONE', #55, #194, #975 ) ;
#360 = ORIENTED_EDGE ( 'NONE', *, *, #599, .F. ) ;
#361 = EDGE_CURVE ( 'NONE', #26, #1156, #165, .T. ) ;
#362 = ORIENTED_EDGE ( 'NONE', *, *, #73, .F. ) ;
#363 = UNCERTAINTY_MEASURE_WITH_UNIT (LENGTH_MEASURE( 1.000000000000000082E-05 ), #443, 'distance_accuracy_value', 'NONE');
#364 = ORIENTED_EDGE ( 'NONE', *, *, #1596, .T. ) ;
#365 = DIRECTION ( 'NONE',  ( 0.000000000000000000, 0.000000000000000000, 1.000000000000000000 ) ) ;
#366 = DIRECTION ( 'NONE',  ( -0.000000000000000000, -0.000000000000000000, 1.000000000000000000 ) ) ;
#367 = LINE ( 'NONE', #614, #1412 ) ;
#368 = DIRECTION ( 'NONE',  ( -0.000000000000000000, -0.000000000000000000, 1.000000000000000000 ) ) ;
#369 =( BOUNDED_CURVE ( )  B_SPLINE_CURVE ( 3, ( #115, #862, #1666, #1258 ),
 .UNSPECIFIED., .F., .T. ) 
 B_SPLINE_CURVE_WITH_KNOTS ( ( 4, 4 ),
 ( 1.570796326794896558, 3.141592653589793116 ),
 .UNSPECIFIED. ) 
 CURVE ( )  GEOMETRIC_REPRESENTATION_ITEM ( )  RATIONAL_B_SPLINE_CURVE ( ( 1.000000000000000000, 0.8047378541243649375, 0.8047378541243649375, 1.000000000000000000 ) ) 
 REPRESENTATION_ITEM ( '' )  );
#370 = ORIENTED_EDGE ( 'NONE', *, *, #638, .T. ) ;
#371 = ORIENTED_EDGE ( 'NONE', *, *, #1195, .F. ) ;
#372 = ADVANCED_FACE ( 'NONE', ( #957 ), #163, .T. ) ;
#373 = ORIENTED_EDGE ( 'NONE', *, *, #129, .F. ) ;
#374 = LINE ( 'NONE', #244, #1351 ) ;
#375 = EDGE_CURVE ( 'NONE', #511, #597, #301, .T. ) ;
#376 = CARTESIAN_POINT ( 'NONE',  ( 0.000000000000000000, 0.000000000000000000, 10.00000000000000000 ) ) ;
#377 = FACE_BOUND ( 'NONE', #947, .T. ) ;
#378 = AXIS2_PLACEMENT_3D ( 'NONE', #880, #1650, #1394 ) ;
#379 = VERTEX_POINT ( 'NONE', #964 ) ;
#380 = AXIS2_PLACEMENT_3D ( 'NONE', #1549, #354, #1029 ) ;
#381 = ORIENTED_EDGE ( 'NONE', *, *, #803, .T. ) ;
#382 = VECTOR ( 'NONE', #387, 1000.000000000000000 ) ;
#383 = ORIENTED_EDGE ( 'NONE', *, *, #1269, .F. ) ;
#384 = DIRECTION ( 'NONE',  ( -0.000000000000000000, -0.000000000000000000, 1.000000000000000000 ) ) ;
#385 = LOCAL_TIME ( 19, 26, 22.00000000000000000, #1621 ) ;
#386 = EDGE_CURVE ( 'NONE', #1019, #882, #143, .T. ) ;
#387 = DIRECTION ( 'NONE',  ( 1.000000000000000000, -0.000000000000000000, 0.000000000000000000 ) ) ;
#388 = CARTESIAN_POINT ( 'NONE',  ( -2.267949192431108152, 65.50000000000000000, 10.00000000000000000 ) ) ;
#389 = ORIENTED_EDGE ( 'NONE', *, *, #1294, .F. ) ;
#390 = ORIENTED_EDGE ( 'NONE', *, *, #1646, .T. ) ;
#391 = ORIENTED_EDGE ( 'NONE', *, *, #1578, .F. ) ;
#392 = LINE ( 'NONE', #1033, #382 ) ;
#393 = EDGE_CURVE ( 'NONE', #296, #872, #297, .T. ) ;
#394 = DIRECTION ( 'NONE',  ( 0.4999999999999996669, -0.8660254037844388186, 0.000000000000000000 ) ) ;
#395 = ORIENTED_EDGE ( 'NONE', *, *, #246, .T. ) ;
#396 = EDGE_LOOP ( 'NONE', ( #1420, #1187 ) ) ;
#397 = CYLINDRICAL_SURFACE ( 'NONE', #275, 15.75000000000000000 ) ;
#398 = CARTESIAN_POINT ( 'NONE',  ( -47.00000000000000000, 93.50000000000000000, 0.000000000000000000 ) ) ;
#399 = CARTESIAN_POINT ( 'NONE',  ( -14.37766952966371470, -17.67766952966366034, 10.00000000000000000 ) ) ;
#400 = EDGE_CURVE ( 'NONE', #1515, #1047, #1207, .T. ) ;
#401 = VERTEX_POINT ( 'NONE', #948 ) ;
#402 = VECTOR ( 'NONE', #584, 1000.000000000000000 ) ;
#403 = CIRCLE ( 'NONE', #133, 3.300000000000000711 ) ;
#404 = AXIS2_PLACEMENT_3D ( 'NONE', #93, #1540, #344 ) ;
#405 = PRODUCT_DEFINITION_FORMATION_WITH_SPECIFIED_SOURCE ( 'ANY', '', #1220, .NOT_KNOWN. ) ;
#406 = DIRECTION ( 'NONE',  ( -0.000000000000000000, -0.000000000000000000, -1.000000000000000000 ) ) ;
#407 = DIRECTION ( 'NONE',  ( -1.000000000000000000, 0.000000000000000000, 0.000000000000000000 ) ) ;
#408 = ORIENTED_EDGE ( 'NONE', *, *, #668, .F. ) ;
#409 = EDGE_CURVE ( 'NONE', #1315, #587, #1320, .T. ) ;
#410 = ORIENTED_EDGE ( 'NONE', *, *, #648, .T. ) ;
#411 = CARTESIAN_POINT ( 'NONE',  ( -19.99999999999999645, 31.72144385112381215, 0.000000000000000000 ) ) ;
#412 = LINE ( 'NONE', #1190, #604 ) ;
#413 = EDGE_LOOP ( 'NONE', ( #691, #939, #364, #250, #162, #1143, #1038, #204 ) ) ;
#414 = CARTESIAN_POINT ( 'NONE',  ( 20.00000000000000355, 60.50000000000000000, 12.00000000000000000 ) ) ;
#415 = EDGE_CURVE ( 'NONE', #1287, #474, #1465, .T. ) ;
#416 = DIRECTION ( 'NONE',  ( -0.000000000000000000, -0.000000000000000000, 1.000000000000000000 ) ) ;
#417 = DIRECTION ( 'NONE',  ( -0.000000000000000000, -0.000000000000000000, 1.000000000000000000 ) ) ;
#418 = ORIENTED_EDGE ( 'NONE', *, *, #810, .T. ) ;
#419 = ORIENTED_EDGE ( 'NONE', *, *, #828, .T. ) ;
#420 = CARTESIAN_POINT ( 'NONE',  ( -84.99999999999998579, 57.28219618694802762, 10.00000000000000000 ) ) ;
#421 = CIRCLE ( 'NONE', #538, 15.00000000000000000 ) ;
#422 = DIRECTION ( 'NONE',  ( 1.000000000000000000, 0.000000000000000000, 0.000000000000000000 ) ) ;
#423 = CIRCLE ( 'NONE', #289, 15.00000000000000000 ) ;
#424 = FACE_OUTER_BOUND ( 'NONE', #608, .T. ) ;
#425 = AXIS2_PLACEMENT_3D ( 'NONE', #460, #1245, #603 ) ;
#426 = EDGE_CURVE ( 'NONE', #1141, #75, #1523, .T. ) ;
#427 = PERSON_AND_ORGANIZATION ( #574, #974 ) ;
#428 = LOCAL_TIME ( 19, 26, 22.00000000000000000, #311 ) ;
#429 = FACE_OUTER_BOUND ( 'NONE', #1206, .T. ) ;
#430 = DIRECTION ( 'NONE',  ( 0.000000000000000000, 1.000000000000000000, 0.000000000000000000 ) ) ;
#431 = CARTESIAN_POINT ( 'NONE',  ( 45.25000000000000000, 93.00000000000000000, 0.000000000000000000 ) ) ;
#432 = CARTESIAN_POINT ( 'NONE',  ( 14.37766952966359746, -17.67766952966377403, 10.00000000000000000 ) ) ;
#433 = AXIS2_PLACEMENT_3D ( 'NONE', #1060, #676, #1598 ) ;
#434 = DIRECTION ( 'NONE',  ( 0.000000000000000000, -0.000000000000000000, 1.000000000000000000 ) ) ;
#435 = LINE ( 'NONE', #820, #213 ) ;
#436 = ADVANCED_FACE ( 'NONE', ( #741, #868, #1254, #1405, #908, #88, #1284, #995 ), #108, .F. ) ;
#437 = ADVANCED_FACE ( 'NONE', ( #1417, #1035 ), #1426, .T. ) ;
#438 = DIRECTION ( 'NONE',  ( -1.000000000000000000, 0.000000000000000000, 0.000000000000000000 ) ) ;
#439 = VERTEX_POINT ( 'NONE', #782 ) ;
#440 = DIRECTION ( 'NONE',  ( 1.000000000000000000, 0.000000000000000000, 0.000000000000000000 ) ) ;
#441 = LINE ( 'NONE', #309, #1198 ) ;
#442 = PLANE ( 'NONE',  #593 ) ;
#443 =( LENGTH_UNIT ( ) NAMED_UNIT ( * ) SI_UNIT ( .MILLI., .METRE. ) );
#444 = EDGE_CURVE ( 'NONE', #294, #639, #117, .T. ) ;
#445 = ADVANCED_FACE ( 'NONE', ( #347, #96, #1291, #645, #377, #237 ), #888, .T. ) ;
#446 = MANIFOLD_SOLID_BREP ( 'Cong\X2\00e9\X0\4', #113 ) ;
#447 = ORIENTED_EDGE ( 'NONE', *, *, #1225, .T. ) ;
#448 = FACE_OUTER_BOUND ( 'NONE', #148, .T. ) ;
#449 = AXIS2_PLACEMENT_3D ( 'NONE', #637, #1161, #1552 ) ;
#450 = DIRECTION ( 'NONE',  ( -0.000000000000000000, -0.000000000000000000, 1.000000000000000000 ) ) ;
#451 = CIRCLE ( 'NONE', #1086, 15.00000000000000000 ) ;
#452 = DATE_TIME_ROLE ( 'classification_date' ) ;
#453 = CIRCLE ( 'NONE', #212, 3.300000000000000711 ) ;
#454 = CARTESIAN_POINT ( 'NONE',  ( 47.50000000000000000, 93.00000000000000000, 0.000000000000000000 ) ) ;
#455 = DIRECTION ( 'NONE',  ( -0.8660254037844387076, -0.5000000000000001110, -0.000000000000000000 ) ) ;
#456 = ORIENTED_EDGE ( 'NONE', *, *, #469, .F. ) ;
#457 = ORIENTED_EDGE ( 'NONE', *, *, #34, .T. ) ;
#458 = EDGE_CURVE ( 'NONE', #912, #1599, #835, .T. ) ;
#459 = FACE_OUTER_BOUND ( 'NONE', #413, .T. ) ;
#460 = CARTESIAN_POINT ( 'NONE',  ( -47.50000000000000000, 93.00000000000000000, 10.00000000000000000 ) ) ;
#461 = APPROVAL_STATUS ( 'not_yet_approved' ) ;
#462 = VECTOR ( 'NONE', #673, 999.9999999999998863 ) ;
#463 = DIRECTION ( 'NONE',  ( 1.000000000000000000, 0.000000000000000000, 0.000000000000000000 ) ) ;
#464 = CARTESIAN_POINT ( 'NONE',  ( -47.50000000000000000, 93.00000000000000000, 0.000000000000000000 ) ) ;
#465 = VERTEX_POINT ( 'NONE', #1152 ) ;
#466 = ORIENTED_EDGE ( 'NONE', *, *, #759, .T. ) ;
#467 = DIRECTION ( 'NONE',  ( -0.000000000000000000, -0.000000000000000000, -1.000000000000000000 ) ) ;
#468 = DIRECTION ( 'NONE',  ( -1.000000000000000000, -0.000000000000000000, -0.000000000000000000 ) ) ;
#469 = EDGE_CURVE ( 'NONE', #734, #81, #1669, .T. ) ;
#470 = DATE_TIME_ROLE ( 'creation_date' ) ;
#471 = CARTESIAN_POINT ( 'NONE',  ( -47.50000000000000000, 93.00000000000000000, 10.00000000000000000 ) ) ;
#472 = DIRECTION ( 'NONE',  ( 1.000000000000000000, 0.000000000000000000, 0.000000000000000000 ) ) ;
#473 = ORIENTED_EDGE ( 'NONE', *, *, #697, .F. ) ;
#474 = VERTEX_POINT ( 'NONE', #1131 ) ;
#475 = CYLINDRICAL_SURFACE ( 'NONE', #101, 15.00000000000000000 ) ;
#476 = DIRECTION ( 'NONE',  ( -0.000000000000000000, -0.000000000000000000, 1.000000000000000000 ) ) ;
#477 = FACE_OUTER_BOUND ( 'NONE', #1180, .T. ) ;
#478 = LINE ( 'NONE', #879, #1467 ) ;
#479 = EDGE_CURVE ( 'NONE', #1232, #1567, #1641, .T. ) ;
#480 = VECTOR ( 'NONE', #472, 1000.000000000000000 ) ;
#481 = DIRECTION ( 'NONE',  ( 0.000000000000000000, 0.000000000000000000, 1.000000000000000000 ) ) ;
#482 = AXIS2_PLACEMENT_3D ( 'NONE', #989, #998, #1516 ) ;
#483 = ORIENTED_EDGE ( 'NONE', *, *, #983, .F. ) ;
#484 = VECTOR ( 'NONE', #19, 1000.000000000000000 ) ;
#485 = ORIENTED_EDGE ( 'NONE', *, *, #914, .F. ) ;
#486 = ORIENTED_EDGE ( 'NONE', *, *, #361, .T. ) ;
#487 = DIRECTION ( 'NONE',  ( 0.5000000000000014433, -0.8660254037844379305, 0.000000000000000000 ) ) ;
#488 = PERSON_AND_ORGANIZATION ( #574, #974 ) ;
#489 = DIRECTION ( 'NONE',  ( -0.000000000000000000, -0.000000000000000000, 1.000000000000000000 ) ) ;
#490 = LINE ( 'NONE', #229, #99 ) ;
#491 = PLANE ( 'NONE',  #946 ) ;
#492 = EDGE_CURVE ( 'NONE', #1047, #1154, #1676, .T. ) ;
#493 = EDGE_LOOP ( 'NONE', ( #1191, #1446, #1513, #371 ) ) ;
#494 = ADVANCED_FACE ( 'NONE', ( #247 ), #1385, .F. ) ;
#495 = VERTEX_POINT ( 'NONE', #388 ) ;
#496 = ORIENTED_EDGE ( 'NONE', *, *, #1041, .F. ) ;
#497 = DIRECTION ( 'NONE',  ( -0.000000000000000000, -0.000000000000000000, 1.000000000000000000 ) ) ;
#498 = DIRECTION ( 'NONE',  ( 1.000000000000000000, 0.000000000000000000, 0.000000000000000000 ) ) ;
#499 = CARTESIAN_POINT ( 'NONE',  ( 20.97766952966359710, -17.67766952966377403, 10.00000000000000000 ) ) ;
#500 = DIRECTION ( 'NONE',  ( 0.000000000000000000, 0.000000000000000000, 1.000000000000000000 ) ) ;
#501 = LINE ( 'NONE', #1170, #678 ) ;
#502 = ORIENTED_EDGE ( 'NONE', *, *, #1213, .T. ) ;
#503 = EDGE_LOOP ( 'NONE', ( #1636, #812, #1370, #39 ) ) ;
#504 = EDGE_CURVE ( 'NONE', #1154, #734, #490, .T. ) ;
#505 = VERTEX_POINT ( 'NONE', #773 ) ;
#506 = CARTESIAN_POINT ( 'NONE',  ( 0.000000000000000000, 0.000000000000000000, 10.00000000000000000 ) ) ;
#507 = FACE_OUTER_BOUND ( 'NONE', #1686, .T. ) ;
#508 = CYLINDRICAL_SURFACE ( 'NONE', #925, 3.300000000000000711 ) ;
#509 = CARTESIAN_POINT ( 'NONE',  ( -17.67766952966371719, -17.67766952966366034, 0.000000000000000000 ) ) ;
#510 = AXIS2_PLACEMENT_3D ( 'NONE', #535, #1057, #929 ) ;
#511 = VERTEX_POINT ( 'NONE', #1275 ) ;
#512 = AXIS2_PLACEMENT_3D ( 'NONE', #1261, #1648, #332 ) ;
#513 = ORIENTED_EDGE ( 'NONE', *, *, #1101, .T. ) ;
#514 = CIRCLE ( 'NONE', #658, 10.00000000000000178 ) ;
#515 = ORIENTED_EDGE ( 'NONE', *, *, #120, .T. ) ;
#516 = EDGE_CURVE ( 'NONE', #1172, #609, #1059, .T. ) ;
#517 = CC_DESIGN_DATE_AND_TIME_ASSIGNMENT ( #54, #470, ( #978 ) ) ;
#518 = CARTESIAN_POINT ( 'NONE',  ( 1.732050807568874751, 65.50000000000000000, 20.00000000000000000 ) ) ;
#519 = FACE_OUTER_BOUND ( 'NONE', #917, .T. ) ;
#520 = EDGE_LOOP ( 'NONE', ( #732, #1304, #596, #996 ) ) ;
#521 = VECTOR ( 'NONE', #68, 1000.000000000000000 ) ;
#522 = ORIENTED_EDGE ( 'NONE', *, *, #1341, .T. ) ;
#523 = CIRCLE ( 'NONE', #330, 65.00000000000000000 ) ;
#524 = ORIENTED_EDGE ( 'NONE', *, *, #968, .T. ) ;
#525 = CYLINDRICAL_SURFACE ( 'NONE', #909, 10.00000000000000178 ) ;
#526 = FACE_OUTER_BOUND ( 'NONE', #1027, .T. ) ;
#527 = DIRECTION ( 'NONE',  ( -0.000000000000000000, -0.000000000000000000, 1.000000000000000000 ) ) ;
#528 = EDGE_CURVE ( 'NONE', #756, #304, #899, .T. ) ;
#529 = DIRECTION ( 'NONE',  ( 1.000000000000000000, -0.000000000000000000, -0.000000000000000000 ) ) ;
#530 = ORIENTED_EDGE ( 'NONE', *, *, #1332, .F. ) ;
#531 = ORIENTED_EDGE ( 'NONE', *, *, #1053, .T. ) ;
#532 = CARTESIAN_POINT ( 'NONE',  ( 17.67766952966359639, -17.67766952966377403, 0.000000000000000000 ) ) ;
#533 = DIRECTION ( 'NONE',  ( -1.000000000000000000, 0.000000000000000000, 0.000000000000000000 ) ) ;
#534 = CARTESIAN_POINT ( 'NONE',  ( -20.97766952966371790, -17.67766952966366034, 0.000000000000000000 ) ) ;
#535 = CARTESIAN_POINT ( 'NONE',  ( -19.99999999999999645, 58.50000000000000000, 12.00000000000000000 ) ) ;
#536 = EDGE_CURVE ( 'NONE', #1437, #1311, #653, .T. ) ;
#537 = LINE ( 'NONE', #1459, #1569 ) ;
#538 = AXIS2_PLACEMENT_3D ( 'NONE', #1490, #712, #980 ) ;
#539 = ORIENTED_EDGE ( 'NONE', *, *, #295, .T. ) ;
#540 = VECTOR ( 'NONE', #1384, 1000.000000000000000 ) ;
#541 = AXIS2_PLACEMENT_3D ( 'NONE', #1517, #216, #1260 ) ;
#542 = VERTEX_POINT ( 'NONE', #1050 ) ;
#543 =( BOUNDED_CURVE ( )  B_SPLINE_CURVE ( 3, ( #180, #283, #300, #1319 ),
 .UNSPECIFIED., .F., .T. ) 
 B_SPLINE_CURVE_WITH_KNOTS ( ( 4, 4 ),
 ( 1.570796326794896558, 3.141592653589793116 ),
 .UNSPECIFIED. ) 
 CURVE ( )  GEOMETRIC_REPRESENTATION_ITEM ( )  RATIONAL_B_SPLINE_CURVE ( ( 1.000000000000000000, 0.8047378541243649375, 0.8047378541243649375, 1.000000000000000000 ) ) 
 REPRESENTATION_ITEM ( '' )  );
#544 = VECTOR ( 'NONE', #157, 1000.000000000000000 ) ;
#545 = DIRECTION ( 'NONE',  ( -0.000000000000000000, -1.000000000000000000, -0.000000000000000000 ) ) ;
#546 = CIRCLE ( 'NONE', #271, 15.75000000000000000 ) ;
#547 = CARTESIAN_POINT ( 'NONE',  ( -19.99999999999999645, 63.50000000000000000, 12.00000000000000000 ) ) ;
#548 = CARTESIAN_POINT ( 'NONE',  ( -15.75000000000000000, 1.928818708657081344E-15, 10.00000000000000000 ) ) ;
#549 = ORIENTED_EDGE ( 'NONE', *, *, #444, .F. ) ;
#550 = CARTESIAN_POINT ( 'NONE',  ( -47.50000000000000000, 93.00000000000000000, 0.000000000000000000 ) ) ;
#551 = EDGE_CURVE ( 'NONE', #1133, #140, #1409, .T. ) ;
#552 = AXIS2_PLACEMENT_3D ( 'NONE', #420, #1471, #438 ) ;
#553 = FACE_OUTER_BOUND ( 'NONE', #1017, .T. ) ;
#554 = CARTESIAN_POINT ( 'NONE',  ( 0.7320508075688708649, 67.23205080756886787, 10.00000000000000000 ) ) ;
#555 = LINE ( 'NONE', #1203, #484 ) ;
#556 = DIRECTION ( 'NONE',  ( -0.8660254037844385966, -0.5000000000000000000, 0.000000000000000000 ) ) ;
#557 = VERTEX_POINT ( 'NONE', #21 ) ;
#558 = EDGE_LOOP ( 'NONE', ( #1028, #565, #1624, #971, #350, #1470, #176, #32 ) ) ;
#559 = CARTESIAN_POINT ( 'NONE',  ( 17.67766952966371719, 17.67766952966366034, 10.00000000000000000 ) ) ;
#560 = EDGE_CURVE ( 'NONE', #1264, #495, #1276, .T. ) ;
#561 = CARTESIAN_POINT ( 'NONE',  ( 47.50000000000000000, 93.00000000000000000, 10.00000000000000000 ) ) ;
#562 = DIRECTION ( 'NONE',  ( -1.000000000000000000, -0.000000000000000000, -0.000000000000000000 ) ) ;
#563 = DIRECTION ( 'NONE',  ( -0.5000000000000001110, 0.8660254037844387076, 0.000000000000000000 ) ) ;
#564 = CARTESIAN_POINT ( 'NONE',  ( -19.99999999999999645, 57.28219618694802762, 10.00000000000000000 ) ) ;
#565 = ORIENTED_EDGE ( 'NONE', *, *, #1375, .T. ) ;
#566 = VECTOR ( 'NONE', #1451, 1000.000000000000000 ) ;
#567 = LINE ( 'NONE', #1209, #402 ) ;
#568 = EDGE_CURVE ( 'NONE', #1663, #1360, #501, .T. ) ;
#569 = CARTESIAN_POINT ( 'NONE',  ( 31.09756097560976329, 20.95690104400537024, 10.00000000000000000 ) ) ;
#570 = VECTOR ( 'NONE', #770, 1000.000000000000000 ) ;
#571 = CC_DESIGN_PERSON_AND_ORGANIZATION_ASSIGNMENT ( #227, #728, ( #24 ) ) ;
#572 = DIRECTION ( 'NONE',  ( -0.000000000000000000, -0.000000000000000000, 1.000000000000000000 ) ) ;
#573 = DIRECTION ( 'NONE',  ( 0.000000000000000000, 0.000000000000000000, 1.000000000000000000 ) ) ;
#574 = PERSON ( 'UNSPECIFIED', 'UNSPECIFIED', 'UNSPECIFIED', ('UNSPECIFIED'), ('UNSPECIFIED'), ('UNSPECIFIED') ) ;
#575 = APPLICATION_CONTEXT ( 'configuration controlled 3d designs of mechanical parts and assemblies' ) ;
#576 = CARTESIAN_POINT ( 'NONE',  ( 47.50000000000000000, 93.00000000000000000, 10.00000000000000000 ) ) ;
#577 = CIRCLE ( 'NONE', #738, 2.250000000000001776 ) ;
#578 = CARTESIAN_POINT ( 'NONE',  ( -19.99999999999999645, 57.28219618694802762, 0.000000000000000000 ) ) ;
#579 = AXIS2_PLACEMENT_3D ( 'NONE', #1176, #1684, #1298 ) ;
#580 = PERSON_AND_ORGANIZATION_ROLE ( 'creator' ) ;
#581 = FACE_OUTER_BOUND ( 'NONE', #1105, .T. ) ;
#582 = EDGE_CURVE ( 'NONE', #505, #776, #1241, .T. ) ;
#583 = VERTEX_POINT ( 'NONE', #288 ) ;
#584 = DIRECTION ( 'NONE',  ( -0.000000000000000000, 0.000000000000000000, 1.000000000000000000 ) ) ;
#585 = CARTESIAN_POINT ( 'NONE',  ( 20.00000000000000355, 57.28219618694800630, 10.00000000000000000 ) ) ;
#586 = EDGE_CURVE ( 'NONE', #26, #1103, #1406, .T. ) ;
#587 = VERTEX_POINT ( 'NONE', #1553 ) ;
#588 = EDGE_LOOP ( 'NONE', ( #1192, #1295, #722, #1390, #138, #252, #806, #852, #716, #1333, #785, #940, #845, #13, #1678, #1349 ) ) ;
#589 = DIRECTION ( 'NONE',  ( -0.000000000000000000, -0.000000000000000000, 1.000000000000000000 ) ) ;
#590 = CIRCLE ( 'NONE', #1555, 15.00000000000000000 ) ;
#591 = DIRECTION ( 'NONE',  ( -0.000000000000000000, -0.000000000000000000, -1.000000000000000000 ) ) ;
#592 = AXIS2_PLACEMENT_3D ( 'NONE', #689, #430, #955 ) ;
#593 = AXIS2_PLACEMENT_3D ( 'NONE', #705, #966, #1065 ) ;
#594 = DIRECTION ( 'NONE',  ( 1.000000000000000000, 0.000000000000000000, 0.000000000000000000 ) ) ;
#595 = CARTESIAN_POINT ( 'NONE',  ( 47.00000000000000000, 92.50000000000001421, 0.000000000000000000 ) ) ;
#596 = ORIENTED_EDGE ( 'NONE', *, *, #1397, .F. ) ;
#597 = VERTEX_POINT ( 'NONE', #126 ) ;
#598 = EDGE_LOOP ( 'NONE', ( #1263, #1635, #1054, #696, #127, #249, #112, #1340 ) ) ;
#599 = EDGE_CURVE ( 'NONE', #882, #1019, #1113, .T. ) ;
#600 = VERTEX_POINT ( 'NONE', #900 ) ;
#601 = DIRECTION ( 'NONE',  ( 1.000000000000000000, 0.000000000000000000, 0.000000000000000000 ) ) ;
#602 = CARTESIAN_POINT ( 'NONE',  ( 20.97766952966359710, -17.67766952966377403, 10.00000000000000000 ) ) ;
#603 = DIRECTION ( 'NONE',  ( 1.000000000000000000, 0.000000000000000000, 0.000000000000000000 ) ) ;
#604 = VECTOR ( 'NONE', #915, 1000.000000000000000 ) ;
#605 = PERSON_AND_ORGANIZATION ( #574, #974 ) ;
#606 = FACE_OUTER_BOUND ( 'NONE', #168, .T. ) ;
#607 = CARTESIAN_POINT ( 'NONE',  ( 47.50000000000000000, 93.00000000000000000, 10.00000000000000000 ) ) ;
#608 = EDGE_LOOP ( 'NONE', ( #784, #141, #1026, #1450 ) ) ;
#609 = VERTEX_POINT ( 'NONE', #1202 ) ;
#610 = ORIENTED_EDGE ( 'NONE', *, *, #1259, .F. ) ;
#611 = LINE ( 'NONE', #735, #268 ) ;
#612 = ADVANCED_FACE ( 'NONE', ( #553 ), #491, .F. ) ;
#613 = DIRECTION ( 'NONE',  ( -0.000000000000000000, -0.000000000000000000, -1.000000000000000000 ) ) ;
#614 = CARTESIAN_POINT ( 'NONE',  ( 20.00000000000000355, 107.5000000000000142, 10.00000000000000000 ) ) ;
#615 = DIRECTION ( 'NONE',  ( 1.000000000000000000, 0.000000000000000000, 0.000000000000000000 ) ) ;
#616 = ORIENTED_EDGE ( 'NONE', *, *, #1436, .T. ) ;
#617 = EDGE_LOOP ( 'NONE', ( #1438, #1460, #1078, #473 ) ) ;
#618 = ORIENTED_EDGE ( 'NONE', *, *, #1488, .T. ) ;
#619 = CARTESIAN_POINT ( 'NONE',  ( 1.196152422706636242, 67.50000000000000000, 10.00000000000000000 ) ) ;
#620 = DIRECTION ( 'NONE',  ( 0.000000000000000000, 0.000000000000000000, 1.000000000000000000 ) ) ;
#621 = LINE ( 'NONE', #66, #1178 ) ;
#622 = EDGE_CURVE ( 'NONE', #1305, #1379, #760, .T. ) ;
#623 = SECURITY_CLASSIFICATION_LEVEL ( 'unclassified' ) ;
#624 = DIRECTION ( 'NONE',  ( -0.000000000000000000, -0.000000000000000000, -1.000000000000000000 ) ) ;
#625 = AXIS2_PLACEMENT_3D ( 'NONE', #1380, #1411, #1674 ) ;
#626 = EDGE_CURVE ( 'NONE', #1279, #814, #941, .T. ) ;
#627 = CARTESIAN_POINT ( 'NONE',  ( -19.99999999999999645, 60.50000000000000000, 20.00000000000000000 ) ) ;
#628 = AXIS2_PLACEMENT_3D ( 'NONE', #887, #1633, #1393 ) ;
#629 = EDGE_LOOP ( 'NONE', ( #1673, #649 ) ) ;
#630 = CIRCLE ( 'NONE', #541, 2.000000000000000000 ) ;
#631 = VECTOR ( 'NONE', #173, 1000.000000000000000 ) ;
#632 = ORIENTED_EDGE ( 'NONE', *, *, #264, .T. ) ;
#633 = ORIENTED_EDGE ( 'NONE', *, *, #859, .T. ) ;
#634 = CARTESIAN_POINT ( 'NONE',  ( -47.00000000000000000, 93.50000000000000000, 10.00000000000000000 ) ) ;
#635 = CARTESIAN_POINT ( 'NONE',  ( 31.50000000000000000, 3.857637417314162689E-15, 16.80000000000000071 ) ) ;
#636 = CARTESIAN_POINT ( 'NONE',  ( 0.000000000000000000, 0.000000000000000000, 16.80000000000000071 ) ) ;
#637 = CARTESIAN_POINT ( 'NONE',  ( 0.000000000000000000, 0.000000000000000000, 16.80000000000000071 ) ) ;
#638 = EDGE_CURVE ( 'NONE', #401, #557, #1285, .T. ) ;
#639 = VERTEX_POINT ( 'NONE', #178 ) ;
#640 = CARTESIAN_POINT ( 'NONE',  ( 0.000000000000000000, 0.000000000000000000, 0.000000000000000000 ) ) ;
#641 = EDGE_LOOP ( 'NONE', ( #1106, #931, #1134, #775, #1293, #618, #1588, #515, #389, #352 ) ) ;
#642 = CARTESIAN_POINT ( 'NONE',  ( 20.00000000000000355, 65.50000000000000000, 12.00000000000000000 ) ) ;
#643 = DIRECTION ( 'NONE',  ( 1.000000000000000000, 0.000000000000000000, 0.000000000000000000 ) ) ;
#644 = FACE_OUTER_BOUND ( 'NONE', #1566, .T. ) ;
#645 = FACE_BOUND ( 'NONE', #1280, .T. ) ;
#646 = DIRECTION ( 'NONE',  ( 1.000000000000000000, -0.000000000000000000, -0.000000000000000000 ) ) ;
#647 = ORIENTED_EDGE ( 'NONE', *, *, #1589, .F. ) ;
#648 = EDGE_CURVE ( 'NONE', #474, #186, #590, .T. ) ;
#649 = ORIENTED_EDGE ( 'NONE', *, *, #661, .F. ) ;
#650 = EDGE_LOOP ( 'NONE', ( #664, #1507 ) ) ;
#651 = CARTESIAN_POINT ( 'NONE',  ( 0.000000000000000000, 0.000000000000000000, 0.000000000000000000 ) ) ;
#652 = DIRECTION ( 'NONE',  ( -0.8660254037844379305, -0.5000000000000014433, 0.000000000000000000 ) ) ;
#653 = LINE ( 'NONE', #292, #1031 ) ;
#654 = CARTESIAN_POINT ( 'NONE',  ( -17.67766952966358929, 17.67766952966378113, 0.000000000000000000 ) ) ;
#655 = DIRECTION ( 'NONE',  ( -0.8660254037844387076, -0.5000000000000001110, 0.000000000000000000 ) ) ;
#656 = AXIS2_PLACEMENT_3D ( 'NONE', #313, #1660, #236 ) ;
#657 = ORIENTED_EDGE ( 'NONE', *, *, #277, .T. ) ;
#658 = AXIS2_PLACEMENT_3D ( 'NONE', #260, #906, #1424 ) ;
#659 = ORIENTED_EDGE ( 'NONE', *, *, #120, .F. ) ;
#660 = FACE_OUTER_BOUND ( 'NONE', #1266, .T. ) ;
#661 = EDGE_CURVE ( 'NONE', #587, #1315, #17, .T. ) ;
#662 = CARTESIAN_POINT ( 'NONE',  ( -31.09756097560975263, 20.95690104400537734, 10.00000000000000000 ) ) ;
#663 = CARTESIAN_POINT ( 'NONE',  ( 15.75000000000000000, 0.000000000000000000, 0.000000000000000000 ) ) ;
#664 = ORIENTED_EDGE ( 'NONE', *, *, #828, .F. ) ;
#665 = EDGE_LOOP ( 'NONE', ( #1388, #408, #745, #1514 ) ) ;
#666 = EDGE_LOOP ( 'NONE', ( #286, #1171, #531, #1325 ) ) ;
#667 = ORIENTED_EDGE ( 'NONE', *, *, #1682, .F. ) ;
#668 = EDGE_CURVE ( 'NONE', #756, #1279, #702, .T. ) ;
#669 = FACE_OUTER_BOUND ( 'NONE', #84, .T. ) ;
#670 = DIRECTION ( 'NONE',  ( -0.000000000000000000, -0.000000000000000000, 1.000000000000000000 ) ) ;
#671 = CARTESIAN_POINT ( 'NONE',  ( 0.07179676972449079708, 58.76794919243111792, 12.00000000000000000 ) ) ;
#672 = ORIENTED_EDGE ( 'NONE', *, *, #393, .T. ) ;
#673 = DIRECTION ( 'NONE',  ( 0.8660254037844379305, 0.5000000000000014433, -0.000000000000000000 ) ) ;
#674 = CARTESIAN_POINT ( 'NONE',  ( -15.75000000000000000, 1.928818708657081344E-15, 0.000000000000000000 ) ) ;
#675 = ADVANCED_FACE ( 'NONE', ( #972 ), #326, .T. ) ;
#676 = DIRECTION ( 'NONE',  ( 0.000000000000000000, 0.000000000000000000, 1.000000000000000000 ) ) ;
#677 = EDGE_CURVE ( 'NONE', #196, #1133, #1484, .T. ) ;
#678 = VECTOR ( 'NONE', #1427, 1000.000000000000000 ) ;
#679 = ORIENTED_EDGE ( 'NONE', *, *, #1589, .T. ) ;
#680 = DIRECTION ( 'NONE',  ( -0.000000000000000000, -0.000000000000000000, 1.000000000000000000 ) ) ;
#681 = CIRCLE ( 'NONE', #512, 3.300000000000000711 ) ;
#682 = CARTESIAN_POINT ( 'NONE',  ( 20.97766952966371790, 17.67766952966366034, 10.00000000000000000 ) ) ;
#683 = VECTOR ( 'NONE', #1485, 1000.000000000000000 ) ;
#684 = ORIENTED_EDGE ( 'NONE', *, *, #295, .F. ) ;
#685 = CARTESIAN_POINT ( 'NONE',  ( 61.99166435056495317, 93.00000000000000000, 5.000000000000000000 ) ) ;
#686 = CARTESIAN_POINT ( 'NONE',  ( -19.99999999999999645, 63.50000000000000000, 20.00000000000000000 ) ) ;
#687 = CARTESIAN_POINT ( 'NONE',  ( -0.9282032302755092168, 60.50000000000000000, 20.00000000000000000 ) ) ;
#688 = ORIENTED_EDGE ( 'NONE', *, *, #721, .T. ) ;
#689 = CARTESIAN_POINT ( 'NONE',  ( 20.00000000000000355, 107.5000000000000142, 10.00000000000000000 ) ) ;
#690 = EDGE_CURVE ( 'NONE', #81, #296, #825, .T. ) ;
#691 = ORIENTED_EDGE ( 'NONE', *, *, #968, .F. ) ;
#692 = DIRECTION ( 'NONE',  ( 1.000000000000000000, -0.000000000000000000, 0.000000000000000000 ) ) ;
#693 = CIRCLE ( 'NONE', #251, 3.300000000000000711 ) ;
#694 = LINE ( 'NONE', #172, #1301 ) ;
#695 = CARTESIAN_POINT ( 'NONE',  ( -14.37766952966359035, 17.67766952966378113, 10.00000000000000000 ) ) ;
#696 = ORIENTED_EDGE ( 'NONE', *, *, #316, .T. ) ;
#697 = EDGE_CURVE ( 'NONE', #872, #1680, #1620, .T. ) ;
#698 = CC_DESIGN_PERSON_AND_ORGANIZATION_ASSIGNMENT ( #339, #1252, ( #405 ) ) ;
#699 = CARTESIAN_POINT ( 'NONE',  ( 0.000000000000000000, 0.000000000000000000, 10.00000000000000000 ) ) ;
#700 = PLANE ( 'NONE',  #1657 ) ;
#701 = DIRECTION ( 'NONE',  ( 0.000000000000000000, 1.000000000000000000, 0.000000000000000000 ) ) ;
#702 = CIRCLE ( 'NONE', #1265, 3.300000000000000711 ) ;
#703 = CARTESIAN_POINT ( 'NONE',  ( 2.535898384862248278, 62.50000000000000000, 20.00000000000000000 ) ) ;
#704 = ADVANCED_FACE ( 'NONE', ( #965 ), #1229, .T. ) ;
#705 = CARTESIAN_POINT ( 'NONE',  ( 0.000000000000000000, 0.000000000000000000, 20.00000000000000000 ) ) ;
#706 = AXIS2_PLACEMENT_3D ( 'NONE', #1299, #1290, #136 ) ;
#707 = VECTOR ( 'NONE', #999, 1000.000000000000000 ) ;
#708 = CYLINDRICAL_SURFACE ( 'NONE', #1634, 3.300000000000000711 ) ;
#709 = ORIENTED_EDGE ( 'NONE', *, *, #992, .T. ) ;
#710 = ORIENTED_EDGE ( 'NONE', *, *, #1612, .F. ) ;
#711 = ORIENTED_EDGE ( 'NONE', *, *, #1520, .F. ) ;
#712 = DIRECTION ( 'NONE',  ( -0.000000000000000000, -0.000000000000000000, -1.000000000000000000 ) ) ;
#713 = EDGE_CURVE ( 'NONE', #892, #232, #421, .T. ) ;
#714 =( NAMED_UNIT ( * ) SI_UNIT ( $, .STERADIAN. ) SOLID_ANGLE_UNIT ( ) );
#715 = APPLICATION_CONTEXT ( 'configuration controlled 3d designs of mechanical parts and assemblies' ) ;
#716 = ORIENTED_EDGE ( 'NONE', *, *, #1181, .T. ) ;
#717 = DIRECTION ( 'NONE',  ( -0.000000000000000000, -0.000000000000000000, -1.000000000000000000 ) ) ;
#718 = CARTESIAN_POINT ( 'NONE',  ( -47.50000000000000000, 93.00000000000000000, 10.00000000000000000 ) ) ;
#719 = CARTESIAN_POINT ( 'NONE',  ( -49.75000000000000000, 93.00000000000000000, 10.00000000000000000 ) ) ;
#720 = LINE ( 'NONE', #1237, #762 ) ;
#721 = EDGE_CURVE ( 'NONE', #600, #743, #318, .T. ) ;
#722 = ORIENTED_EDGE ( 'NONE', *, *, #713, .T. ) ;
#723 = ORIENTED_EDGE ( 'NONE', *, *, #142, .T. ) ;
#724 = CARTESIAN_POINT ( 'NONE',  ( -61.99166435056494606, 93.00000000000000000, 0.000000000000000000 ) ) ;
#725 = VECTOR ( 'NONE', #1162, 1000.000000000000000 ) ;
#726 = CARTESIAN_POINT ( 'NONE',  ( -1.732050807568870532, 63.50000000000000000, 20.00000000000000000 ) ) ;
#727 = AXIS2_PLACEMENT_3D ( 'NONE', #471, #218, #340 ) ;
#728 = PERSON_AND_ORGANIZATION_ROLE ( 'classification_officer' ) ;
#729 = CIRCLE ( 'NONE', #1528, 3.300000000000000711 ) ;
#730 = DIRECTION ( 'NONE',  ( 0.000000000000000000, 0.000000000000000000, 1.000000000000000000 ) ) ;
#731 = DIRECTION ( 'NONE',  ( 0.000000000000000000, 0.000000000000000000, 1.000000000000000000 ) ) ;
#732 = ORIENTED_EDGE ( 'NONE', *, *, #1558, .F. ) ;
#733 = ADVANCED_FACE ( 'NONE', ( #205 ), #37, .F. ) ;
#734 = VERTEX_POINT ( 'NONE', #703 ) ;
#735 = CARTESIAN_POINT ( 'NONE',  ( -47.00000000000000000, 107.5000000000000142, 10.00000000000000000 ) ) ;
#736 = DIRECTION ( 'NONE',  ( -0.000000000000000000, -0.000000000000000000, 1.000000000000000000 ) ) ;
#737 = LINE ( 'NONE', #1658, #48 ) ;
#738 = AXIS2_PLACEMENT_3D ( 'NONE', #454, #1227, #594 ) ;
#739 = AXIS2_PLACEMENT_3D ( 'NONE', #10, #123, #533 ) ;
#740 = DIRECTION ( 'NONE',  ( -1.000000000000000000, 0.000000000000000000, 0.000000000000000000 ) ) ;
#741 = FACE_BOUND ( 'NONE', #1480, .T. ) ;
#742 = EDGE_LOOP ( 'NONE', ( #873, #861 ) ) ;
#743 = VERTEX_POINT ( 'NONE', #308 ) ;
#744 = EDGE_CURVE ( 'NONE', #1124, #1663, #1629, .T. ) ;
#745 = ORIENTED_EDGE ( 'NONE', *, *, #528, .T. ) ;
#746 = FACE_OUTER_BOUND ( 'NONE', #1233, .T. ) ;
#747 = DIRECTION ( 'NONE',  ( 0.000000000000000000, 0.000000000000000000, -1.000000000000000000 ) ) ;
#748 = ADVANCED_FACE ( 'NONE', ( #459 ), #197, .T. ) ;
#749 = CARTESIAN_POINT ( 'NONE',  ( -0.9282032302755084396, 60.50000000000000000, 10.82842712474618985 ) ) ;
#750 = CALENDAR_DATE ( 2026, 3, 3 ) ;
#751 = CARTESIAN_POINT ( 'NONE',  ( 0.07179676972449126893, 58.76794919243111792, 10.00000000000000000 ) ) ;
#752 = DIRECTION ( 'NONE',  ( 0.8660254037844385966, 0.5000000000000000000, 0.000000000000000000 ) ) ;
#753 = ORIENTED_EDGE ( 'NONE', *, *, #755, .T. ) ;
#754 = ORIENTED_EDGE ( 'NONE', *, *, #1397, .T. ) ;
#755 = EDGE_CURVE ( 'NONE', #1156, #26, #1493, .T. ) ;
#756 = VERTEX_POINT ( 'NONE', #298 ) ;
#757 = DIRECTION ( 'NONE',  ( -0.000000000000000000, -0.000000000000000000, -1.000000000000000000 ) ) ;
#758 = ORIENTED_EDGE ( 'NONE', *, *, #1091, .F. ) ;
#759 = EDGE_CURVE ( 'NONE', #1595, #1287, #567, .T. ) ;
#760 = CIRCLE ( 'NONE', #1439, 2.000000000000000000 ) ;
#761 = DIRECTION ( 'NONE',  ( -0.000000000000000000, -0.000000000000000000, 1.000000000000000000 ) ) ;
#762 = VECTOR ( 'NONE', #69, 1000.000000000000000 ) ;
#763 = DIRECTION ( 'NONE',  ( 0.000000000000000000, 0.000000000000000000, 1.000000000000000000 ) ) ;
#764 = AXIS2_PLACEMENT_3D ( 'NONE', #6, #897, #146 ) ;
#765 = ORIENTED_EDGE ( 'NONE', *, *, #599, .T. ) ;
#766 = VECTOR ( 'NONE', #1348, 1000.000000000000000 ) ;
#767 = ORIENTED_EDGE ( 'NONE', *, *, #1344, .F. ) ;
#768 = ORIENTED_EDGE ( 'NONE', *, *, #638, .F. ) ;
#769 = CARTESIAN_POINT ( 'NONE',  ( 14.37766952966371470, 17.67766952966366034, 10.00000000000000000 ) ) ;
#770 = DIRECTION ( 'NONE',  ( -0.000000000000000000, -1.000000000000000000, -0.000000000000000000 ) ) ;
#771 = ADVANCED_FACE ( 'NONE', ( #448 ), #1089, .F. ) ;
#772 = VECTOR ( 'NONE', #61, 1000.000000000000000 ) ;
#773 = CARTESIAN_POINT ( 'NONE',  ( 31.50000000000000000, 3.857637417314162689E-15, 10.00000000000000000 ) ) ;
#774 = DIRECTION ( 'NONE',  ( 1.000000000000000000, 0.000000000000000000, 0.000000000000000000 ) ) ;
#775 = ORIENTED_EDGE ( 'NONE', *, *, #400, .F. ) ;
#776 = VERTEX_POINT ( 'NONE', #1472 ) ;
#777 = VERTEX_POINT ( 'NONE', #431 ) ;
#778 = FACE_OUTER_BOUND ( 'NONE', #503, .T. ) ;
#779 = ORIENTED_EDGE ( 'NONE', *, *, #528, .F. ) ;
#780 = CARTESIAN_POINT ( 'NONE',  ( -19.99999999999999645, 68.50000000000000000, 0.000000000000000000 ) ) ;
#781 = DIRECTION ( 'NONE',  ( 1.000000000000000000, -0.000000000000000000, -0.000000000000000000 ) ) ;
#782 = CARTESIAN_POINT ( 'NONE',  ( 47.00000000000000000, 107.5000000000000142, 0.000000000000000000 ) ) ;
#783 = VERTEX_POINT ( 'NONE', #619 ) ;
#784 = ORIENTED_EDGE ( 'NONE', *, *, #830, .T. ) ;
#785 = ORIENTED_EDGE ( 'NONE', *, *, #1596, .F. ) ;
#786 = CARTESIAN_POINT ( 'NONE',  ( 47.00000000000000000, 107.5000000000000142, 10.00000000000000000 ) ) ;
#787 = LINE ( 'NONE', #1043, #570 ) ;
#788 = DIRECTION ( 'NONE',  ( -0.000000000000000000, -0.000000000000000000, 1.000000000000000000 ) ) ;
#789 = VECTOR ( 'NONE', #646, 1000.000000000000000 ) ;
#790 = CARTESIAN_POINT ( 'NONE',  ( -30.00000000000000000, 68.50000000000000000, 10.00000000000000000 ) ) ;
#791 = ORIENTED_EDGE ( 'NONE', *, *, #690, .F. ) ;
#792 = CIRCLE ( 'NONE', #425, 2.250000000000001776 ) ;
#793 = ADVANCED_FACE ( 'NONE', ( #1166 ), #225, .T. ) ;
#794 = ORIENTED_EDGE ( 'NONE', *, *, #415, .F. ) ;
#795 = DIRECTION ( 'NONE',  ( -0.000000000000000000, -0.000000000000000000, 1.000000000000000000 ) ) ;
#796 = CARTESIAN_POINT ( 'NONE',  ( -47.00000000000000000, 78.50000000000000000, 0.000000000000000000 ) ) ;
#797 = CARTESIAN_POINT ( 'NONE',  ( 0.000000000000000000, 0.000000000000000000, 10.00000000000000000 ) ) ;
#798 = AXIS2_PLACEMENT_3D ( 'NONE', #640, #1182, #1571 ) ;
#799 = ORIENTED_EDGE ( 'NONE', *, *, #479, .F. ) ;
#800 = DIRECTION ( 'NONE',  ( 0.000000000000000000, 0.000000000000000000, -1.000000000000000000 ) ) ;
#801 = ADVANCED_FACE ( 'NONE', ( #85, #874, #746 ), #76, .F. ) ;
#802 = ORIENTED_EDGE ( 'NONE', *, *, #1532, .F. ) ;
#803 = EDGE_CURVE ( 'NONE', #1395, #743, #369, .T. ) ;
#804 = CARTESIAN_POINT ( 'NONE',  ( 15.75000000000000000, 0.000000000000000000, 10.00000000000000000 ) ) ;
#805 = CARTESIAN_POINT ( 'NONE',  ( -17.67766952966358929, 17.67766952966378113, 10.00000000000000000 ) ) ;
#806 = ORIENTED_EDGE ( 'NONE', *, *, #1573, .F. ) ;
#807 = DIRECTION ( 'NONE',  ( 1.000000000000000000, 0.000000000000000000, 0.000000000000000000 ) ) ;
#808 = DIRECTION ( 'NONE',  ( 0.000000000000000000, 0.000000000000000000, -1.000000000000000000 ) ) ;
#809 = LINE ( 'NONE', #1090, #1381 ) ;
#810 = EDGE_CURVE ( 'NONE', #232, #912, #611, .T. ) ;
#811 = CALENDAR_DATE ( 2026, 3, 3 ) ;
#812 = ORIENTED_EDGE ( 'NONE', *, *, #277, .F. ) ;
#813 = AXIS2_PLACEMENT_3D ( 'NONE', #219, #481, #125 ) ;
#814 = VERTEX_POINT ( 'NONE', #769 ) ;
#815 = CYLINDRICAL_SURFACE ( 'NONE', #1331, 3.300000000000000711 ) ;
#816 = CIRCLE ( 'NONE', #1268, 65.00000000000001421 ) ;
#817 = AXIS2_PLACEMENT_3D ( 'NONE', #718, #450, #1510 ) ;
#818 = CARTESIAN_POINT ( 'NONE',  ( 1.732050807568874751, 65.50000000000000000, 20.00000000000000000 ) ) ;
#819 = CARTESIAN_POINT ( 'NONE',  ( 1.732050807568874751, 65.50000000000000000, 20.00000000000000000 ) ) ;
#820 = CARTESIAN_POINT ( 'NONE',  ( -1.732050807568870532, 63.50000000000000000, 20.00000000000000000 ) ) ;
#821 = ORIENTED_EDGE ( 'NONE', *, *, #759, .F. ) ;
#822 = ORIENTED_EDGE ( 'NONE', *, *, #1062, .T. ) ;
#823 = AXIS2_PLACEMENT_3D ( 'NONE', #47, #572, #1622 ) ;
#824 = DIRECTION ( 'NONE',  ( 1.000000000000000000, 0.000000000000000000, 0.000000000000000000 ) ) ;
#825 = LINE ( 'NONE', #1613, #287 ) ;
#826 = CARTESIAN_POINT ( 'NONE',  ( 20.97766952966359710, -17.67766952966377403, 0.000000000000000000 ) ) ;
#827 = DIRECTION ( 'NONE',  ( -0.000000000000000000, -0.000000000000000000, -1.000000000000000000 ) ) ;
#828 = EDGE_CURVE ( 'NONE', #776, #505, #1034, .T. ) ;
#829 = ORIENTED_EDGE ( 'NONE', *, *, #393, .F. ) ;
#830 = EDGE_CURVE ( 'NONE', #1047, #140, #374, .T. ) ;
#831 = DIRECTION ( 'NONE',  ( 1.000000000000000000, 0.000000000000000000, 0.000000000000000000 ) ) ;
#832 = LINE ( 'NONE', #819, #1584 ) ;
#833 = CARTESIAN_POINT ( 'NONE',  ( 1.196152422706636242, 67.50000000000000000, 10.00000000000000000 ) ) ;
#834 = ADVANCED_FACE ( 'NONE', ( #1020 ), #893, .F. ) ;
#835 = CIRCLE ( 'NONE', #1194, 15.00000000000000000 ) ;
#836 = EDGE_LOOP ( 'NONE', ( #391, #224 ) ) ;
#837 = DIRECTION ( 'NONE',  ( -0.000000000000000000, -0.000000000000000000, 1.000000000000000000 ) ) ;
#838 = DIRECTION ( 'NONE',  ( 1.000000000000000000, 0.000000000000000000, 0.000000000000000000 ) ) ;
#839 = AXIS2_PLACEMENT_3D ( 'NONE', #858, #489, #1404 ) ;
#840 = CARTESIAN_POINT ( 'NONE',  ( 61.99166435056494606, 93.00000000000000000, 0.000000000000000000 ) ) ;
#841 = VECTOR ( 'NONE', #984, 1000.000000000000000 ) ;
#842 = CARTESIAN_POINT ( 'NONE',  ( 0.000000000000000000, 0.000000000000000000, 10.00000000000000000 ) ) ;
#843 = ORIENTED_EDGE ( 'NONE', *, *, #935, .F. ) ;
#844 = VECTOR ( 'NONE', #921, 1000.000000000000000 ) ;
#845 = ORIENTED_EDGE ( 'NONE', *, *, #1030, .F. ) ;
#846 = DIRECTION ( 'NONE',  ( 0.000000000000000000, 1.000000000000000000, 0.000000000000000000 ) ) ;
#847 = CARTESIAN_POINT ( 'NONE',  ( 1.732050807568874751, 67.50000000000000000, 12.00000000000000000 ) ) ;
#848 = PLANE ( 'NONE',  #158 ) ;
#849 = ADVANCED_FACE ( 'NONE', ( #1135 ), #475, .T. ) ;
#850 = CYLINDRICAL_SURFACE ( 'NONE', #359, 2.000000000000000000 ) ;
#851 = DIRECTION ( 'NONE',  ( 0.000000000000000000, 0.000000000000000000, 1.000000000000000000 ) ) ;
#852 = ORIENTED_EDGE ( 'NONE', *, *, #1223, .T. ) ;
#853 = CARTESIAN_POINT ( 'NONE',  ( 17.67766952966371719, 17.67766952966366034, 0.000000000000000000 ) ) ;
#854 = CYLINDRICAL_SURFACE ( 'NONE', #1324, 2.000000000000000000 ) ;
#855 = CC_DESIGN_PERSON_AND_ORGANIZATION_ASSIGNMENT ( #1066, #293, ( #1220 ) ) ;
#856 = CARTESIAN_POINT ( 'NONE',  ( 20.00000000000000355, 107.5000000000000142, 0.000000000000000000 ) ) ;
#857 = DATE_AND_TIME ( #993, #1005 ) ;
#858 = CARTESIAN_POINT ( 'NONE',  ( 17.67766952966359639, -17.67766952966377403, 0.000000000000000000 ) ) ;
#859 = EDGE_CURVE ( 'NONE', #1599, #401, #423, .T. ) ;
#860 = VERTEX_POINT ( 'NONE', #1144 ) ;
#861 = ORIENTED_EDGE ( 'NONE', *, *, #1081, .T. ) ;
#862 = CARTESIAN_POINT ( 'NONE',  ( 2.757874763926026151, 61.67157287525380838, 10.00000000000000000 ) ) ;
#863 = AXIS2_PLACEMENT_3D ( 'NONE', #1345, #1508, #171 ) ;
#864 = CARTESIAN_POINT ( 'NONE',  ( 17.67766952966359639, -17.67766952966377403, 10.00000000000000000 ) ) ;
#865 = AXIS2_PLACEMENT_3D ( 'NONE', #1056, #1168, #1668 ) ;
#866 = VECTOR ( 'NONE', #38, 1000.000000000000000 ) ;
#867 = CARTESIAN_POINT ( 'NONE',  ( -0.9282032302755092168, 60.50000000000000000, 20.00000000000000000 ) ) ;
#868 = FACE_BOUND ( 'NONE', #1197, .T. ) ;
#869 = EDGE_CURVE ( 'NONE', #273, #1311, #1378, .T. ) ;
#870 = VERTEX_POINT ( 'NONE', #1267 ) ;
#871 = CC_DESIGN_PERSON_AND_ORGANIZATION_ASSIGNMENT ( #605, #1402, ( #405 ) ) ;
#872 = VERTEX_POINT ( 'NONE', #642 ) ;
#873 = ORIENTED_EDGE ( 'NONE', *, *, #305, .T. ) ;
#874 = FACE_BOUND ( 'NONE', #396, .T. ) ;
#875 = CARTESIAN_POINT ( 'NONE',  ( 0.000000000000000000, 0.000000000000000000, 10.00000000000000000 ) ) ;
#876 = DIRECTION ( 'NONE',  ( 1.000000000000000000, 0.000000000000000000, 0.000000000000000000 ) ) ;
#877 = AXIS2_PLACEMENT_3D ( 'NONE', #842, #1503, #1367 ) ;
#878 = VECTOR ( 'NONE', #545, 1000.000000000000000 ) ;
#879 = CARTESIAN_POINT ( 'NONE',  ( 49.75000000000000000, 93.00000000000000000, 10.00000000000000000 ) ) ;
#880 = CARTESIAN_POINT ( 'NONE',  ( -19.99999999999999645, 58.50000000000000000, 12.00000000000000000 ) ) ;
#881 = ORIENTED_EDGE ( 'NONE', *, *, #803, .F. ) ;
#882 = VERTEX_POINT ( 'NONE', #905 ) ;
#883 = EDGE_CURVE ( 'NONE', #1672, #1369, #1010, .T. ) ;
#884 = ORIENTED_EDGE ( 'NONE', *, *, #375, .F. ) ;
#885 = CARTESIAN_POINT ( 'NONE',  ( -47.00000000000000000, 92.50000000000001421, 10.00000000000000000 ) ) ;
#886 = LINE ( 'NONE', #1403, #1250 ) ;
#887 = CARTESIAN_POINT ( 'NONE',  ( 0.000000000000000000, 0.000000000000000000, 0.000000000000000000 ) ) ;
#888 = PLANE ( 'NONE',  #1652 ) ;
#889 = ORIENTED_EDGE ( 'NONE', *, *, #504, .F. ) ;
#890 = ORIENTED_EDGE ( 'NONE', *, *, #551, .F. ) ;
#891 =( BOUNDED_CURVE ( )  B_SPLINE_CURVE ( 3, ( #284, #1226, #31, #833 ),
 .UNSPECIFIED., .F., .T. ) 
 B_SPLINE_CURVE_WITH_KNOTS ( ( 4, 4 ),
 ( 0.000000000000000000, 1.570796326794896780 ),
 .UNSPECIFIED. ) 
 CURVE ( )  GEOMETRIC_REPRESENTATION_ITEM ( )  RATIONAL_B_SPLINE_CURVE ( ( 1.000000000000000000, 0.8047378541243649375, 0.8047378541243649375, 1.000000000000000000 ) ) 
 REPRESENTATION_ITEM ( '' )  );
#892 = VERTEX_POINT ( 'NONE', #724 ) ;
#893 = CYLINDRICAL_SURFACE ( 'NONE', #322, 2.250000000000001776 ) ;
#894 = ADVANCED_FACE ( 'NONE', ( #103 ), #1637, .T. ) ;
#895 = VECTOR ( 'NONE', #1025, 1000.000000000000000 ) ;
#896 = DIRECTION ( 'NONE',  ( 0.000000000000000000, 0.000000000000000000, -1.000000000000000000 ) ) ;
#897 = DIRECTION ( 'NONE',  ( -0.000000000000000000, -0.000000000000000000, 1.000000000000000000 ) ) ;
#898 = CIRCLE ( 'NONE', #1681, 2.250000000000001776 ) ;
#899 = LINE ( 'NONE', #1457, #97 ) ;
#900 = CARTESIAN_POINT ( 'NONE',  ( -0.9282032302755092168, 60.50000000000000000, 12.00000000000000000 ) ) ;
#901 = CIRCLE ( 'NONE', #1443, 3.300000000000000711 ) ;
#902 = VERTEX_POINT ( 'NONE', #1249 ) ;
#903 = ORIENTED_EDGE ( 'NONE', *, *, #426, .T. ) ;
#904 = ORIENTED_EDGE ( 'NONE', *, *, #1638, .T. ) ;
#905 = CARTESIAN_POINT ( 'NONE',  ( -20.97766952966359000, 17.67766952966378113, 0.000000000000000000 ) ) ;
#906 = DIRECTION ( 'NONE',  ( 0.000000000000000000, 0.000000000000000000, 1.000000000000000000 ) ) ;
#907 = ADVANCED_FACE ( 'NONE', ( #1538 ), #1526, .T. ) ;
#908 = FACE_BOUND ( 'NONE', #742, .T. ) ;
#909 = AXIS2_PLACEMENT_3D ( 'NONE', #35, #573, #807 ) ;
#910 = ORIENTED_EDGE ( 'NONE', *, *, #1573, .T. ) ;
#911 = ORIENTED_EDGE ( 'NONE', *, *, #668, .T. ) ;
#912 = VERTEX_POINT ( 'NONE', #233 ) ;
#913 = LINE ( 'NONE', #1308, #210 ) ;
#914 = EDGE_CURVE ( 'NONE', #924, #465, #1442, .T. ) ;
#915 = DIRECTION ( 'NONE',  ( -0.000000000000000000, 0.000000000000000000, -1.000000000000000000 ) ) ;
#916 = EDGE_LOOP ( 'NONE', ( #1219, #1522, #1242, #1619 ) ) ;
#917 = EDGE_LOOP ( 'NONE', ( #276, #71, #1310, #1008 ) ) ;
#918 = CARTESIAN_POINT ( 'NONE',  ( -19.99999999999999645, 65.50000000000000000, 12.00000000000000000 ) ) ;
#919 = DIRECTION ( 'NONE',  ( -0.000000000000000000, -0.000000000000000000, 1.000000000000000000 ) ) ;
#920 = FACE_OUTER_BOUND ( 'NONE', #1288, .T. ) ;
#921 = DIRECTION ( 'NONE',  ( -0.000000000000000000, -0.000000000000000000, 1.000000000000000000 ) ) ;
#922 = ADVANCED_FACE ( 'NONE', ( #8 ), #1218, .T. ) ;
#923 = AXIS2_PLACEMENT_3D ( 'NONE', #263, #1303, #139 ) ;
#924 = VERTEX_POINT ( 'NONE', #1479 ) ;
#925 = AXIS2_PLACEMENT_3D ( 'NONE', #1572, #670, #1675 ) ;
#926 = ADVANCED_FACE ( 'NONE', ( #303 ), #1339, .F. ) ;
#927 = CARTESIAN_POINT ( 'NONE',  ( 30.00000000000000711, 78.50000000000000000, 10.00000000000000000 ) ) ;
#928 = DIRECTION ( 'NONE',  ( -0.000000000000000000, -0.000000000000000000, -1.000000000000000000 ) ) ;
#929 = DIRECTION ( 'NONE',  ( 0.000000000000000000, 0.000000000000000000, 1.000000000000000000 ) ) ;
#930 = CARTESIAN_POINT ( 'NONE',  ( 20.00000000000000355, 67.50000000000000000, 12.00000000000000000 ) ) ;
#931 = ORIENTED_EDGE ( 'NONE', *, *, #551, .T. ) ;
#932 = DIRECTION ( 'NONE',  ( -0.000000000000000000, -0.000000000000000000, 1.000000000000000000 ) ) ;
#933 = DIRECTION ( 'NONE',  ( 1.000000000000000000, 0.000000000000000000, 0.000000000000000000 ) ) ;
#934 = ORIENTED_EDGE ( 'NONE', *, *, #1049, .T. ) ;
#935 = EDGE_CURVE ( 'NONE', #1567, #1278, #949, .T. ) ;
#936 = CYLINDRICAL_SURFACE ( 'NONE', #1118, 10.00000000000000178 ) ;
#937 = CARTESIAN_POINT ( 'NONE',  ( -19.99999999999999645, 65.50000000000000000, 10.00000000000000000 ) ) ;
#938 = APPROVAL_ROLE ( '' ) ;
#939 = ORIENTED_EDGE ( 'NONE', *, *, #883, .T. ) ;
#940 = ORIENTED_EDGE ( 'NONE', *, *, #42, .F. ) ;
#941 = LINE ( 'NONE', #1544, #1623 ) ;
#942 = ADVANCED_FACE ( 'NONE', ( #606 ), #994, .F. ) ;
#943 = DIRECTION ( 'NONE',  ( 1.000000000000000000, -0.000000000000000000, -0.000000000000000000 ) ) ;
#944 = CARTESIAN_POINT ( 'NONE',  ( 20.00000000000000355, 67.49999999999998579, 10.00000000000000000 ) ) ;
#945 = FACE_OUTER_BOUND ( 'NONE', #598, .T. ) ;
#946 = AXIS2_PLACEMENT_3D ( 'NONE', #818, #1418, #1014 ) ;
#947 = EDGE_LOOP ( 'NONE', ( #1489, #1052 ) ) ;
#948 = CARTESIAN_POINT ( 'NONE',  ( -47.00000000000000000, 78.50000000000000000, 10.00000000000000000 ) ) ;
#949 = CIRCLE ( 'NONE', #656, 65.00000000000000000 ) ;
#950 = AXIS2_PLACEMENT_3D ( 'NONE', #1502, #613, #356 ) ;
#951 = DIRECTION ( 'NONE',  ( 0.000000000000000000, 0.000000000000000000, 1.000000000000000000 ) ) ;
#952 = LINE ( 'NONE', #411, #866 ) ;
#953 = CARTESIAN_POINT ( 'NONE',  ( 31.09756097560976329, 20.95690104400537024, 0.000000000000000000 ) ) ;
#954 = CYLINDRICAL_SURFACE ( 'NONE', #1247, 1.999999999999996669 ) ;
#955 = DIRECTION ( 'NONE',  ( 0.000000000000000000, -0.000000000000000000, 1.000000000000000000 ) ) ;
#956 = EDGE_CURVE ( 'NONE', #1103, #1, #1559, .T. ) ;
#957 = FACE_OUTER_BOUND ( 'NONE', #98, .T. ) ;
#958 = CIRCLE ( 'NONE', #30, 2.250000000000001776 ) ;
#959 = DIRECTION ( 'NONE',  ( -1.000000000000000000, 0.000000000000000000, 0.000000000000000000 ) ) ;
#960 = CARTESIAN_POINT ( 'NONE',  ( 3.071796769724493892, 60.50000000000000000, 10.00000000000000000 ) ) ;
#961 = DIRECTION ( 'NONE',  ( -0.5000000000000022204, 0.8660254037844373753, 0.000000000000000000 ) ) ;
#962 = ORIENTED_EDGE ( 'NONE', *, *, #1164, .T. ) ;
#963 = EDGE_CURVE ( 'NONE', #439, #1302, #1061, .T. ) ;
#964 = CARTESIAN_POINT ( 'NONE',  ( 14.37766952966359746, -17.67766952966377403, 0.000000000000000000 ) ) ;
#965 = FACE_OUTER_BOUND ( 'NONE', #520, .T. ) ;
#966 = DIRECTION ( 'NONE',  ( 0.000000000000000000, 0.000000000000000000, -1.000000000000000000 ) ) ;
#967 = ORIENTED_EDGE ( 'NONE', *, *, #1173, .F. ) ;
#968 = EDGE_CURVE ( 'NONE', #1672, #258, #46, .T. ) ;
#969 = VECTOR ( 'NONE', #1140, 1000.000000000000000 ) ;
#970 = EDGE_CURVE ( 'NONE', #1533, #1643, #816, .T. ) ;
#971 = ORIENTED_EDGE ( 'NONE', *, *, #1344, .T. ) ;
#972 = FACE_OUTER_BOUND ( 'NONE', #1142, .T. ) ;
#973 = CARTESIAN_POINT ( 'NONE',  ( -45.25000000000000000, 93.00000000000000000, 10.00000000000000000 ) ) ;
#974 = ORGANIZATION ( 'UNSPECIFIED', 'UNSPECIFIED', '' ) ;
#975 = DIRECTION ( 'NONE',  ( 0.000000000000000000, 0.000000000000000000, 1.000000000000000000 ) ) ;
#976 = CYLINDRICAL_SURFACE ( 'NONE', #727, 2.250000000000001776 ) ;
#977 = ORIENTED_EDGE ( 'NONE', *, *, #444, .T. ) ;
#978 = PRODUCT_DEFINITION ( 'UNKNOWN', '', #405, #16 ) ;
#979 = ORIENTED_EDGE ( 'NONE', *, *, #713, .F. ) ;
#980 = DIRECTION ( 'NONE',  ( 1.000000000000000000, 0.000000000000000000, 0.000000000000000000 ) ) ;
#981 = DIRECTION ( 'NONE',  ( 1.000000000000000000, 0.000000000000000000, 0.000000000000000000 ) ) ;
#982 = AXIS2_PLACEMENT_3D ( 'NONE', #1550, #366, #643 ) ;
#983 = EDGE_CURVE ( 'NONE', #912, #186, #367, .T. ) ;
#984 = DIRECTION ( 'NONE',  ( -0.000000000000000000, -0.000000000000000000, 1.000000000000000000 ) ) ;
#985 = LINE ( 'NONE', #585, #1095 ) ;
#986 = DIRECTION ( 'NONE',  ( 1.000000000000000000, 0.000000000000000000, 0.000000000000000000 ) ) ;
#987 = ORIENTED_EDGE ( 'NONE', *, *, #60, .T. ) ;
#988 = ORIENTED_EDGE ( 'NONE', *, *, #859, .F. ) ;
#989 = CARTESIAN_POINT ( 'NONE',  ( -47.00000000000000000, 93.50000000000000000, 0.000000000000000000 ) ) ;
#990 = LINE ( 'NONE', #336, #291 ) ;
#991 = CARTESIAN_POINT ( 'NONE',  ( -19.99999999999999645, 63.50000000000000000, 20.00000000000000000 ) ) ;
#992 = EDGE_CURVE ( 'NONE', #814, #304, #403, .T. ) ;
#993 = CALENDAR_DATE ( 2026, 3, 3 ) ;
#994 = CYLINDRICAL_SURFACE ( 'NONE', #321, 31.50000000000000000 ) ;
#995 = FACE_OUTER_BOUND ( 'NONE', #588, .T. ) ;
#996 = ORIENTED_EDGE ( 'NONE', *, *, #648, .F. ) ;
#997 = EDGE_LOOP ( 'NONE', ( #1687, #317, #988, #1123 ) ) ;
#998 = DIRECTION ( 'NONE',  ( 0.000000000000000000, 0.000000000000000000, 1.000000000000000000 ) ) ;
#999 = DIRECTION ( 'NONE',  ( -0.000000000000000000, -0.000000000000000000, 1.000000000000000000 ) ) ;
#1000 = LINE ( 'NONE', #1235, #1272 ) ;
#1001 = VECTOR ( 'NONE', #652, 999.9999999999998863 ) ;
#1002 = VECTOR ( 'NONE', #1358, 1000.000000000000000 ) ;
#1003 = DIRECTION ( 'NONE',  ( -0.000000000000000000, -0.000000000000000000, 1.000000000000000000 ) ) ;
#1004 = CARTESIAN_POINT ( 'NONE',  ( 0.000000000000000000, 0.000000000000000000, 10.00000000000000000 ) ) ;
#1005 = LOCAL_TIME ( 19, 26, 22.00000000000000000, #235 ) ;
#1006 = EDGE_CURVE ( 'NONE', #1154, #600, #1530, .T. ) ;
#1007 = ORIENTED_EDGE ( 'NONE', *, *, #142, .F. ) ;
#1008 = ORIENTED_EDGE ( 'NONE', *, *, #1053, .F. ) ;
#1009 = ORIENTED_EDGE ( 'NONE', *, *, #744, .T. ) ;
#1010 = LINE ( 'NONE', #1422, #1625 ) ;
#1011 = CIRCLE ( 'NONE', #579, 31.50000000000000000 ) ;
#1012 = CARTESIAN_POINT ( 'NONE',  ( 0.000000000000000000, 0.000000000000000000, 16.80000000000000071 ) ) ;
#1013 = CARTESIAN_POINT ( 'NONE',  ( 2.535898384862248278, 62.50000000000000000, 20.00000000000000000 ) ) ;
#1014 = DIRECTION ( 'NONE',  ( 0.000000000000000000, -0.000000000000000000, -1.000000000000000000 ) ) ;
#1015 = ORIENTED_EDGE ( 'NONE', *, *, #25, .F. ) ;
#1016 = ADVANCED_FACE ( 'NONE', ( #1368 ), #976, .F. ) ;
#1017 = EDGE_LOOP ( 'NONE', ( #672, #64, #285, #62 ) ) ;
#1018 = APPROVAL ( #1631, 'UNSPECIFIED' ) ;
#1019 = VERTEX_POINT ( 'NONE', #1374 ) ;
#1020 = FACE_OUTER_BOUND ( 'NONE', #1408, .T. ) ;
#1021 = ORIENTED_EDGE ( 'NONE', *, *, #1558, .T. ) ;
#1022 = CYLINDRICAL_SURFACE ( 'NONE', #982, 3.300000000000000711 ) ;
#1023 = LINE ( 'NONE', #1577, #1001 ) ;
#1024 = CARTESIAN_POINT ( 'NONE',  ( -47.00000000000000000, 92.50000000000001421, 10.00000000000000000 ) ) ;
#1025 = DIRECTION ( 'NONE',  ( -0.000000000000000000, -0.000000000000000000, 1.000000000000000000 ) ) ;
#1026 = ORIENTED_EDGE ( 'NONE', *, *, #1006, .F. ) ;
#1027 = EDGE_LOOP ( 'NONE', ( #1483, #1495, #1111, #230 ) ) ;
#1028 = ORIENTED_EDGE ( 'NONE', *, *, #690, .T. ) ;
#1029 = DIRECTION ( 'NONE',  ( -1.000000000000000000, 0.000000000000000000, -0.000000000000000000 ) ) ;
#1030 = EDGE_CURVE ( 'NONE', #1567, #1306, #1494, .T. ) ;
#1031 = VECTOR ( 'NONE', #529, 1000.000000000000000 ) ;
#1032 = DIRECTION ( 'NONE',  ( 1.000000000000000000, 0.000000000000000000, 0.000000000000000000 ) ) ;
#1033 = CARTESIAN_POINT ( 'NONE',  ( 20.00000000000000355, 62.50000000000000000, 12.00000000000000000 ) ) ;
#1034 = CIRCLE ( 'NONE', #1300, 31.50000000000000000 ) ;
#1035 = FACE_BOUND ( 'NONE', #239, .T. ) ;
#1036 = VECTOR ( 'NONE', #1372, 1000.000000000000000 ) ;
#1037 = EDGE_LOOP ( 'NONE', ( #711, #418, #1165, #754 ) ) ;
#1038 = ORIENTED_EDGE ( 'NONE', *, *, #1030, .T. ) ;
#1039 = ORIENTED_EDGE ( 'NONE', *, *, #1081, .F. ) ;
#1040 = DIRECTION ( 'NONE',  ( 0.000000000000000000, 0.000000000000000000, -1.000000000000000000 ) ) ;
#1041 = EDGE_CURVE ( 'NONE', #1395, #860, #1273, .T. ) ;
#1042 = DIRECTION ( 'NONE',  ( -1.000000000000000000, 0.000000000000000000, 0.000000000000000000 ) ) ;
#1043 = CARTESIAN_POINT ( 'NONE',  ( 20.00000000000000355, 31.72144385112380505, 0.000000000000000000 ) ) ;
#1044 = CARTESIAN_POINT ( 'NONE',  ( -1.732050807568871864, 65.50000000000000000, 10.00000000000000000 ) ) ;
#1045 = ORIENTED_EDGE ( 'NONE', *, *, #568, .F. ) ;
#1046 = EDGE_LOOP ( 'NONE', ( #1590, #1353, #881, #1410 ) ) ;
#1047 = VERTEX_POINT ( 'NONE', #1139 ) ;
#1048 = CARTESIAN_POINT ( 'NONE',  ( 17.67766952966371719, 17.67766952966366034, 0.000000000000000000 ) ) ;
#1049 = EDGE_CURVE ( 'NONE', #75, #1141, #681, .T. ) ;
#1050 = CARTESIAN_POINT ( 'NONE',  ( -14.37766952966359035, 17.67766952966378113, 10.00000000000000000 ) ) ;
#1051 = PRODUCT_RELATED_PRODUCT_CATEGORY ( 'detail', '', ( #1220 ) ) ;
#1052 = ORIENTED_EDGE ( 'NONE', *, *, #1618, .F. ) ;
#1053 = EDGE_CURVE ( 'NONE', #902, #1315, #478, .T. ) ;
#1054 = ORIENTED_EDGE ( 'NONE', *, *, #677, .F. ) ;
#1055 = ORIENTED_EDGE ( 'NONE', *, *, #1476, .T. ) ;
#1056 = CARTESIAN_POINT ( 'NONE',  ( 47.50000000000000000, 93.00000000000000000, 10.00000000000000000 ) ) ;
#1057 = DIRECTION ( 'NONE',  ( 1.000000000000000000, -0.000000000000000000, -0.000000000000000000 ) ) ;
#1058 = AXIS2_PLACEMENT_3D ( 'NONE', #699, #717, #1080 ) ;
#1059 = CIRCLE ( 'NONE', #449, 31.50000000000000000 ) ;
#1060 = CARTESIAN_POINT ( 'NONE',  ( 0.000000000000000000, 0.000000000000000000, 0.000000000000000000 ) ) ;
#1061 = CIRCLE ( 'NONE', #1115, 15.00000000000000000 ) ;
#1062 = EDGE_CURVE ( 'NONE', #597, #511, #898, .T. ) ;
#1063 = VERTEX_POINT ( 'NONE', #357 ) ;
#1064 = VECTOR ( 'NONE', #468, 1000.000000000000000 ) ;
#1065 = DIRECTION ( 'NONE',  ( -1.000000000000000000, 0.000000000000000000, -0.000000000000000000 ) ) ;
#1066 = PERSON_AND_ORGANIZATION ( #574, #974 ) ;
#1067 = ORIENTED_EDGE ( 'NONE', *, *, #458, .T. ) ;
#1068 = AXIS2_PLACEMENT_3D ( 'NONE', #918, #1452, #800 ) ;
#1069 = ORIENTED_EDGE ( 'NONE', *, *, #1231, .T. ) ;
#1070 = ADVANCED_FACE ( 'NONE', ( #208 ), #95, .F. ) ;
#1071 = DIRECTION ( 'NONE',  ( 1.000000000000000000, 0.000000000000000000, 0.000000000000000000 ) ) ;
#1072 = DIRECTION ( 'NONE',  ( 0.000000000000000000, 1.040834085586084257E-14, -1.000000000000000000 ) ) ;
#1073 = DIRECTION ( 'NONE',  ( 1.000000000000000000, 0.000000000000000000, 0.000000000000000000 ) ) ;
#1074 = CARTESIAN_POINT ( 'NONE',  ( 20.00000000000000355, 65.50000000000000000, 20.00000000000000000 ) ) ;
#1075 = LINE ( 'NONE', #290, #1002 ) ;
#1076 = CARTESIAN_POINT ( 'NONE',  ( 2.535898384862248278, 62.50000000000000000, 20.00000000000000000 ) ) ;
#1077 = LINE ( 'NONE', #399, #844 ) ;
#1078 = ORIENTED_EDGE ( 'NONE', *, *, #1646, .F. ) ;
#1079 = DIRECTION ( 'NONE',  ( -0.000000000000000000, -0.000000000000000000, 1.000000000000000000 ) ) ;
#1080 = DIRECTION ( 'NONE',  ( -1.000000000000000000, 0.000000000000000000, 0.000000000000000000 ) ) ;
#1081 = EDGE_CURVE ( 'NONE', #379, #1535, #1605, .T. ) ;
#1082 = CARTESIAN_POINT ( 'NONE',  ( 20.00000000000000355, 60.49999999999999289, 10.00000000000000000 ) ) ;
#1083 = CARTESIAN_POINT ( 'NONE',  ( -37.50000000000000711, 0.000000000000000000, 10.00000000000000000 ) ) ;
#1084 = FACE_OUTER_BOUND ( 'NONE', #1132, .T. ) ;
#1085 = AXIS2_PLACEMENT_3D ( 'NONE', #509, #1262, #615 ) ;
#1086 = AXIS2_PLACEMENT_3D ( 'NONE', #398, #928, #124 ) ;
#1087 = AXIS2_PLACEMENT_3D ( 'NONE', #1454, #1318, #1073 ) ;
#1088 = CC_DESIGN_SECURITY_CLASSIFICATION ( #24, ( #405 ) ) ;
#1089 = CYLINDRICAL_SURFACE ( 'NONE', #1654, 3.300000000000000711 ) ;
#1090 = CARTESIAN_POINT ( 'NONE',  ( -19.99999999999999645, 31.72144385112381215, 10.00000000000000000 ) ) ;
#1091 = EDGE_CURVE ( 'NONE', #294, #1287, #720, .T. ) ;
#1092 = PERSON_AND_ORGANIZATION ( #574, #974 ) ;
#1093 = LINE ( 'NONE', #1110, #1477 ) ;
#1094 = ORIENTED_EDGE ( 'NONE', *, *, #1049, .F. ) ;
#1095 = VECTOR ( 'NONE', #1330, 1000.000000000000000 ) ;
#1096 = FACE_OUTER_BOUND ( 'NONE', #114, .T. ) ;
#1097 = CARTESIAN_POINT ( 'NONE',  ( 47.00000000000000000, 92.50000000000001421, 10.00000000000000000 ) ) ;
#1098 = FACE_OUTER_BOUND ( 'NONE', #90, .T. ) ;
#1099 = DIRECTION ( 'NONE',  ( 0.000000000000000000, 1.000000000000000000, 0.000000000000000000 ) ) ;
#1100 = DIRECTION ( 'NONE',  ( -0.8660254037844378194, -0.5000000000000013323, -0.000000000000000000 ) ) ;
#1101 = EDGE_CURVE ( 'NONE', #401, #1437, #1246, .T. ) ;
#1102 = LINE ( 'NONE', #1487, #521 ) ;
#1103 = VERTEX_POINT ( 'NONE', #804 ) ;
#1104 = EDGE_CURVE ( 'NONE', #924, #1232, #18, .T. ) ;
#1105 = EDGE_LOOP ( 'NONE', ( #1580, #530, #904, #1419 ) ) ;
#1106 = ORIENTED_EDGE ( 'NONE', *, *, #677, .T. ) ;
#1107 = DIRECTION ( 'NONE',  ( -0.000000000000000000, -0.000000000000000000, 1.000000000000000000 ) ) ;
#1108 = LINE ( 'NONE', #78, #841 ) ;
#1109 = APPROVAL_ROLE ( '' ) ;
#1110 = CARTESIAN_POINT ( 'NONE',  ( -1.732050807568870532, 63.50000000000000000, 20.00000000000000000 ) ) ;
#1111 = ORIENTED_EDGE ( 'NONE', *, *, #1618, .T. ) ;
#1112 = EDGE_CURVE ( 'NONE', #1156, #1, #913, .T. ) ;
#1113 = CIRCLE ( 'NONE', #1297, 3.300000000000000711 ) ;
#1114 = ORIENTED_EDGE ( 'NONE', *, *, #1357, .F. ) ;
#1115 = AXIS2_PLACEMENT_3D ( 'NONE', #595, #1160, #87 ) ;
#1116 = DIRECTION ( 'NONE',  ( -1.000000000000000000, 0.000000000000000000, 0.000000000000000000 ) ) ;
#1117 = CARTESIAN_POINT ( 'NONE',  ( 0.000000000000000000, 0.000000000000000000, 0.000000000000000000 ) ) ;
#1118 = AXIS2_PLACEMENT_3D ( 'NONE', #1473, #808, #28 ) ;
#1119 = CYLINDRICAL_SURFACE ( 'NONE', #104, 3.300000000000000711 ) ;
#1120 = SHAPE_DEFINITION_REPRESENTATION ( #1606, #269 ) ;
#1121 = DIRECTION ( 'NONE',  ( 1.000000000000000000, 0.000000000000000000, 0.000000000000000000 ) ) ;
#1122 = DIRECTION ( 'NONE',  ( 1.000000000000000000, 0.000000000000000000, 0.000000000000000000 ) ) ;
#1123 = ORIENTED_EDGE ( 'NONE', *, *, #25, .T. ) ;
#1124 = VERTEX_POINT ( 'NONE', #1448 ) ;
#1125 = ADVANCED_FACE ( 'NONE', ( #519 ), #278, .F. ) ;
#1126 = EDGE_LOOP ( 'NONE', ( #911, #1386 ) ) ;
#1127 = DIRECTION ( 'NONE',  ( 1.000000000000000000, 0.000000000000000000, 0.000000000000000000 ) ) ;
#1128 = AXIS2_PLACEMENT_3D ( 'NONE', #1579, #896, #1415 ) ;
#1129 = DIRECTION ( 'NONE',  ( -0.000000000000000000, -0.000000000000000000, 1.000000000000000000 ) ) ;
#1130 = DIRECTION ( 'NONE',  ( 1.000000000000000000, 0.000000000000000000, 0.000000000000000000 ) ) ;
#1131 = CARTESIAN_POINT ( 'NONE',  ( 61.99166435056494606, 93.00000000000000000, 10.00000000000000000 ) ) ;
#1132 = EDGE_LOOP ( 'NONE', ( #390, #684, #522, #259 ) ) ;
#1133 = VERTEX_POINT ( 'NONE', #1189 ) ;
#1134 = ORIENTED_EDGE ( 'NONE', *, *, #830, .F. ) ;
#1135 = FACE_OUTER_BOUND ( 'NONE', #9, .T. ) ;
#1136 = CARTESIAN_POINT ( 'NONE',  ( 47.00000000000000000, 78.50000000000000000, 0.000000000000000000 ) ) ;
#1137 = DIRECTION ( 'NONE',  ( -0.000000000000000000, 0.000000000000000000, -1.000000000000000000 ) ) ;
#1138 = EDGE_CURVE ( 'NONE', #1437, #892, #451, .T. ) ;
#1139 = CARTESIAN_POINT ( 'NONE',  ( -19.99999999999999645, 60.50000000000000000, 20.00000000000000000 ) ) ;
#1140 = DIRECTION ( 'NONE',  ( -0.000000000000000000, -0.000000000000000000, -1.000000000000000000 ) ) ;
#1141 = VERTEX_POINT ( 'NONE', #534 ) ;
#1142 = EDGE_LOOP ( 'NONE', ( #758, #977, #910, #466 ) ) ;
#1143 = ORIENTED_EDGE ( 'NONE', *, *, #479, .T. ) ;
#1144 = CARTESIAN_POINT ( 'NONE',  ( -0.3923048454132639362, 58.50000000000000000, 10.00000000000000000 ) ) ;
#1145 = AXIS2_PLACEMENT_3D ( 'NONE', #57, #1363, #422 ) ;
#1146 = CARTESIAN_POINT ( 'NONE',  ( -0.3923048454132639362, 58.50000000000000000, 10.00000000000000000 ) ) ;
#1147 = AXIS2_PLACEMENT_3D ( 'NONE', #636, #730, #1130 ) ;
#1148 = PERSON_AND_ORGANIZATION ( #574, #974 ) ;
#1149 = AXIS2_PLACEMENT_3D ( 'NONE', #1337, #1603, #1347 ) ;
#1150 = DIRECTION ( 'NONE',  ( 1.000000000000000000, 0.000000000000000000, 0.000000000000000000 ) ) ;
#1151 = ADVANCED_FACE ( 'NONE', ( #920 ), #1685, .F. ) ;
#1152 = CARTESIAN_POINT ( 'NONE',  ( 20.00000000000000355, 57.28219618694799919, 10.00000000000000000 ) ) ;
#1153 = AXIS2_PLACEMENT_3D ( 'NONE', #1359, #1609, #1328 ) ;
#1154 = VERTEX_POINT ( 'NONE', #1177 ) ;
#1155 = EDGE_LOOP ( 'NONE', ( #486, #753 ) ) ;
#1156 = VERTEX_POINT ( 'NONE', #674 ) ;
#1157 = DIRECTION ( 'NONE',  ( 1.000000000000000000, 0.000000000000000000, 0.000000000000000000 ) ) ;
#1158 = CIRCLE ( 'NONE', #433, 37.50000000000000711 ) ;
#1159 = CARTESIAN_POINT ( 'NONE',  ( -47.00000000000000000, 107.5000000000000142, 0.000000000000000000 ) ) ;
#1160 = DIRECTION ( 'NONE',  ( -0.000000000000000000, -0.000000000000000000, -1.000000000000000000 ) ) ;
#1161 = DIRECTION ( 'NONE',  ( 0.000000000000000000, 0.000000000000000000, 1.000000000000000000 ) ) ;
#1162 = DIRECTION ( 'NONE',  ( 1.000000000000000000, -0.000000000000000000, -0.000000000000000000 ) ) ;
#1163 = VERTEX_POINT ( 'NONE', #499 ) ;
#1164 = EDGE_CURVE ( 'NONE', #1680, #1063, #1023, .T. ) ;
#1165 = ORIENTED_EDGE ( 'NONE', *, *, #983, .T. ) ;
#1166 = FACE_OUTER_BOUND ( 'NONE', #641, .T. ) ;
#1167 = DIRECTION ( 'NONE',  ( 1.000000000000000000, 0.000000000000000000, 0.000000000000000000 ) ) ;
#1168 = DIRECTION ( 'NONE',  ( -0.000000000000000000, -0.000000000000000000, 1.000000000000000000 ) ) ;
#1169 = CARTESIAN_POINT ( 'NONE',  ( 30.00000000000000711, 78.50000000000000000, 0.000000000000000000 ) ) ;
#1170 = CARTESIAN_POINT ( 'NONE',  ( 20.00000000000000355, 31.72144385112380505, 10.00000000000000000 ) ) ;
#1171 = ORIENTED_EDGE ( 'NONE', *, *, #144, .F. ) ;
#1172 = VERTEX_POINT ( 'NONE', #1441 ) ;
#1173 = EDGE_CURVE ( 'NONE', #1515, #1317, #1551, .T. ) ;
#1174 = VERTEX_POINT ( 'NONE', #1416 ) ;
#1175 = VECTOR ( 'NONE', #846, 1000.000000000000000 ) ;
#1176 = CARTESIAN_POINT ( 'NONE',  ( 0.000000000000000000, 0.000000000000000000, 16.80000000000000071 ) ) ;
#1177 = CARTESIAN_POINT ( 'NONE',  ( -0.9282032302755092168, 60.50000000000000000, 20.00000000000000000 ) ) ;
#1178 = VECTOR ( 'NONE', #1137, 1000.000000000000000 ) ;
#1179 = DIRECTION ( 'NONE',  ( 0.000000000000000000, 0.000000000000000000, -1.000000000000000000 ) ) ;
#1180 = EDGE_LOOP ( 'NONE', ( #267, #962, #1007, #1248 ) ) ;
#1181 = EDGE_CURVE ( 'NONE', #1124, #1533, #787, .T. ) ;
#1182 = DIRECTION ( 'NONE',  ( -0.000000000000000000, -0.000000000000000000, 1.000000000000000000 ) ) ;
#1183 = CARTESIAN_POINT ( 'NONE',  ( -17.67766952966371719, -17.67766952966366034, 10.00000000000000000 ) ) ;
#1184 = VECTOR ( 'NONE', #1236, 1000.000000000000000 ) ;
#1185 = ORIENTED_EDGE ( 'NONE', *, *, #4, .T. ) ;
#1186 = ORIENTED_EDGE ( 'NONE', *, *, #375, .T. ) ;
#1187 = ORIENTED_EDGE ( 'NONE', *, *, #1436, .F. ) ;
#1188 = CYLINDRICAL_SURFACE ( 'NONE', #739, 65.00000000000000000 ) ;
#1189 = CARTESIAN_POINT ( 'NONE',  ( -19.99999999999999645, 58.50000000000000000, 10.00000000000000000 ) ) ;
#1190 = CARTESIAN_POINT ( 'NONE',  ( -61.99166435056495317, 93.00000000000000000, 5.000000000000000000 ) ) ;
#1191 = ORIENTED_EDGE ( 'NONE', *, *, #516, .T. ) ;
#1192 = ORIENTED_EDGE ( 'NONE', *, *, #536, .F. ) ;
#1193 = CARTESIAN_POINT ( 'NONE',  ( -17.67766952966371719, -17.67766952966366034, 10.00000000000000000 ) ) ;
#1194 = AXIS2_PLACEMENT_3D ( 'NONE', #1024, #368, #1531 ) ;
#1195 = EDGE_CURVE ( 'NONE', #1172, #776, #245, .T. ) ;
#1196 = AXIS2_PLACEMENT_3D ( 'NONE', #376, #1313, #1433 ) ;
#1197 = EDGE_LOOP ( 'NONE', ( #1576, #395 ) ) ;
#1198 = VECTOR ( 'NONE', #943, 1000.000000000000000 ) ;
#1199 = ORIENTED_EDGE ( 'NONE', *, *, #305, .F. ) ;
#1200 = LOCAL_TIME ( 19, 26, 22.00000000000000000, #1518 ) ;
#1201 = DIRECTION ( 'NONE',  ( 1.000000000000000000, 0.000000000000000000, 0.000000000000000000 ) ) ;
#1202 = CARTESIAN_POINT ( 'NONE',  ( 31.50000000000000000, 3.857637417314162689E-15, 16.80000000000000071 ) ) ;
#1203 = CARTESIAN_POINT ( 'NONE',  ( -0.9282032302755094388, 60.50000000000000000, 12.00000000000000000 ) ) ;
#1204 = CARTESIAN_POINT ( 'NONE',  ( 20.00000000000000355, 68.49999999999998579, 10.00000000000000000 ) ) ;
#1205 = ORIENTED_EDGE ( 'NONE', *, *, #203, .T. ) ;
#1206 = EDGE_LOOP ( 'NONE', ( #1257, #1199, #1289, #265 ) ) ;
#1207 = LINE ( 'NONE', #1600, #566 ) ;
#1208 = ADVANCED_FACE ( 'NONE', ( #644 ), #508, .F. ) ;
#1209 = CARTESIAN_POINT ( 'NONE',  ( 47.00000000000000000, 78.50000000000000000, 0.000000000000000000 ) ) ;
#1210 = DIRECTION ( 'NONE',  ( 1.000000000000000000, 0.000000000000000000, 0.000000000000000000 ) ) ;
#1211 = CARTESIAN_POINT ( 'NONE',  ( 1.732050807568874751, 65.50000000000000000, 12.00000000000000000 ) ) ;
#1212 = ORIENTED_EDGE ( 'NONE', *, *, #1662, .F. ) ;
#1213 = EDGE_CURVE ( 'NONE', #743, #1305, #392, .T. ) ;
#1214 = DIRECTION ( 'NONE',  ( -0.000000000000000000, -0.000000000000000000, 1.000000000000000000 ) ) ;
#1215 = CARTESIAN_POINT ( 'NONE',  ( 47.00000000000000000, 78.50000000000000000, 10.00000000000000000 ) ) ;
#1216 = COORDINATED_UNIVERSAL_TIME_OFFSET ( 1, 0, .AHEAD. ) ;
#1217 = CARTESIAN_POINT ( 'NONE',  ( 20.00000000000000355, 62.50000000000000000, 20.00000000000000000 ) ) ;
#1218 = PLANE ( 'NONE',  #592 ) ;
#1219 = ORIENTED_EDGE ( 'NONE', *, *, #1112, .F. ) ;
#1220 = PRODUCT ( 'Support-camera-d455', 'Support-camera-d455', '', ( #1592 ) ) ;
#1221 = VECTOR ( 'NONE', #116, 1000.000000000000000 ) ;
#1222 = CARTESIAN_POINT ( 'NONE',  ( 0.000000000000000000, 0.000000000000000000, 0.000000000000000000 ) ) ;
#1223 = EDGE_CURVE ( 'NONE', #639, #1124, #514, .T. ) ;
#1224 = CARTESIAN_POINT ( 'NONE',  ( -19.99999999999999645, 58.50000000000000000, 10.00000000000000000 ) ) ;
#1225 = EDGE_CURVE ( 'NONE', #783, #1360, #11, .T. ) ;
#1226 = CARTESIAN_POINT ( 'NONE',  ( 1.732050807568885409, 65.50000000000000000, 10.82842712474618985 ) ) ;
#1227 = DIRECTION ( 'NONE',  ( -0.000000000000000000, -0.000000000000000000, 1.000000000000000000 ) ) ;
#1228 = AXIS2_PLACEMENT_3D ( 'NONE', #797, #1322, #1574 ) ;
#1229 = CYLINDRICAL_SURFACE ( 'NONE', #1145, 15.00000000000000000 ) ;
#1230 = CARTESIAN_POINT ( 'NONE',  ( 37.50000000000001421, 4.592425496802575944E-15, 16.80000000000000071 ) ) ;
#1231 = EDGE_CURVE ( 'NONE', #1628, #542, #1497, .T. ) ;
#1232 = VERTEX_POINT ( 'NONE', #662 ) ;
#1233 = EDGE_LOOP ( 'NONE', ( #1575, #1407, #539, #447, #1045, #632, #1428, #1240, #410, #483, #1067, #633, #370, #1653 ) ) ;
#1234 = DIRECTION ( 'NONE',  ( -0.000000000000000000, -0.000000000000000000, 1.000000000000000000 ) ) ;
#1235 = CARTESIAN_POINT ( 'NONE',  ( 20.00000000000000355, 62.50000000000000000, 20.00000000000000000 ) ) ;
#1236 = DIRECTION ( 'NONE',  ( -0.000000000000000000, -0.000000000000000000, 1.000000000000000000 ) ) ;
#1237 = CARTESIAN_POINT ( 'NONE',  ( 62.00000000000000000, 78.50000000000000000, 10.00000000000000000 ) ) ;
#1238 = EDGE_LOOP ( 'NONE', ( #934, #903 ) ) ;
#1239 = EDGE_CURVE ( 'NONE', #195, #583, #729, .T. ) ;
#1240 = ORIENTED_EDGE ( 'NONE', *, *, #415, .T. ) ;
#1241 = CIRCLE ( 'NONE', #1581, 31.50000000000000000 ) ;
#1242 = ORIENTED_EDGE ( 'NONE', *, *, #586, .T. ) ;
#1243 = ORIENTED_EDGE ( 'NONE', *, *, #622, .T. ) ;
#1244 = DIRECTION ( 'NONE',  ( 0.000000000000000000, -0.000000000000000000, 1.000000000000000000 ) ) ;
#1245 = DIRECTION ( 'NONE',  ( -0.000000000000000000, -0.000000000000000000, 1.000000000000000000 ) ) ;
#1246 = LINE ( 'NONE', #796, #348 ) ;
#1247 = AXIS2_PLACEMENT_3D ( 'NONE', #1478, #1632, #961 ) ;
#1248 = ORIENTED_EDGE ( 'NONE', *, *, #1671, .F. ) ;
#1249 = CARTESIAN_POINT ( 'NONE',  ( 49.75000000000000000, 93.00000000000000000, 0.000000000000000000 ) ) ;
#1250 = VECTOR ( 'NONE', #1042, 1000.000000000000000 ) ;
#1251 = CARTESIAN_POINT ( 'NONE',  ( -0.7062268512117301222, 59.67157287525380127, 10.00000000000000000 ) ) ;
#1252 = PERSON_AND_ORGANIZATION_ROLE ( 'creator' ) ;
#1253 = DIRECTION ( 'NONE',  ( 1.000000000000000000, -0.000000000000000000, -0.000000000000000000 ) ) ;
#1254 = FACE_BOUND ( 'NONE', #128, .T. ) ;
#1255 = EDGE_LOOP ( 'NONE', ( #15, #979, #1015, #1546 ) ) ;
#1256 = ORIENTED_EDGE ( 'NONE', *, *, #568, .T. ) ;
#1257 = ORIENTED_EDGE ( 'NONE', *, *, #1307, .F. ) ;
#1258 = CARTESIAN_POINT ( 'NONE',  ( 2.535898384862248278, 62.50000000000000000, 12.00000000000000000 ) ) ;
#1259 = EDGE_CURVE ( 'NONE', #1279, #756, #323, .T. ) ;
#1260 = DIRECTION ( 'NONE',  ( 0.000000000000000000, 0.000000000000000000, 1.000000000000000000 ) ) ;
#1261 = CARTESIAN_POINT ( 'NONE',  ( -17.67766952966371719, -17.67766952966366034, 0.000000000000000000 ) ) ;
#1262 = DIRECTION ( 'NONE',  ( -0.000000000000000000, -0.000000000000000000, 1.000000000000000000 ) ) ;
#1263 = ORIENTED_EDGE ( 'NONE', *, *, #1041, .T. ) ;
#1264 = VERTEX_POINT ( 'NONE', #937 ) ;
#1265 = AXIS2_PLACEMENT_3D ( 'NONE', #853, #1107, #440 ) ;
#1266 = EDGE_LOOP ( 'NONE', ( #119, #121, #100, #549 ) ) ;
#1267 = CARTESIAN_POINT ( 'NONE',  ( -49.75000000000000000, 93.00000000000000000, 10.00000000000000000 ) ) ;
#1268 = AXIS2_PLACEMENT_3D ( 'NONE', #1519, #345, #1542 ) ;
#1269 = EDGE_CURVE ( 'NONE', #140, #600, #555, .T. ) ;
#1270 = AXIS2_PLACEMENT_3D ( 'NONE', #175, #701, #1611 ) ;
#1271 = CARTESIAN_POINT ( 'NONE',  ( 47.50000000000000000, 93.00000000000000000, 0.000000000000000000 ) ) ;
#1272 = VECTOR ( 'NONE', #591, 1000.000000000000000 ) ;
#1273 = LINE ( 'NONE', #751, #1524 ) ;
#1274 = EDGE_CURVE ( 'NONE', #860, #1133, #29, .T. ) ;
#1275 = CARTESIAN_POINT ( 'NONE',  ( -49.75000000000000000, 93.00000000000000000, 0.000000000000000000 ) ) ;
#1276 = LINE ( 'NONE', #1044, #725 ) ;
#1277 = VECTOR ( 'NONE', #417, 1000.000000000000000 ) ;
#1278 = VERTEX_POINT ( 'NONE', #578 ) ;
#1279 = VERTEX_POINT ( 'NONE', #1591 ) ;
#1280 = EDGE_LOOP ( 'NONE', ( #280, #1114 ) ) ;
#1281 = DIRECTION ( 'NONE',  ( -0.000000000000000000, 0.000000000000000000, 1.000000000000000000 ) ) ;
#1282 = AXIS2_PLACEMENT_3D ( 'NONE', #930, #1449, #279 ) ;
#1283 = DIRECTION ( 'NONE',  ( -0.000000000000000000, -0.000000000000000000, -1.000000000000000000 ) ) ;
#1284 = FACE_BOUND ( 'NONE', #1155, .T. ) ;
#1285 = LINE ( 'NONE', #118, #789 ) ;
#1286 = EDGE_CURVE ( 'NONE', #1264, #1174, #809, .T. ) ;
#1287 = VERTEX_POINT ( 'NONE', #1215 ) ;
#1288 = EDGE_LOOP ( 'NONE', ( #360, #457, #1069, #1212 ) ) ;
#1289 = ORIENTED_EDGE ( 'NONE', *, *, #1612, .T. ) ;
#1290 = DIRECTION ( 'NONE',  ( -0.000000000000000000, -0.000000000000000000, 1.000000000000000000 ) ) ;
#1291 = FACE_BOUND ( 'NONE', #836, .T. ) ;
#1292 = DIRECTION ( 'NONE',  ( 1.000000000000000000, 0.000000000000000000, 0.000000000000000000 ) ) ;
#1293 = ORIENTED_EDGE ( 'NONE', *, *, #1173, .T. ) ;
#1294 = EDGE_CURVE ( 'NONE', #1278, #273, #952, .T. ) ;
#1295 = ORIENTED_EDGE ( 'NONE', *, *, #1138, .T. ) ;
#1296 = ORIENTED_EDGE ( 'NONE', *, *, #516, .F. ) ;
#1297 = AXIS2_PLACEMENT_3D ( 'NONE', #654, #788, #774 ) ;
#1298 = DIRECTION ( 'NONE',  ( 1.000000000000000000, 0.000000000000000000, 0.000000000000000000 ) ) ;
#1299 = CARTESIAN_POINT ( 'NONE',  ( -17.67766952966358929, 17.67766952966378113, 10.00000000000000000 ) ) ;
#1300 = AXIS2_PLACEMENT_3D ( 'NONE', #506, #1557, #1157 ) ;
#1301 = VECTOR ( 'NONE', #562, 1000.000000000000000 ) ;
#1302 = VERTEX_POINT ( 'NONE', #840 ) ;
#1303 = DIRECTION ( 'NONE',  ( 0.000000000000000000, 0.000000000000000000, -1.000000000000000000 ) ) ;
#1304 = ORIENTED_EDGE ( 'NONE', *, *, #963, .F. ) ;
#1305 = VERTEX_POINT ( 'NONE', #310 ) ;
#1306 = VERTEX_POINT ( 'NONE', #52 ) ;
#1307 = EDGE_CURVE ( 'NONE', #379, #1556, #1075, .T. ) ;
#1308 = CARTESIAN_POINT ( 'NONE',  ( -15.75000000000000000, 1.928818708657081344E-15, 0.000000000000000000 ) ) ;
#1309 = FACE_OUTER_BOUND ( 'NONE', #1362, .T. ) ;
#1310 = ORIENTED_EDGE ( 'NONE', *, *, #661, .T. ) ;
#1311 = VERTEX_POINT ( 'NONE', #1615 ) ;
#1312 = ADVANCED_FACE ( 'NONE', ( #1597 ), #442, .F. ) ;
#1313 = DIRECTION ( 'NONE',  ( -0.000000000000000000, -0.000000000000000000, 1.000000000000000000 ) ) ;
#1314 = DIRECTION ( 'NONE',  ( -0.000000000000000000, -0.000000000000000000, 1.000000000000000000 ) ) ;
#1315 = VERTEX_POINT ( 'NONE', #1456 ) ;
#1316 = FACE_OUTER_BOUND ( 'NONE', #665, .T. ) ;
#1317 = VERTEX_POINT ( 'NONE', #547 ) ;
#1318 = DIRECTION ( 'NONE',  ( -0.000000000000000000, -0.000000000000000000, 1.000000000000000000 ) ) ;
#1319 = CARTESIAN_POINT ( 'NONE',  ( -1.732050807568870532, 63.50000000000000000, 12.00000000000000000 ) ) ;
#1320 = CIRCLE ( 'NONE', #1604, 2.250000000000001776 ) ;
#1321 = APPROVAL_DATE_TIME ( #182, #1461 ) ;
#1322 = DIRECTION ( 'NONE',  ( 0.000000000000000000, 0.000000000000000000, -1.000000000000000000 ) ) ;
#1323 = EDGE_CURVE ( 'NONE', #243, #1680, #832, .T. ) ;
#1324 = AXIS2_PLACEMENT_3D ( 'NONE', #847, #206, #747 ) ;
#1325 = ORIENTED_EDGE ( 'NONE', *, *, #409, .T. ) ;
#1326 = CYLINDRICAL_SURFACE ( 'NONE', #552, 65.00000000000000000 ) ;
#1327 = DIRECTION ( 'NONE',  ( 0.000000000000000000, 0.000000000000000000, 1.000000000000000000 ) ) ;
#1328 = DIRECTION ( 'NONE',  ( 1.000000000000000000, 0.000000000000000000, 0.000000000000000000 ) ) ;
#1329 = AXIS2_PLACEMENT_3D ( 'NONE', #671, #655, #394 ) ;
#1330 = DIRECTION ( 'NONE',  ( 0.000000000000000000, 0.000000000000000000, -1.000000000000000000 ) ) ;
#1331 = AXIS2_PLACEMENT_3D ( 'NONE', #559, #932, #1201 ) ;
#1332 = EDGE_CURVE ( 'NONE', #258, #1672, #1560, .T. ) ;
#1333 = ORIENTED_EDGE ( 'NONE', *, *, #970, .T. ) ;
#1334 = DIRECTION ( 'NONE',  ( 1.000000000000000000, 0.000000000000000000, 0.000000000000000000 ) ) ;
#1335 = DIRECTION ( 'NONE',  ( 1.000000000000000000, 0.000000000000000000, 0.000000000000000000 ) ) ;
#1336 = CARTESIAN_POINT ( 'NONE',  ( -31.09756097560975263, 20.95690104400537734, 0.000000000000000000 ) ) ;
#1337 = CARTESIAN_POINT ( 'NONE',  ( 0.000000000000000000, 0.000000000000000000, 16.80000000000000071 ) ) ;
#1338 = LINE ( 'NONE', #564, #772 ) ;
#1339 = PLANE ( 'NONE',  #1270 ) ;
#1340 = ORIENTED_EDGE ( 'NONE', *, *, #1447, .T. ) ;
#1341 = EDGE_CURVE ( 'NONE', #495, #1063, #543, .T. ) ;
#1342 = DIRECTION ( 'NONE',  ( -1.000000000000000000, 0.000000000000000000, 0.000000000000000000 ) ) ;
#1343 = APPROVAL ( #461, 'UNSPECIFIED' ) ;
#1344 = EDGE_CURVE ( 'NONE', #220, #1515, #320, .T. ) ;
#1345 = CARTESIAN_POINT ( 'NONE',  ( 62.00000000000000000, 78.50000000000000000, 0.000000000000000000 ) ) ;
#1346 = CARTESIAN_POINT ( 'NONE',  ( 20.00000000000000355, 57.28219618694799919, 0.000000000000000000 ) ) ;
#1347 = DIRECTION ( 'NONE',  ( 1.000000000000000000, 0.000000000000000000, 0.000000000000000000 ) ) ;
#1348 = DIRECTION ( 'NONE',  ( -0.000000000000000000, -0.000000000000000000, -1.000000000000000000 ) ) ;
#1349 = ORIENTED_EDGE ( 'NONE', *, *, #869, .T. ) ;
#1350 = DIRECTION ( 'NONE',  ( -0.000000000000000000, -0.000000000000000000, -1.000000000000000000 ) ) ;
#1351 = VECTOR ( 'NONE', #757, 1000.000000000000000 ) ;
#1352 = VECTOR ( 'NONE', #1491, 1000.000000000000000 ) ;
#1353 = ORIENTED_EDGE ( 'NONE', *, *, #1213, .F. ) ;
#1354 =( GEOMETRIC_REPRESENTATION_CONTEXT ( 3 ) GLOBAL_UNCERTAINTY_ASSIGNED_CONTEXT ( ( #363 ) ) GLOBAL_UNIT_ASSIGNED_CONTEXT ( ( #443, #59, #714 ) ) REPRESENTATION_CONTEXT ( 'NONE', 'WORKASPACE' ) );
#1355 = CARTESIAN_POINT ( 'NONE',  ( -17.67766952966371719, -17.67766952966366034, 10.00000000000000000 ) ) ;
#1356 = FACE_OUTER_BOUND ( 'NONE', #617, .T. ) ;
#1357 = EDGE_CURVE ( 'NONE', #583, #195, #901, .T. ) ;
#1358 = DIRECTION ( 'NONE',  ( -0.000000000000000000, -0.000000000000000000, 1.000000000000000000 ) ) ;
#1359 = CARTESIAN_POINT ( 'NONE',  ( 0.000000000000000000, 0.000000000000000000, 0.000000000000000000 ) ) ;
#1360 = VERTEX_POINT ( 'NONE', #944 ) ;
#1361 = EDGE_LOOP ( 'NONE', ( #1499, #524 ) ) ;
#1362 = EDGE_LOOP ( 'NONE', ( #381, #149, #1642, #496 ) ) ;
#1363 = DIRECTION ( 'NONE',  ( 0.000000000000000000, 0.000000000000000000, 1.000000000000000000 ) ) ;
#1364 = LINE ( 'NONE', #198, #1413 ) ;
#1365 = FACE_OUTER_BOUND ( 'NONE', #1554, .T. ) ;
#1366 = EDGE_CURVE ( 'NONE', #1643, #924, #1463, .T. ) ;
#1367 = DIRECTION ( 'NONE',  ( -1.000000000000000000, 0.000000000000000000, 0.000000000000000000 ) ) ;
#1368 = FACE_OUTER_BOUND ( 'NONE', #324, .T. ) ;
#1369 = VERTEX_POINT ( 'NONE', #164 ) ;
#1370 = ORIENTED_EDGE ( 'NONE', *, *, #1341, .F. ) ;
#1371 = CARTESIAN_POINT ( 'NONE',  ( 2.535898384862249166, 62.50000000000000000, 12.00000000000000000 ) ) ;
#1372 = DIRECTION ( 'NONE',  ( 1.000000000000000000, -0.000000000000000000, -0.000000000000000000 ) ) ;
#1373 = APPROVAL_DATE_TIME ( #1647, #1343 ) ;
#1374 = CARTESIAN_POINT ( 'NONE',  ( -14.37766952966359035, 17.67766952966378113, 0.000000000000000000 ) ) ;
#1375 = EDGE_CURVE ( 'NONE', #296, #243, #694, .T. ) ;
#1376 = ORIENTED_EDGE ( 'NONE', *, *, #1231, .F. ) ;
#1377 = VECTOR ( 'NONE', #51, 999.9999999999998863 ) ;
#1378 = CIRCLE ( 'NONE', #183, 10.00000000000000178 ) ;
#1379 = VERTEX_POINT ( 'NONE', #1082 ) ;
#1380 = CARTESIAN_POINT ( 'NONE',  ( -19.99999999999999645, 31.72144385112381215, 10.00000000000000000 ) ) ;
#1381 = VECTOR ( 'NONE', #1099, 1000.000000000000000 ) ;
#1382 = LINE ( 'NONE', #856, #1036 ) ;
#1383 = CC_DESIGN_APPROVAL ( #1018, ( #405 ) ) ;
#1384 = DIRECTION ( 'NONE',  ( -0.000000000000000000, -0.000000000000000000, -1.000000000000000000 ) ) ;
#1385 = CYLINDRICAL_SURFACE ( 'NONE', #378, 2.000000000000000000 ) ;
#1386 = ORIENTED_EDGE ( 'NONE', *, *, #1259, .T. ) ;
#1387 = ADVANCED_FACE ( 'NONE', ( #424 ), #700, .F. ) ;
#1388 = ORIENTED_EDGE ( 'NONE', *, *, #626, .F. ) ;
#1389 = CIRCLE ( 'NONE', #1282, 2.000000000000000000 ) ;
#1390 = ORIENTED_EDGE ( 'NONE', *, *, #1520, .T. ) ;
#1391 = DIRECTION ( 'NONE',  ( 0.000000000000000000, -0.000000000000000000, 1.000000000000000000 ) ) ;
#1392 = DIRECTION ( 'NONE',  ( -0.000000000000000000, -0.000000000000000000, 1.000000000000000000 ) ) ;
#1393 = DIRECTION ( 'NONE',  ( 1.000000000000000000, 0.000000000000000000, 0.000000000000000000 ) ) ;
#1394 = DIRECTION ( 'NONE',  ( 0.000000000000000000, 0.000000000000000000, 1.000000000000000000 ) ) ;
#1395 = VERTEX_POINT ( 'NONE', #960 ) ;
#1396 = ORIENTED_EDGE ( 'NONE', *, *, #1400, .F. ) ;
#1397 = EDGE_CURVE ( 'NONE', #186, #439, #621, .T. ) ;
#1398 = EDGE_LOOP ( 'NONE', ( #1039, #334, #257, #710 ) ) ;
#1399 = DIRECTION ( 'NONE',  ( 1.000000000000000000, 0.000000000000000000, 0.000000000000000000 ) ) ;
#1400 = EDGE_CURVE ( 'NONE', #81, #1305, #1000, .T. ) ;
#1401 = LINE ( 'NONE', #328, #1064 ) ;
#1402 = PERSON_AND_ORGANIZATION_ROLE ( 'design_supplier' ) ;
#1403 = CARTESIAN_POINT ( 'NONE',  ( -19.99999999999999645, 63.50000000000000000, 12.00000000000000000 ) ) ;
#1404 = DIRECTION ( 'NONE',  ( 1.000000000000000000, 0.000000000000000000, 0.000000000000000000 ) ) ;
#1405 = FACE_BOUND ( 'NONE', #1126, .T. ) ;
#1406 = LINE ( 'NONE', #663, #895 ) ;
#1407 = ORIENTED_EDGE ( 'NONE', *, *, #560, .T. ) ;
#1408 = EDGE_LOOP ( 'NONE', ( #884, #89, #616, #1429 ) ) ;
#1409 = CIRCLE ( 'NONE', #510, 2.000000000000000000 ) ;
#1410 = ORIENTED_EDGE ( 'NONE', *, *, #1447, .F. ) ;
#1411 = DIRECTION ( 'NONE',  ( -1.000000000000000000, 0.000000000000000000, 0.000000000000000000 ) ) ;
#1412 = VECTOR ( 'NONE', #1253, 1000.000000000000000 ) ;
#1413 = VECTOR ( 'NONE', #620, 1000.000000000000000 ) ;
#1414 = ADVANCED_FACE ( 'NONE', ( #1529 ), #1639, .T. ) ;
#1415 = DIRECTION ( 'NONE',  ( -1.000000000000000000, 0.000000000000000000, 0.000000000000000000 ) ) ;
#1416 = CARTESIAN_POINT ( 'NONE',  ( -19.99999999999999645, 68.50000000000000000, 10.00000000000000000 ) ) ;
#1417 = FACE_OUTER_BOUND ( 'NONE', #1361, .T. ) ;
#1418 = DIRECTION ( 'NONE',  ( 0.000000000000000000, -1.000000000000000000, 0.000000000000000000 ) ) ;
#1419 = ORIENTED_EDGE ( 'NONE', *, *, #42, .T. ) ;
#1420 = ORIENTED_EDGE ( 'NONE', *, *, #1498, .F. ) ;
#1421 = ORIENTED_EDGE ( 'NONE', *, *, #386, .F. ) ;
#1422 = CARTESIAN_POINT ( 'NONE',  ( 37.50000000000000711, 4.592425496802575156E-15, 10.00000000000000000 ) ) ;
#1423 = LINE ( 'NONE', #253, #878 ) ;
#1424 = DIRECTION ( 'NONE',  ( 1.000000000000000000, 0.000000000000000000, 0.000000000000000000 ) ) ;
#1425 = EDGE_CURVE ( 'NONE', #860, #600, #1594, .T. ) ;
#1426 = PLANE ( 'NONE',  #1679 ) ;
#1427 = DIRECTION ( 'NONE',  ( -0.000000000000000000, -1.000000000000000000, -0.000000000000000000 ) ) ;
#1428 = ORIENTED_EDGE ( 'NONE', *, *, #1091, .T. ) ;
#1429 = ORIENTED_EDGE ( 'NONE', *, *, #1476, .F. ) ;
#1430 = ORIENTED_EDGE ( 'NONE', *, *, #1662, .T. ) ;
#1431 = CYLINDRICAL_SURFACE ( 'NONE', #1068, 2.000000000000000000 ) ;
#1432 = LINE ( 'NONE', #635, #1536 ) ;
#1433 = DIRECTION ( 'NONE',  ( -1.000000000000000000, 0.000000000000000000, 0.000000000000000000 ) ) ;
#1434 = CARTESIAN_POINT ( 'NONE',  ( 0.000000000000000000, 0.000000000000000000, 10.00000000000000000 ) ) ;
#1435 = DIRECTION ( 'NONE',  ( -0.000000000000000000, -0.000000000000000000, 1.000000000000000000 ) ) ;
#1436 = EDGE_CURVE ( 'NONE', #870, #1525, #792, .T. ) ;
#1437 = VERTEX_POINT ( 'NONE', #58 ) ;
#1438 = ORIENTED_EDGE ( 'NONE', *, *, #60, .F. ) ;
#1439 = AXIS2_PLACEMENT_3D ( 'NONE', #414, #248, #1072 ) ;
#1440 = CARTESIAN_POINT ( 'NONE',  ( -17.67766952966371719, -17.67766952966366034, 10.00000000000000000 ) ) ;
#1441 = CARTESIAN_POINT ( 'NONE',  ( -31.50000000000000000, 0.000000000000000000, 16.80000000000000071 ) ) ;
#1442 = CIRCLE ( 'NONE', #923, 65.00000000000000000 ) ;
#1443 = AXIS2_PLACEMENT_3D ( 'NONE', #1193, #416, #43 ) ;
#1444 = PLANE ( 'NONE',  #1228 ) ;
#1445 = LOCAL_TIME ( 19, 26, 22.00000000000000000, #1216 ) ;
#1446 = ORIENTED_EDGE ( 'NONE', *, *, #190, .T. ) ;
#1447 = EDGE_CURVE ( 'NONE', #1379, #1395, #1401, .T. ) ;
#1448 = CARTESIAN_POINT ( 'NONE',  ( 20.00000000000000355, 68.49999999999998579, 0.000000000000000000 ) ) ;
#1449 = DIRECTION ( 'NONE',  ( -1.000000000000000000, 0.000000000000000000, -0.000000000000000000 ) ) ;
#1450 = ORIENTED_EDGE ( 'NONE', *, *, #492, .F. ) ;
#1451 = DIRECTION ( 'NONE',  ( -0.000000000000000000, -1.000000000000000000, -0.000000000000000000 ) ) ;
#1452 = DIRECTION ( 'NONE',  ( 1.000000000000000000, 0.000000000000000000, 0.000000000000000000 ) ) ;
#1453 = EDGE_CURVE ( 'NONE', #777, #587, #1108, .T. ) ;
#1454 = CARTESIAN_POINT ( 'NONE',  ( 17.67766952966359639, -17.67766952966377403, 10.00000000000000000 ) ) ;
#1455 = ADVANCED_FACE ( 'NONE', ( #1645 ), #1119, .F. ) ;
#1456 = CARTESIAN_POINT ( 'NONE',  ( 49.75000000000000000, 93.00000000000000000, 10.00000000000000000 ) ) ;
#1457 = CARTESIAN_POINT ( 'NONE',  ( 20.97766952966371790, 17.67766952966366034, 10.00000000000000000 ) ) ;
#1458 = APPLICATION_PROTOCOL_DEFINITION ( 'international standard', 'config_control_design', 1994, #575 ) ;
#1459 = CARTESIAN_POINT ( 'NONE',  ( -20.97766952966359000, 17.67766952966378113, 10.00000000000000000 ) ) ;
#1460 = ORIENTED_EDGE ( 'NONE', *, *, #1225, .F. ) ;
#1461 = APPROVAL ( #1475, 'UNSPECIFIED' ) ;
#1462 = DIRECTION ( 'NONE',  ( -0.000000000000000000, -0.000000000000000000, 1.000000000000000000 ) ) ;
#1463 = LINE ( 'NONE', #569, #1626 ) ;
#1464 = ADVANCED_FACE ( 'NONE', ( #1365 ), #848, .F. ) ;
#1465 = CIRCLE ( 'NONE', #238, 15.00000000000000000 ) ;
#1466 = LINE ( 'NONE', #1076, #766 ) ;
#1467 = VECTOR ( 'NONE', #1504, 1000.000000000000000 ) ;
#1468 = CYLINDRICAL_SURFACE ( 'NONE', #1329, 2.000000000000001332 ) ;
#1469 = VECTOR ( 'NONE', #781, 1000.000000000000000 ) ;
#1470 = ORIENTED_EDGE ( 'NONE', *, *, #492, .T. ) ;
#1471 = DIRECTION ( 'NONE',  ( -0.000000000000000000, -0.000000000000000000, -1.000000000000000000 ) ) ;
#1472 = CARTESIAN_POINT ( 'NONE',  ( -31.50000000000000000, 0.000000000000000000, 10.00000000000000000 ) ) ;
#1473 = CARTESIAN_POINT ( 'NONE',  ( -30.00000000000000000, 68.50000000000000000, 0.000000000000000000 ) ) ;
#1474 = CARTESIAN_POINT ( 'NONE',  ( -19.99999999999999645, 60.50000000000000000, 20.00000000000000000 ) ) ;
#1475 = APPROVAL_STATUS ( 'not_yet_approved' ) ;
#1476 = EDGE_CURVE ( 'NONE', #597, #1525, #737, .T. ) ;
#1477 = VECTOR ( 'NONE', #1610, 1000.000000000000000 ) ;
#1478 = CARTESIAN_POINT ( 'NONE',  ( -2.732050807568873640, 65.23205080756886787, 12.00000000000000000 ) ) ;
#1479 = CARTESIAN_POINT ( 'NONE',  ( 31.09756097560976329, 20.95690104400537024, 10.00000000000000000 ) ) ;
#1480 = EDGE_LOOP ( 'NONE', ( #822, #1186 ) ) ;
#1481 = ORIENTED_EDGE ( 'NONE', *, *, #282, .T. ) ;
#1482 = CARTESIAN_POINT ( 'NONE',  ( -17.67766952966358929, 17.67766952966378113, 0.000000000000000000 ) ) ;
#1483 = ORIENTED_EDGE ( 'NONE', *, *, #755, .F. ) ;
#1484 = LINE ( 'NONE', #189, #1175 ) ;
#1485 = DIRECTION ( 'NONE',  ( 0.000000000000000000, 0.000000000000000000, 1.000000000000000000 ) ) ;
#1486 = DIRECTION ( 'NONE',  ( -0.000000000000000000, -0.000000000000000000, 1.000000000000000000 ) ) ;
#1487 = CARTESIAN_POINT ( 'NONE',  ( -19.99999999999999645, 68.50000000000000000, 0.000000000000000000 ) ) ;
#1488 = EDGE_CURVE ( 'NONE', #1317, #1264, #630, .T. ) ;
#1489 = ORIENTED_EDGE ( 'NONE', *, *, #956, .F. ) ;
#1490 = CARTESIAN_POINT ( 'NONE',  ( -47.00000000000000000, 92.50000000000001421, 0.000000000000000000 ) ) ;
#1491 = DIRECTION ( 'NONE',  ( -1.000000000000000000, -0.000000000000000000, -0.000000000000000000 ) ) ;
#1492 = PLANE ( 'NONE',  #1586 ) ;
#1493 = CIRCLE ( 'NONE', #181, 15.75000000000000000 ) ;
#1494 = CIRCLE ( 'NONE', #628, 37.50000000000000711 ) ;
#1495 = ORIENTED_EDGE ( 'NONE', *, *, #1112, .T. ) ;
#1496 = CIRCLE ( 'NONE', #817, 2.250000000000001776 ) ;
#1497 = CIRCLE ( 'NONE', #706, 3.300000000000000711 ) ;
#1498 = EDGE_CURVE ( 'NONE', #1525, #870, #1496, .T. ) ;
#1499 = ORIENTED_EDGE ( 'NONE', *, *, #1332, .T. ) ;
#1500 = CC_DESIGN_APPROVAL ( #1343, ( #24 ) ) ;
#1501 = CARTESIAN_POINT ( 'NONE',  ( 1.732050807568871864, 65.50000000000000000, 12.00000000000000000 ) ) ;
#1502 = CARTESIAN_POINT ( 'NONE',  ( 47.00000000000000000, 93.50000000000000000, 0.000000000000000000 ) ) ;
#1503 = DIRECTION ( 'NONE',  ( -0.000000000000000000, -0.000000000000000000, -1.000000000000000000 ) ) ;
#1504 = DIRECTION ( 'NONE',  ( -0.000000000000000000, -0.000000000000000000, 1.000000000000000000 ) ) ;
#1505 = CIRCLE ( 'NONE', #299, 3.300000000000000711 ) ;
#1506 = ORIENTED_EDGE ( 'NONE', *, *, #1274, .F. ) ;
#1507 = ORIENTED_EDGE ( 'NONE', *, *, #582, .F. ) ;
#1508 = DIRECTION ( 'NONE',  ( 0.000000000000000000, -1.000000000000000000, 0.000000000000000000 ) ) ;
#1509 = CARTESIAN_POINT ( 'NONE',  ( 17.67766952966359639, -17.67766952966377403, 10.00000000000000000 ) ) ;
#1510 = DIRECTION ( 'NONE',  ( 1.000000000000000000, 0.000000000000000000, 0.000000000000000000 ) ) ;
#1511 = ADVANCED_FACE ( 'NONE', ( #477 ), #226, .F. ) ;
#1512 = DIRECTION ( 'NONE',  ( -1.000000000000000000, 0.000000000000000000, 0.000000000000000000 ) ) ;
#1513 = ORIENTED_EDGE ( 'NONE', *, *, #582, .T. ) ;
#1514 = ORIENTED_EDGE ( 'NONE', *, *, #107, .T. ) ;
#1515 = VERTEX_POINT ( 'NONE', #991 ) ;
#1516 = DIRECTION ( 'NONE',  ( 1.000000000000000000, 0.000000000000000000, 0.000000000000000000 ) ) ;
#1517 = CARTESIAN_POINT ( 'NONE',  ( -19.99999999999999645, 65.50000000000000000, 12.00000000000000000 ) ) ;
#1518 = COORDINATED_UNIVERSAL_TIME_OFFSET ( 1, 0, .AHEAD. ) ;
#1519 = CARTESIAN_POINT ( 'NONE',  ( 85.00000000000000000, 57.28219618694800630, 0.000000000000000000 ) ) ;
#1520 = EDGE_CURVE ( 'NONE', #232, #439, #1382, .T. ) ;
#1521 = CARTESIAN_POINT ( 'NONE',  ( 0.000000000000000000, 0.000000000000000000, 16.80000000000000071 ) ) ;
#1522 = ORIENTED_EDGE ( 'NONE', *, *, #361, .F. ) ;
#1523 = CIRCLE ( 'NONE', #1085, 3.300000000000000711 ) ;
#1524 = VECTOR ( 'NONE', #455, 999.9999999999998863 ) ;
#1525 = VERTEX_POINT ( 'NONE', #973 ) ;
#1526 = CYLINDRICAL_SURFACE ( 'NONE', #240, 15.00000000000000000 ) ;
#1527 = LINE ( 'NONE', #602, #707 ) ;
#1528 = AXIS2_PLACEMENT_3D ( 'NONE', #1183, #527, #272 ) ;
#1529 = FACE_OUTER_BOUND ( 'NONE', #1593, .T. ) ;
#1530 = LINE ( 'NONE', #867, #540 ) ;
#1531 = DIRECTION ( 'NONE',  ( -1.000000000000000000, 9.251858538542971828E-16, 0.000000000000000000 ) ) ;
#1532 = EDGE_CURVE ( 'NONE', #1302, #1595, #20, .T. ) ;
#1533 = VERTEX_POINT ( 'NONE', #1346 ) ;
#1534 = ADVANCED_FACE ( 'NONE', ( #1098 ), #936, .F. ) ;
#1535 = VERTEX_POINT ( 'NONE', #826 ) ;
#1536 = VECTOR ( 'NONE', #5, 1000.000000000000000 ) ;
#1537 = ORIENTED_EDGE ( 'NONE', *, *, #1602, .T. ) ;
#1538 = FACE_OUTER_BOUND ( 'NONE', #1255, .T. ) ;
#1539 = DIRECTION ( 'NONE',  ( 1.000000000000000000, 0.000000000000000000, 0.000000000000000000 ) ) ;
#1540 = DIRECTION ( 'NONE',  ( 0.000000000000000000, -1.000000000000000000, 0.000000000000000000 ) ) ;
#1541 = DIRECTION ( 'NONE',  ( -0.000000000000000000, -0.000000000000000000, 1.000000000000000000 ) ) ;
#1542 = DIRECTION ( 'NONE',  ( 1.000000000000000000, 0.000000000000000000, 0.000000000000000000 ) ) ;
#1543 = DIRECTION ( 'NONE',  ( 1.000000000000000000, 0.000000000000000000, -0.000000000000000000 ) ) ;
#1544 = CARTESIAN_POINT ( 'NONE',  ( 14.37766952966371470, 17.67766952966366034, 10.00000000000000000 ) ) ;
#1545 = ORIENTED_EDGE ( 'NONE', *, *, #1357, .T. ) ;
#1546 = ORIENTED_EDGE ( 'NONE', *, *, #458, .F. ) ;
#1547 = EDGE_CURVE ( 'NONE', #1556, #1163, #242, .T. ) ;
#1548 = ORIENTED_EDGE ( 'NONE', *, *, #1239, .T. ) ;
#1549 = CARTESIAN_POINT ( 'NONE',  ( 0.000000000000000000, 0.000000000000000000, 10.00000000000000000 ) ) ;
#1550 = CARTESIAN_POINT ( 'NONE',  ( -17.67766952966358929, 17.67766952966378113, 10.00000000000000000 ) ) ;
#1551 = LINE ( 'NONE', #1582, #1221 ) ;
#1552 = DIRECTION ( 'NONE',  ( 1.000000000000000000, 0.000000000000000000, 0.000000000000000000 ) ) ;
#1553 = CARTESIAN_POINT ( 'NONE',  ( 45.25000000000000000, 93.00000000000000000, 10.00000000000000000 ) ) ;
#1554 = EDGE_LOOP ( 'NONE', ( #723, #657, #967, #767 ) ) ;
#1555 = AXIS2_PLACEMENT_3D ( 'NONE', #1097, #1214, #959 ) ;
#1556 = VERTEX_POINT ( 'NONE', #432 ) ;
#1557 = DIRECTION ( 'NONE',  ( -0.000000000000000000, -0.000000000000000000, -1.000000000000000000 ) ) ;
#1558 = EDGE_CURVE ( 'NONE', #1302, #474, #1614, .T. ) ;
#1559 = CIRCLE ( 'NONE', #156, 15.75000000000000000 ) ;
#1560 = CIRCLE ( 'NONE', #1149, 37.50000000000001421 ) ;
#1561 = CARTESIAN_POINT ( 'NONE',  ( -37.50000000000001421, 0.000000000000000000, 16.80000000000000071 ) ) ;
#1562 = CC_DESIGN_APPROVAL ( #1461, ( #978 ) ) ;
#1563 = CARTESIAN_POINT ( 'NONE',  ( -31.50000000000000000, 0.000000000000000000, 16.80000000000000071 ) ) ;
#1564 = DIRECTION ( 'NONE',  ( 1.000000000000000000, 0.000000000000000000, 0.000000000000000000 ) ) ;
#1565 = ORIENTED_EDGE ( 'NONE', *, *, #536, .T. ) ;
#1566 = EDGE_LOOP ( 'NONE', ( #610, #1585, #709, #779 ) ) ;
#1567 = VERTEX_POINT ( 'NONE', #1336 ) ;
#1568 = DIRECTION ( 'NONE',  ( -1.000000000000000000, 0.000000000000000000, 0.000000000000000000 ) ) ;
#1569 = VECTOR ( 'NONE', #1435, 1000.000000000000000 ) ;
#1570 = AXIS2_PLACEMENT_3D ( 'NONE', #281, #731, #1334 ) ;
#1571 = DIRECTION ( 'NONE',  ( 1.000000000000000000, 0.000000000000000000, 0.000000000000000000 ) ) ;
#1572 = CARTESIAN_POINT ( 'NONE',  ( 17.67766952966371719, 17.67766952966366034, 10.00000000000000000 ) ) ;
#1573 = EDGE_CURVE ( 'NONE', #639, #1595, #441, .T. ) ;
#1574 = DIRECTION ( 'NONE',  ( -1.000000000000000000, 0.000000000000000000, -0.000000000000000000 ) ) ;
#1575 = ORIENTED_EDGE ( 'NONE', *, *, #1286, .F. ) ;
#1576 = ORIENTED_EDGE ( 'NONE', *, *, #144, .T. ) ;
#1577 = CARTESIAN_POINT ( 'NONE',  ( -1.732050807568870976, 63.50000000000000000, 12.00000000000000000 ) ) ;
#1578 = EDGE_CURVE ( 'NONE', #1163, #1556, #453, .T. ) ;
#1579 = CARTESIAN_POINT ( 'NONE',  ( 30.00000000000000711, 68.50000000000000000, 10.00000000000000000 ) ) ;
#1580 = ORIENTED_EDGE ( 'NONE', *, *, #883, .F. ) ;
#1581 = AXIS2_PLACEMENT_3D ( 'NONE', #1434, #261, #1292 ) ;
#1582 = CARTESIAN_POINT ( 'NONE',  ( -19.99999999999999645, 63.50000000000000000, 20.00000000000000000 ) ) ;
#1583 = AXIS2_PLACEMENT_3D ( 'NONE', #202, #624, #1512 ) ;
#1584 = VECTOR ( 'NONE', #827, 1000.000000000000000 ) ;
#1585 = ORIENTED_EDGE ( 'NONE', *, *, #626, .T. ) ;
#1586 = AXIS2_PLACEMENT_3D ( 'NONE', #687, #563, #556 ) ;
#1587 = ADVANCED_FACE ( 'NONE', ( #1356 ), #854, .F. ) ;
#1588 = ORIENTED_EDGE ( 'NONE', *, *, #1286, .T. ) ;
#1589 = EDGE_CURVE ( 'NONE', #1311, #557, #1364, .T. ) ;
#1590 = ORIENTED_EDGE ( 'NONE', *, *, #622, .F. ) ;
#1591 = CARTESIAN_POINT ( 'NONE',  ( 14.37766952966371470, 17.67766952966366034, 0.000000000000000000 ) ) ;
#1592 = MECHANICAL_CONTEXT ( 'NONE', #715, 'mechanical' ) ;
#1593 = EDGE_LOOP ( 'NONE', ( #1565, #679, #768, #513 ) ) ;
#1594 =( BOUNDED_CURVE ( )  B_SPLINE_CURVE ( 3, ( #1146, #1251, #749, #337 ),
 .UNSPECIFIED., .F., .F. ) 
 B_SPLINE_CURVE_WITH_KNOTS ( ( 4, 4 ),
 ( 1.570796326794896558, 3.141592653589793116 ),
 .UNSPECIFIED. ) 
 CURVE ( )  GEOMETRIC_REPRESENTATION_ITEM ( )  RATIONAL_B_SPLINE_CURVE ( ( 1.000000000000000000, 0.8047378541243649375, 0.8047378541243649375, 1.000000000000000000 ) ) 
 REPRESENTATION_ITEM ( '' )  );
#1595 = VERTEX_POINT ( 'NONE', #1136 ) ;
#1596 = EDGE_CURVE ( 'NONE', #1369, #1643, #351, .T. ) ;
#1597 = FACE_OUTER_BOUND ( 'NONE', #558, .T. ) ;
#1598 = DIRECTION ( 'NONE',  ( 1.000000000000000000, 0.000000000000000000, 0.000000000000000000 ) ) ;
#1599 = VERTEX_POINT ( 'NONE', #355 ) ;
#1600 = CARTESIAN_POINT ( 'NONE',  ( -19.99999999999999645, 60.50000000000000000, 20.00000000000000000 ) ) ;
#1601 = DIRECTION ( 'NONE',  ( 0.000000000000000000, 1.000000000000000000, 0.000000000000000000 ) ) ;
#1602 = EDGE_CURVE ( 'NONE', #1141, #583, #990, .T. ) ;
#1603 = DIRECTION ( 'NONE',  ( 0.000000000000000000, 0.000000000000000000, 1.000000000000000000 ) ) ;
#1604 = AXIS2_PLACEMENT_3D ( 'NONE', #607, #680, #824 ) ;
#1605 = CIRCLE ( 'NONE', #839, 3.300000000000000711 ) ;
#1606 = PRODUCT_DEFINITION_SHAPE ( 'NONE', 'NONE',  #978 ) ;
#1607 = DIRECTION ( 'NONE',  ( -0.000000000000000000, -0.000000000000000000, 1.000000000000000000 ) ) ;
#1608 = DIRECTION ( 'NONE',  ( 0.000000000000000000, 1.000000000000000000, 0.000000000000000000 ) ) ;
#1609 = DIRECTION ( 'NONE',  ( 0.000000000000000000, 0.000000000000000000, 1.000000000000000000 ) ) ;
#1610 = DIRECTION ( 'NONE',  ( -0.000000000000000000, -0.000000000000000000, -1.000000000000000000 ) ) ;
#1611 = DIRECTION ( 'NONE',  ( 0.000000000000000000, -0.000000000000000000, 1.000000000000000000 ) ) ;
#1612 = EDGE_CURVE ( 'NONE', #1535, #1163, #1527, .T. ) ;
#1613 = CARTESIAN_POINT ( 'NONE',  ( 20.00000000000000355, 62.50000000000000000, 20.00000000000000000 ) ) ;
#1614 = LINE ( 'NONE', #685, #683 ) ;
#1615 = CARTESIAN_POINT ( 'NONE',  ( -30.00000000000000000, 78.50000000000000000, 0.000000000000000000 ) ) ;
#1616 = CYLINDRICAL_SURFACE ( 'NONE', #877, 37.50000000000000711 ) ;
#1617 = ORIENTED_EDGE ( 'NONE', *, *, #1366, .F. ) ;
#1618 = EDGE_CURVE ( 'NONE', #1, #1103, #546, .T. ) ;
#1619 = ORIENTED_EDGE ( 'NONE', *, *, #956, .T. ) ;
#1620 = LINE ( 'NONE', #1501, #44 ) ;
#1621 = COORDINATED_UNIVERSAL_TIME_OFFSET ( 1, 0, .AHEAD. ) ;
#1622 = DIRECTION ( 'NONE',  ( 1.000000000000000000, 0.000000000000000000, 0.000000000000000000 ) ) ;
#1623 = VECTOR ( 'NONE', #1462, 1000.000000000000000 ) ;
#1624 = ORIENTED_EDGE ( 'NONE', *, *, #1671, .T. ) ;
#1625 = VECTOR ( 'NONE', #467, 1000.000000000000000 ) ;
#1626 = VECTOR ( 'NONE', #1327, 1000.000000000000000 ) ;
#1627 = ADVANCED_FACE ( 'NONE', ( #191 ), #1492, .F. ) ;
#1628 = VERTEX_POINT ( 'NONE', #302 ) ;
#1629 = LINE ( 'NONE', #335, #130 ) ;
#1630 = DIRECTION ( 'NONE',  ( 0.000000000000000000, -0.000000000000000000, -1.000000000000000000 ) ) ;
#1631 = APPROVAL_STATUS ( 'not_yet_approved' ) ;
#1632 = DIRECTION ( 'NONE',  ( 0.8660254037844378194, 0.5000000000000014433, 0.000000000000000000 ) ) ;
#1633 = DIRECTION ( 'NONE',  ( 0.000000000000000000, 0.000000000000000000, 1.000000000000000000 ) ) ;
#1634 = AXIS2_PLACEMENT_3D ( 'NONE', #331, #184, #1121 ) ;
#1635 = ORIENTED_EDGE ( 'NONE', *, *, #1274, .T. ) ;
#1636 = ORIENTED_EDGE ( 'NONE', *, *, #1488, .F. ) ;
#1637 = CYLINDRICAL_SURFACE ( 'NONE', #482, 15.00000000000000000 ) ;
#1638 = EDGE_CURVE ( 'NONE', #258, #1306, #193, .T. ) ;
#1639 = PLANE ( 'NONE',  #404 ) ;
#1640 = CALENDAR_DATE ( 2026, 3, 3 ) ;
#1641 = LINE ( 'NONE', #1661, #969 ) ;
#1642 = ORIENTED_EDGE ( 'NONE', *, *, #1425, .F. ) ;
#1643 = VERTEX_POINT ( 'NONE', #953 ) ;
#1644 = CARTESIAN_POINT ( 'NONE',  ( -30.00000000000000000, 68.50000000000000000, 0.000000000000000000 ) ) ;
#1645 = FACE_OUTER_BOUND ( 'NONE', #1398, .T. ) ;
#1646 = EDGE_CURVE ( 'NONE', #1680, #783, #891, .T. ) ;
#1647 = DATE_AND_TIME ( #750, #1200 ) ;
#1648 = DIRECTION ( 'NONE',  ( -0.000000000000000000, -0.000000000000000000, 1.000000000000000000 ) ) ;
#1649 = CC_DESIGN_DATE_AND_TIME_ASSIGNMENT ( #857, #452, ( #24 ) ) ;
#1650 = DIRECTION ( 'NONE',  ( -1.000000000000000000, 0.000000000000000000, 0.000000000000000000 ) ) ;
#1651 = ORIENTED_EDGE ( 'NONE', *, *, #1400, .T. ) ;
#1652 = AXIS2_PLACEMENT_3D ( 'NONE', #1004, #763, #1543 ) ;
#1653 = ORIENTED_EDGE ( 'NONE', *, *, #53, .T. ) ;
#1654 = AXIS2_PLACEMENT_3D ( 'NONE', #1355, #1234, #65 ) ;
#1655 = ORIENTED_EDGE ( 'NONE', *, *, #970, .F. ) ;
#1656 = DIRECTION ( 'NONE',  ( 1.000000000000000000, 0.000000000000000000, 0.000000000000000000 ) ) ;
#1657 = AXIS2_PLACEMENT_3D ( 'NONE', #1474, #1608, #434 ) ;
#1658 = CARTESIAN_POINT ( 'NONE',  ( -45.25000000000000000, 93.00000000000000000, 10.00000000000000000 ) ) ;
#1659 = APPROVAL_PERSON_ORGANIZATION ( #488, #1018, #1109 ) ;
#1660 = DIRECTION ( 'NONE',  ( 0.000000000000000000, 0.000000000000000000, 1.000000000000000000 ) ) ;
#1661 = CARTESIAN_POINT ( 'NONE',  ( -31.09756097560975618, 20.95690104400538445, 10.00000000000000000 ) ) ;
#1662 = EDGE_CURVE ( 'NONE', #1019, #542, #45, .T. ) ;
#1663 = VERTEX_POINT ( 'NONE', #1204 ) ;
#1664 = ORIENTED_EDGE ( 'NONE', *, *, #1682, .T. ) ;
#1665 = ORIENTED_EDGE ( 'NONE', *, *, #4, .F. ) ;
#1666 = CARTESIAN_POINT ( 'NONE',  ( 2.535898384862247834, 62.50000000000000000, 10.82842712474618985 ) ) ;
#1667 = FACE_OUTER_BOUND ( 'NONE', #307, .T. ) ;
#1668 = DIRECTION ( 'NONE',  ( 1.000000000000000000, 0.000000000000000000, 0.000000000000000000 ) ) ;
#1669 = LINE ( 'NONE', #1013, #346 ) ;
#1670 = ORIENTED_EDGE ( 'NONE', *, *, #1498, .T. ) ;
#1671 = EDGE_CURVE ( 'NONE', #243, #220, #435, .T. ) ;
#1672 = VERTEX_POINT ( 'NONE', #1230 ) ;
#1673 = ORIENTED_EDGE ( 'NONE', *, *, #409, .F. ) ;
#1674 = DIRECTION ( 'NONE',  ( 0.000000000000000000, 0.000000000000000000, 1.000000000000000000 ) ) ;
#1675 = DIRECTION ( 'NONE',  ( 1.000000000000000000, 0.000000000000000000, 0.000000000000000000 ) ) ;
#1676 = LINE ( 'NONE', #627, #480 ) ;
#1677 = ORIENTED_EDGE ( 'NONE', *, *, #203, .F. ) ;
#1678 = ORIENTED_EDGE ( 'NONE', *, *, #1294, .T. ) ;
#1679 = AXIS2_PLACEMENT_3D ( 'NONE', #1521, #500, #255 ) ;
#1680 = VERTEX_POINT ( 'NONE', #1211 ) ;
#1681 = AXIS2_PLACEMENT_3D ( 'NONE', #464, #1003, #986 ) ;
#1682 = EDGE_CURVE ( 'NONE', #734, #743, #1466, .T. ) ;
#1683 = AXIS2_PLACEMENT_3D ( 'NONE', #726, #487, #86 ) ;
#1684 = DIRECTION ( 'NONE',  ( 0.000000000000000000, 0.000000000000000000, 1.000000000000000000 ) ) ;
#1685 = CYLINDRICAL_SURFACE ( 'NONE', #764, 3.300000000000000711 ) ;
#1686 = EDGE_LOOP ( 'NONE', ( #222, #1537, #1545, #1665 ) ) ;
#1687 = ORIENTED_EDGE ( 'NONE', *, *, #1138, .F. ) ;
ENDSEC;
END-ISO-10303-21;
