[0.149s] DEBUG:colcon:Command line arguments: ['/usr/bin/colcon', 'build']
[0.149s] DEBUG:colcon:Parsed command line arguments: Namespace(log_base=None, log_level=None, verb_name='build', build_base='build', install_base='install', merge_install=False, symlink_install=False, test_result_base=None, continue_on_error=False, executor='parallel', parallel_workers=16, event_handlers=None, ignore_user_meta=False, metas=['./colcon.meta'], base_paths=['.'], packages_ignore=None, packages_ignore_regex=None, paths=None, packages_up_to=None, packages_up_to_regex=None, packages_above=None, packages_above_and_dependencies=None, packages_above_depth=None, packages_select_by_dep=None, packages_skip_by_dep=None, packages_skip_up_to=None, packages_select_build_failed=False, packages_skip_build_finished=False, packages_select_test_failures=False, packages_skip_test_passed=False, packages_select=None, packages_skip=None, packages_select_regex=None, packages_skip_regex=None, packages_start=None, packages_end=None, allow_overriding=[], cmake_args=None, cmake_target=None, cmake_target_skip_unavailable=False, cmake_clean_cache=False, cmake_clean_first=False, cmake_force_configure=False, ament_cmake_args=None, catkin_cmake_args=None, catkin_skip_building_tests=False, mixin_files=None, mixin=None, verb_parser=<colcon_mixin.mixin.mixin_argument.MixinArgumentDecorator object at 0x75d73137b040>, verb_extension=<colcon_core.verb.build.BuildVerb object at 0x75d73137a9b0>, main=<bound method BuildVerb.main of <colcon_core.verb.build.BuildVerb object at 0x75d73137a9b0>>, mixin_verb=('build',))
[0.456s] Level 1:colcon.colcon_core.package_discovery:discover_packages(colcon_meta) check parameters
[0.457s] Level 1:colcon.colcon_core.package_discovery:discover_packages(recursive) check parameters
[0.457s] Level 1:colcon.colcon_core.package_discovery:discover_packages(ignore) check parameters
[0.457s] Level 1:colcon.colcon_core.package_discovery:discover_packages(path) check parameters
[0.457s] Level 1:colcon.colcon_core.package_discovery:discover_packages(colcon_meta) discover
[0.457s] Level 1:colcon.colcon_core.package_discovery:discover_packages(recursive) discover
[0.457s] INFO:colcon.colcon_core.package_discovery:Crawling recursively for packages in '/home/luca/Stage_Lirmm/Diffusion-model-isaacsim/ur10_real_robot/ros2_ws_luca'
[0.457s] Level 1:colcon.colcon_core.package_identification:_identify(.) by extensions ['ignore', 'ignore_ament_install']
[0.457s] Level 1:colcon.colcon_core.package_identification:_identify(.) by extension 'ignore'
[0.457s] Level 1:colcon.colcon_core.package_identification:_identify(.) by extension 'ignore_ament_install'
[0.457s] Level 1:colcon.colcon_core.package_identification:_identify(.) by extensions ['colcon_pkg']
[0.457s] Level 1:colcon.colcon_core.package_identification:_identify(.) by extension 'colcon_pkg'
[0.457s] Level 1:colcon.colcon_core.package_identification:_identify(.) by extensions ['colcon_meta']
[0.457s] Level 1:colcon.colcon_core.package_identification:_identify(.) by extension 'colcon_meta'
[0.457s] Level 1:colcon.colcon_core.package_identification:_identify(.) by extensions ['ros']
[0.458s] Level 1:colcon.colcon_core.package_identification:_identify(.) by extension 'ros'
[0.471s] Level 1:colcon.colcon_core.package_identification:_identify(.) by extensions ['cmake', 'python']
[0.471s] Level 1:colcon.colcon_core.package_identification:_identify(.) by extension 'cmake'
[0.471s] Level 1:colcon.colcon_core.package_identification:_identify(.) by extension 'python'
[0.471s] Level 1:colcon.colcon_core.package_identification:_identify(.) by extensions ['python_setup_py']
[0.471s] Level 1:colcon.colcon_core.package_identification:_identify(.) by extension 'python_setup_py'
[0.471s] Level 1:colcon.colcon_core.package_identification:_identify(build) by extensions ['ignore', 'ignore_ament_install']
[0.471s] Level 1:colcon.colcon_core.package_identification:_identify(build) by extension 'ignore'
[0.472s] Level 1:colcon.colcon_core.package_identification:_identify(build) ignored
[0.472s] Level 1:colcon.colcon_core.package_identification:_identify(install) by extensions ['ignore', 'ignore_ament_install']
[0.472s] Level 1:colcon.colcon_core.package_identification:_identify(install) by extension 'ignore'
[0.472s] Level 1:colcon.colcon_core.package_identification:_identify(install) ignored
[0.472s] Level 1:colcon.colcon_core.package_identification:_identify(log) by extensions ['ignore', 'ignore_ament_install']
[0.472s] Level 1:colcon.colcon_core.package_identification:_identify(log) by extension 'ignore'
[0.472s] Level 1:colcon.colcon_core.package_identification:_identify(log) ignored
[0.472s] Level 1:colcon.colcon_core.package_identification:_identify(src) by extensions ['ignore', 'ignore_ament_install']
[0.472s] Level 1:colcon.colcon_core.package_identification:_identify(src) by extension 'ignore'
[0.472s] Level 1:colcon.colcon_core.package_identification:_identify(src) by extension 'ignore_ament_install'
[0.472s] Level 1:colcon.colcon_core.package_identification:_identify(src) by extensions ['colcon_pkg']
[0.473s] Level 1:colcon.colcon_core.package_identification:_identify(src) by extension 'colcon_pkg'
[0.473s] Level 1:colcon.colcon_core.package_identification:_identify(src) by extensions ['colcon_meta']
[0.473s] Level 1:colcon.colcon_core.package_identification:_identify(src) by extension 'colcon_meta'
[0.473s] Level 1:colcon.colcon_core.package_identification:_identify(src) by extensions ['ros']
[0.473s] Level 1:colcon.colcon_core.package_identification:_identify(src) by extension 'ros'
[0.473s] Level 1:colcon.colcon_core.package_identification:_identify(src) by extensions ['cmake', 'python']
[0.473s] Level 1:colcon.colcon_core.package_identification:_identify(src) by extension 'cmake'
[0.473s] Level 1:colcon.colcon_core.package_identification:_identify(src) by extension 'python'
[0.473s] Level 1:colcon.colcon_core.package_identification:_identify(src) by extensions ['python_setup_py']
[0.473s] Level 1:colcon.colcon_core.package_identification:_identify(src) by extension 'python_setup_py'
[0.473s] Level 1:colcon.colcon_core.package_identification:_identify(src/bringup_gripper) by extensions ['ignore', 'ignore_ament_install']
[0.473s] Level 1:colcon.colcon_core.package_identification:_identify(src/bringup_gripper) by extension 'ignore'
[0.473s] Level 1:colcon.colcon_core.package_identification:_identify(src/bringup_gripper) by extension 'ignore_ament_install'
[0.473s] Level 1:colcon.colcon_core.package_identification:_identify(src/bringup_gripper) by extensions ['colcon_pkg']
[0.473s] Level 1:colcon.colcon_core.package_identification:_identify(src/bringup_gripper) by extension 'colcon_pkg'
[0.473s] Level 1:colcon.colcon_core.package_identification:_identify(src/bringup_gripper) by extensions ['colcon_meta']
[0.473s] Level 1:colcon.colcon_core.package_identification:_identify(src/bringup_gripper) by extension 'colcon_meta'
[0.474s] Level 1:colcon.colcon_core.package_identification:_identify(src/bringup_gripper) by extensions ['ros']
[0.474s] Level 1:colcon.colcon_core.package_identification:_identify(src/bringup_gripper) by extension 'ros'
[0.477s] DEBUG:colcon.colcon_core.package_identification:Package 'src/bringup_gripper' with type 'ros.ament_python' and name 'bringup_gripper'
[0.477s] Level 1:colcon.colcon_core.package_identification:_identify(src/earth_robot_moveit_config) by extensions ['ignore', 'ignore_ament_install']
[0.477s] Level 1:colcon.colcon_core.package_identification:_identify(src/earth_robot_moveit_config) by extension 'ignore'
[0.478s] Level 1:colcon.colcon_core.package_identification:_identify(src/earth_robot_moveit_config) by extension 'ignore_ament_install'
[0.478s] Level 1:colcon.colcon_core.package_identification:_identify(src/earth_robot_moveit_config) by extensions ['colcon_pkg']
[0.478s] Level 1:colcon.colcon_core.package_identification:_identify(src/earth_robot_moveit_config) by extension 'colcon_pkg'
[0.478s] Level 1:colcon.colcon_core.package_identification:_identify(src/earth_robot_moveit_config) by extensions ['colcon_meta']
[0.478s] Level 1:colcon.colcon_core.package_identification:_identify(src/earth_robot_moveit_config) by extension 'colcon_meta'
[0.478s] Level 1:colcon.colcon_core.package_identification:_identify(src/earth_robot_moveit_config) by extensions ['ros']
[0.478s] Level 1:colcon.colcon_core.package_identification:_identify(src/earth_robot_moveit_config) by extension 'ros'
[0.482s] DEBUG:colcon.colcon_core.package_identification:Package 'src/earth_robot_moveit_config' with type 'ros.ament_cmake' and name 'earth_robot_moveit_config'
[0.482s] Level 1:colcon.colcon_core.package_identification:_identify(src/onrobot_rg2ft_description) by extensions ['ignore', 'ignore_ament_install']
[0.482s] Level 1:colcon.colcon_core.package_identification:_identify(src/onrobot_rg2ft_description) by extension 'ignore'
[0.482s] Level 1:colcon.colcon_core.package_identification:_identify(src/onrobot_rg2ft_description) by extension 'ignore_ament_install'
[0.482s] Level 1:colcon.colcon_core.package_identification:_identify(src/onrobot_rg2ft_description) by extensions ['colcon_pkg']
[0.482s] Level 1:colcon.colcon_core.package_identification:_identify(src/onrobot_rg2ft_description) by extension 'colcon_pkg'
[0.483s] Level 1:colcon.colcon_core.package_identification:_identify(src/onrobot_rg2ft_description) by extensions ['colcon_meta']
[0.483s] Level 1:colcon.colcon_core.package_identification:_identify(src/onrobot_rg2ft_description) by extension 'colcon_meta'
[0.483s] Level 1:colcon.colcon_core.package_identification:_identify(src/onrobot_rg2ft_description) by extensions ['ros']
[0.483s] Level 1:colcon.colcon_core.package_identification:_identify(src/onrobot_rg2ft_description) by extension 'ros'
[0.483s] DEBUG:colcon.colcon_core.package_identification:Package 'src/onrobot_rg2ft_description' with type 'ros.ament_cmake' and name 'onrobot_rg2ft_description'
[0.484s] Level 1:colcon.colcon_core.package_identification:_identify(src/onrobot_rg_msgs) by extensions ['ignore', 'ignore_ament_install']
[0.484s] Level 1:colcon.colcon_core.package_identification:_identify(src/onrobot_rg_msgs) by extension 'ignore'
[0.484s] Level 1:colcon.colcon_core.package_identification:_identify(src/onrobot_rg_msgs) by extension 'ignore_ament_install'
[0.484s] Level 1:colcon.colcon_core.package_identification:_identify(src/onrobot_rg_msgs) by extensions ['colcon_pkg']
[0.484s] Level 1:colcon.colcon_core.package_identification:_identify(src/onrobot_rg_msgs) by extension 'colcon_pkg'
[0.484s] Level 1:colcon.colcon_core.package_identification:_identify(src/onrobot_rg_msgs) by extensions ['colcon_meta']
[0.484s] Level 1:colcon.colcon_core.package_identification:_identify(src/onrobot_rg_msgs) by extension 'colcon_meta'
[0.484s] Level 1:colcon.colcon_core.package_identification:_identify(src/onrobot_rg_msgs) by extensions ['ros']
[0.484s] Level 1:colcon.colcon_core.package_identification:_identify(src/onrobot_rg_msgs) by extension 'ros'
[0.485s] DEBUG:colcon.colcon_core.package_identification:Package 'src/onrobot_rg_msgs' with type 'ros.ament_cmake' and name 'onrobot_rg_msgs'
[0.485s] Level 1:colcon.colcon_core.package_identification:_identify(src/realsense-ros) by extensions ['ignore', 'ignore_ament_install']
[0.485s] Level 1:colcon.colcon_core.package_identification:_identify(src/realsense-ros) by extension 'ignore'
[0.485s] Level 1:colcon.colcon_core.package_identification:_identify(src/realsense-ros) by extension 'ignore_ament_install'
[0.485s] Level 1:colcon.colcon_core.package_identification:_identify(src/realsense-ros) by extensions ['colcon_pkg']
[0.485s] Level 1:colcon.colcon_core.package_identification:_identify(src/realsense-ros) by extension 'colcon_pkg'
[0.485s] Level 1:colcon.colcon_core.package_identification:_identify(src/realsense-ros) by extensions ['colcon_meta']
[0.485s] Level 1:colcon.colcon_core.package_identification:_identify(src/realsense-ros) by extension 'colcon_meta'
[0.485s] Level 1:colcon.colcon_core.package_identification:_identify(src/realsense-ros) by extensions ['ros']
[0.485s] Level 1:colcon.colcon_core.package_identification:_identify(src/realsense-ros) by extension 'ros'
[0.485s] Level 1:colcon.colcon_core.package_identification:_identify(src/realsense-ros) by extensions ['cmake', 'python']
[0.485s] Level 1:colcon.colcon_core.package_identification:_identify(src/realsense-ros) by extension 'cmake'
[0.485s] Level 1:colcon.colcon_core.package_identification:_identify(src/realsense-ros) by extension 'python'
[0.485s] Level 1:colcon.colcon_core.package_identification:_identify(src/realsense-ros) by extensions ['python_setup_py']
[0.486s] Level 1:colcon.colcon_core.package_identification:_identify(src/realsense-ros) by extension 'python_setup_py'
[0.486s] Level 1:colcon.colcon_core.package_identification:_identify(src/realsense-ros/realsense2_description) by extensions ['ignore', 'ignore_ament_install']
[0.486s] Level 1:colcon.colcon_core.package_identification:_identify(src/realsense-ros/realsense2_description) by extension 'ignore'
[0.486s] Level 1:colcon.colcon_core.package_identification:_identify(src/realsense-ros/realsense2_description) by extension 'ignore_ament_install'
[0.486s] Level 1:colcon.colcon_core.package_identification:_identify(src/realsense-ros/realsense2_description) by extensions ['colcon_pkg']
[0.486s] Level 1:colcon.colcon_core.package_identification:_identify(src/realsense-ros/realsense2_description) by extension 'colcon_pkg'
[0.486s] Level 1:colcon.colcon_core.package_identification:_identify(src/realsense-ros/realsense2_description) by extensions ['colcon_meta']
[0.486s] Level 1:colcon.colcon_core.package_identification:_identify(src/realsense-ros/realsense2_description) by extension 'colcon_meta'
[0.486s] Level 1:colcon.colcon_core.package_identification:_identify(src/realsense-ros/realsense2_description) by extensions ['ros']
[0.486s] Level 1:colcon.colcon_core.package_identification:_identify(src/realsense-ros/realsense2_description) by extension 'ros'
[0.487s] DEBUG:colcon.colcon_core.package_identification:Package 'src/realsense-ros/realsense2_description' with type 'ros.ament_cmake' and name 'realsense2_description'
[0.487s] Level 1:colcon.colcon_core.package_identification:_identify(src/ur_robot_description_cb2) by extensions ['ignore', 'ignore_ament_install']
[0.487s] Level 1:colcon.colcon_core.package_identification:_identify(src/ur_robot_description_cb2) by extension 'ignore'
[0.487s] Level 1:colcon.colcon_core.package_identification:_identify(src/ur_robot_description_cb2) by extension 'ignore_ament_install'
[0.487s] Level 1:colcon.colcon_core.package_identification:_identify(src/ur_robot_description_cb2) by extensions ['colcon_pkg']
[0.488s] Level 1:colcon.colcon_core.package_identification:_identify(src/ur_robot_description_cb2) by extension 'colcon_pkg'
[0.488s] Level 1:colcon.colcon_core.package_identification:_identify(src/ur_robot_description_cb2) by extensions ['colcon_meta']
[0.488s] Level 1:colcon.colcon_core.package_identification:_identify(src/ur_robot_description_cb2) by extension 'colcon_meta'
[0.488s] Level 1:colcon.colcon_core.package_identification:_identify(src/ur_robot_description_cb2) by extensions ['ros']
[0.488s] Level 1:colcon.colcon_core.package_identification:_identify(src/ur_robot_description_cb2) by extension 'ros'
[0.489s] DEBUG:colcon.colcon_core.package_identification:Package 'src/ur_robot_description_cb2' with type 'ros.ament_cmake' and name 'ur_robot_description_cb2'
[0.489s] Level 1:colcon.colcon_core.package_identification:_identify(src/ur_robot_driver_cb2) by extensions ['ignore', 'ignore_ament_install']
[0.489s] Level 1:colcon.colcon_core.package_identification:_identify(src/ur_robot_driver_cb2) by extension 'ignore'
[0.489s] Level 1:colcon.colcon_core.package_identification:_identify(src/ur_robot_driver_cb2) by extension 'ignore_ament_install'
[0.489s] Level 1:colcon.colcon_core.package_identification:_identify(src/ur_robot_driver_cb2) by extensions ['colcon_pkg']
[0.489s] Level 1:colcon.colcon_core.package_identification:_identify(src/ur_robot_driver_cb2) by extension 'colcon_pkg'
[0.489s] Level 1:colcon.colcon_core.package_identification:_identify(src/ur_robot_driver_cb2) by extensions ['colcon_meta']
[0.489s] Level 1:colcon.colcon_core.package_identification:_identify(src/ur_robot_driver_cb2) by extension 'colcon_meta'
[0.489s] Level 1:colcon.colcon_core.package_identification:_identify(src/ur_robot_driver_cb2) by extensions ['ros']
[0.490s] Level 1:colcon.colcon_core.package_identification:_identify(src/ur_robot_driver_cb2) by extension 'ros'
[0.491s] DEBUG:colcon.colcon_core.package_identification:Package 'src/ur_robot_driver_cb2' with type 'ros.ament_cmake' and name 'ur_robot_driver_cb2'
[0.492s] Level 1:colcon.colcon_core.package_discovery:discover_packages(recursive) using defaults
[0.492s] Level 1:colcon.colcon_core.package_discovery:discover_packages(ignore) discover
[0.492s] Level 1:colcon.colcon_core.package_discovery:discover_packages(ignore) using defaults
[0.492s] Level 1:colcon.colcon_core.package_discovery:discover_packages(path) discover
[0.492s] Level 1:colcon.colcon_core.package_discovery:discover_packages(path) using defaults
[0.520s] Level 1:colcon.colcon_core.package_discovery:discover_packages(prefix_path) check parameters
[0.521s] Level 1:colcon.colcon_core.package_discovery:discover_packages(prefix_path) discover
[0.523s] DEBUG:colcon.colcon_installed_package_information.package_discovery:Found 7 installed packages in /home/luca/Stage_Lirmm/Diffusion-model-isaacsim/ur10_real_robot/ros2_ws_luca/install
[0.525s] DEBUG:colcon.colcon_installed_package_information.package_discovery:Found 388 installed packages in /opt/ros/humble
[0.529s] Level 1:colcon.colcon_core.package_discovery:discover_packages(prefix_path) using defaults
[0.587s] Level 5:colcon.colcon_core.verb:set package 'onrobot_rg2ft_description' build argument 'cmake_args' from command line to 'None'
[0.587s] Level 5:colcon.colcon_core.verb:set package 'onrobot_rg2ft_description' build argument 'cmake_target' from command line to 'None'
[0.587s] Level 5:colcon.colcon_core.verb:set package 'onrobot_rg2ft_description' build argument 'cmake_target_skip_unavailable' from command line to 'False'
[0.587s] Level 5:colcon.colcon_core.verb:set package 'onrobot_rg2ft_description' build argument 'cmake_clean_cache' from command line to 'False'
[0.587s] Level 5:colcon.colcon_core.verb:set package 'onrobot_rg2ft_description' build argument 'cmake_clean_first' from command line to 'False'
[0.587s] Level 5:colcon.colcon_core.verb:set package 'onrobot_rg2ft_description' build argument 'cmake_force_configure' from command line to 'False'
[0.587s] Level 5:colcon.colcon_core.verb:set package 'onrobot_rg2ft_description' build argument 'ament_cmake_args' from command line to 'None'
[0.587s] Level 5:colcon.colcon_core.verb:set package 'onrobot_rg2ft_description' build argument 'catkin_cmake_args' from command line to 'None'
[0.587s] Level 5:colcon.colcon_core.verb:set package 'onrobot_rg2ft_description' build argument 'catkin_skip_building_tests' from command line to 'False'
[0.588s] DEBUG:colcon.colcon_core.verb:Building package 'onrobot_rg2ft_description' with the following arguments: {'ament_cmake_args': None, 'build_base': '/home/luca/Stage_Lirmm/Diffusion-model-isaacsim/ur10_real_robot/ros2_ws_luca/build/onrobot_rg2ft_description', 'catkin_cmake_args': None, 'catkin_skip_building_tests': False, 'cmake_args': None, 'cmake_clean_cache': False, 'cmake_clean_first': False, 'cmake_force_configure': False, 'cmake_target': None, 'cmake_target_skip_unavailable': False, 'install_base': '/home/luca/Stage_Lirmm/Diffusion-model-isaacsim/ur10_real_robot/ros2_ws_luca/install/onrobot_rg2ft_description', 'merge_install': False, 'path': '/home/luca/Stage_Lirmm/Diffusion-model-isaacsim/ur10_real_robot/ros2_ws_luca/src/onrobot_rg2ft_description', 'symlink_install': False, 'test_result_base': None}
[0.588s] Level 5:colcon.colcon_core.verb:set package 'onrobot_rg_msgs' build argument 'cmake_args' from command line to 'None'
[0.588s] Level 5:colcon.colcon_core.verb:set package 'onrobot_rg_msgs' build argument 'cmake_target' from command line to 'None'
[0.588s] Level 5:colcon.colcon_core.verb:set package 'onrobot_rg_msgs' build argument 'cmake_target_skip_unavailable' from command line to 'False'
[0.588s] Level 5:colcon.colcon_core.verb:set package 'onrobot_rg_msgs' build argument 'cmake_clean_cache' from command line to 'False'
[0.588s] Level 5:colcon.colcon_core.verb:set package 'onrobot_rg_msgs' build argument 'cmake_clean_first' from command line to 'False'
[0.588s] Level 5:colcon.colcon_core.verb:set package 'onrobot_rg_msgs' build argument 'cmake_force_configure' from command line to 'False'
[0.588s] Level 5:colcon.colcon_core.verb:set package 'onrobot_rg_msgs' build argument 'ament_cmake_args' from command line to 'None'
[0.588s] Level 5:colcon.colcon_core.verb:set package 'onrobot_rg_msgs' build argument 'catkin_cmake_args' from command line to 'None'
[0.588s] Level 5:colcon.colcon_core.verb:set package 'onrobot_rg_msgs' build argument 'catkin_skip_building_tests' from command line to 'False'
[0.588s] DEBUG:colcon.colcon_core.verb:Building package 'onrobot_rg_msgs' with the following arguments: {'ament_cmake_args': None, 'build_base': '/home/luca/Stage_Lirmm/Diffusion-model-isaacsim/ur10_real_robot/ros2_ws_luca/build/onrobot_rg_msgs', 'catkin_cmake_args': None, 'catkin_skip_building_tests': False, 'cmake_args': None, 'cmake_clean_cache': False, 'cmake_clean_first': False, 'cmake_force_configure': False, 'cmake_target': None, 'cmake_target_skip_unavailable': False, 'install_base': '/home/luca/Stage_Lirmm/Diffusion-model-isaacsim/ur10_real_robot/ros2_ws_luca/install/onrobot_rg_msgs', 'merge_install': False, 'path': '/home/luca/Stage_Lirmm/Diffusion-model-isaacsim/ur10_real_robot/ros2_ws_luca/src/onrobot_rg_msgs', 'symlink_install': False, 'test_result_base': None}
[0.589s] Level 5:colcon.colcon_core.verb:set package 'ur_robot_description_cb2' build argument 'cmake_args' from command line to 'None'
[0.589s] Level 5:colcon.colcon_core.verb:set package 'ur_robot_description_cb2' build argument 'cmake_target' from command line to 'None'
[0.589s] Level 5:colcon.colcon_core.verb:set package 'ur_robot_description_cb2' build argument 'cmake_target_skip_unavailable' from command line to 'False'
[0.589s] Level 5:colcon.colcon_core.verb:set package 'ur_robot_description_cb2' build argument 'cmake_clean_cache' from command line to 'False'
[0.589s] Level 5:colcon.colcon_core.verb:set package 'ur_robot_description_cb2' build argument 'cmake_clean_first' from command line to 'False'
[0.589s] Level 5:colcon.colcon_core.verb:set package 'ur_robot_description_cb2' build argument 'cmake_force_configure' from command line to 'False'
[0.589s] Level 5:colcon.colcon_core.verb:set package 'ur_robot_description_cb2' build argument 'ament_cmake_args' from command line to 'None'
[0.589s] Level 5:colcon.colcon_core.verb:set package 'ur_robot_description_cb2' build argument 'catkin_cmake_args' from command line to 'None'
[0.589s] Level 5:colcon.colcon_core.verb:set package 'ur_robot_description_cb2' build argument 'catkin_skip_building_tests' from command line to 'False'
[0.589s] DEBUG:colcon.colcon_core.verb:Building package 'ur_robot_description_cb2' with the following arguments: {'ament_cmake_args': None, 'build_base': '/home/luca/Stage_Lirmm/Diffusion-model-isaacsim/ur10_real_robot/ros2_ws_luca/build/ur_robot_description_cb2', 'catkin_cmake_args': None, 'catkin_skip_building_tests': False, 'cmake_args': None, 'cmake_clean_cache': False, 'cmake_clean_first': False, 'cmake_force_configure': False, 'cmake_target': None, 'cmake_target_skip_unavailable': False, 'install_base': '/home/luca/Stage_Lirmm/Diffusion-model-isaacsim/ur10_real_robot/ros2_ws_luca/install/ur_robot_description_cb2', 'merge_install': False, 'path': '/home/luca/Stage_Lirmm/Diffusion-model-isaacsim/ur10_real_robot/ros2_ws_luca/src/ur_robot_description_cb2', 'symlink_install': False, 'test_result_base': None}
[0.589s] Level 5:colcon.colcon_core.verb:set package 'bringup_gripper' build argument 'cmake_args' from command line to 'None'
[0.589s] Level 5:colcon.colcon_core.verb:set package 'bringup_gripper' build argument 'cmake_target' from command line to 'None'
[0.589s] Level 5:colcon.colcon_core.verb:set package 'bringup_gripper' build argument 'cmake_target_skip_unavailable' from command line to 'False'
[0.589s] Level 5:colcon.colcon_core.verb:set package 'bringup_gripper' build argument 'cmake_clean_cache' from command line to 'False'
[0.589s] Level 5:colcon.colcon_core.verb:set package 'bringup_gripper' build argument 'cmake_clean_first' from command line to 'False'
[0.589s] Level 5:colcon.colcon_core.verb:set package 'bringup_gripper' build argument 'cmake_force_configure' from command line to 'False'
[0.589s] Level 5:colcon.colcon_core.verb:set package 'bringup_gripper' build argument 'ament_cmake_args' from command line to 'None'
[0.590s] Level 5:colcon.colcon_core.verb:set package 'bringup_gripper' build argument 'catkin_cmake_args' from command line to 'None'
[0.590s] Level 5:colcon.colcon_core.verb:set package 'bringup_gripper' build argument 'catkin_skip_building_tests' from command line to 'False'
[0.590s] DEBUG:colcon.colcon_core.verb:Building package 'bringup_gripper' with the following arguments: {'ament_cmake_args': None, 'build_base': '/home/luca/Stage_Lirmm/Diffusion-model-isaacsim/ur10_real_robot/ros2_ws_luca/build/bringup_gripper', 'catkin_cmake_args': None, 'catkin_skip_building_tests': False, 'cmake_args': None, 'cmake_clean_cache': False, 'cmake_clean_first': False, 'cmake_force_configure': False, 'cmake_target': None, 'cmake_target_skip_unavailable': False, 'install_base': '/home/luca/Stage_Lirmm/Diffusion-model-isaacsim/ur10_real_robot/ros2_ws_luca/install/bringup_gripper', 'merge_install': False, 'path': '/home/luca/Stage_Lirmm/Diffusion-model-isaacsim/ur10_real_robot/ros2_ws_luca/src/bringup_gripper', 'symlink_install': False, 'test_result_base': None}
[0.590s] Level 5:colcon.colcon_core.verb:set package 'ur_robot_driver_cb2' build argument 'cmake_args' from command line to 'None'
[0.590s] Level 5:colcon.colcon_core.verb:set package 'ur_robot_driver_cb2' build argument 'cmake_target' from command line to 'None'
[0.590s] Level 5:colcon.colcon_core.verb:set package 'ur_robot_driver_cb2' build argument 'cmake_target_skip_unavailable' from command line to 'False'
[0.590s] Level 5:colcon.colcon_core.verb:set package 'ur_robot_driver_cb2' build argument 'cmake_clean_cache' from command line to 'False'
[0.590s] Level 5:colcon.colcon_core.verb:set package 'ur_robot_driver_cb2' build argument 'cmake_clean_first' from command line to 'False'
[0.590s] Level 5:colcon.colcon_core.verb:set package 'ur_robot_driver_cb2' build argument 'cmake_force_configure' from command line to 'False'
[0.590s] Level 5:colcon.colcon_core.verb:set package 'ur_robot_driver_cb2' build argument 'ament_cmake_args' from command line to 'None'
[0.590s] Level 5:colcon.colcon_core.verb:set package 'ur_robot_driver_cb2' build argument 'catkin_cmake_args' from command line to 'None'
[0.590s] Level 5:colcon.colcon_core.verb:set package 'ur_robot_driver_cb2' build argument 'catkin_skip_building_tests' from command line to 'False'
[0.590s] DEBUG:colcon.colcon_core.verb:Building package 'ur_robot_driver_cb2' with the following arguments: {'ament_cmake_args': None, 'build_base': '/home/luca/Stage_Lirmm/Diffusion-model-isaacsim/ur10_real_robot/ros2_ws_luca/build/ur_robot_driver_cb2', 'catkin_cmake_args': None, 'catkin_skip_building_tests': False, 'cmake_args': None, 'cmake_clean_cache': False, 'cmake_clean_first': False, 'cmake_force_configure': False, 'cmake_target': None, 'cmake_target_skip_unavailable': False, 'install_base': '/home/luca/Stage_Lirmm/Diffusion-model-isaacsim/ur10_real_robot/ros2_ws_luca/install/ur_robot_driver_cb2', 'merge_install': False, 'path': '/home/luca/Stage_Lirmm/Diffusion-model-isaacsim/ur10_real_robot/ros2_ws_luca/src/ur_robot_driver_cb2', 'symlink_install': False, 'test_result_base': None}
[0.591s] Level 5:colcon.colcon_core.verb:set package 'realsense2_description' build argument 'cmake_args' from command line to 'None'
[0.591s] Level 5:colcon.colcon_core.verb:set package 'realsense2_description' build argument 'cmake_target' from command line to 'None'
[0.591s] Level 5:colcon.colcon_core.verb:set package 'realsense2_description' build argument 'cmake_target_skip_unavailable' from command line to 'False'
[0.591s] Level 5:colcon.colcon_core.verb:set package 'realsense2_description' build argument 'cmake_clean_cache' from command line to 'False'
[0.591s] Level 5:colcon.colcon_core.verb:set package 'realsense2_description' build argument 'cmake_clean_first' from command line to 'False'
[0.591s] Level 5:colcon.colcon_core.verb:set package 'realsense2_description' build argument 'cmake_force_configure' from command line to 'False'
[0.591s] Level 5:colcon.colcon_core.verb:set package 'realsense2_description' build argument 'ament_cmake_args' from command line to 'None'
[0.591s] Level 5:colcon.colcon_core.verb:set package 'realsense2_description' build argument 'catkin_cmake_args' from command line to 'None'
[0.591s] Level 5:colcon.colcon_core.verb:set package 'realsense2_description' build argument 'catkin_skip_building_tests' from command line to 'False'
[0.591s] DEBUG:colcon.colcon_core.verb:Building package 'realsense2_description' with the following arguments: {'ament_cmake_args': None, 'build_base': '/home/luca/Stage_Lirmm/Diffusion-model-isaacsim/ur10_real_robot/ros2_ws_luca/build/realsense2_description', 'catkin_cmake_args': None, 'catkin_skip_building_tests': False, 'cmake_args': None, 'cmake_clean_cache': False, 'cmake_clean_first': False, 'cmake_force_configure': False, 'cmake_target': None, 'cmake_target_skip_unavailable': False, 'install_base': '/home/luca/Stage_Lirmm/Diffusion-model-isaacsim/ur10_real_robot/ros2_ws_luca/install/realsense2_description', 'merge_install': False, 'path': '/home/luca/Stage_Lirmm/Diffusion-model-isaacsim/ur10_real_robot/ros2_ws_luca/src/realsense-ros/realsense2_description', 'symlink_install': False, 'test_result_base': None}
[0.591s] Level 5:colcon.colcon_core.verb:set package 'earth_robot_moveit_config' build argument 'cmake_args' from command line to 'None'
[0.591s] Level 5:colcon.colcon_core.verb:set package 'earth_robot_moveit_config' build argument 'cmake_target' from command line to 'None'
[0.591s] Level 5:colcon.colcon_core.verb:set package 'earth_robot_moveit_config' build argument 'cmake_target_skip_unavailable' from command line to 'False'
[0.591s] Level 5:colcon.colcon_core.verb:set package 'earth_robot_moveit_config' build argument 'cmake_clean_cache' from command line to 'False'
[0.591s] Level 5:colcon.colcon_core.verb:set package 'earth_robot_moveit_config' build argument 'cmake_clean_first' from command line to 'False'
[0.591s] Level 5:colcon.colcon_core.verb:set package 'earth_robot_moveit_config' build argument 'cmake_force_configure' from command line to 'False'
[0.591s] Level 5:colcon.colcon_core.verb:set package 'earth_robot_moveit_config' build argument 'ament_cmake_args' from command line to 'None'
[0.591s] Level 5:colcon.colcon_core.verb:set package 'earth_robot_moveit_config' build argument 'catkin_cmake_args' from command line to 'None'
[0.592s] Level 5:colcon.colcon_core.verb:set package 'earth_robot_moveit_config' build argument 'catkin_skip_building_tests' from command line to 'False'
[0.592s] DEBUG:colcon.colcon_core.verb:Building package 'earth_robot_moveit_config' with the following arguments: {'ament_cmake_args': None, 'build_base': '/home/luca/Stage_Lirmm/Diffusion-model-isaacsim/ur10_real_robot/ros2_ws_luca/build/earth_robot_moveit_config', 'catkin_cmake_args': None, 'catkin_skip_building_tests': False, 'cmake_args': None, 'cmake_clean_cache': False, 'cmake_clean_first': False, 'cmake_force_configure': False, 'cmake_target': None, 'cmake_target_skip_unavailable': False, 'install_base': '/home/luca/Stage_Lirmm/Diffusion-model-isaacsim/ur10_real_robot/ros2_ws_luca/install/earth_robot_moveit_config', 'merge_install': False, 'path': '/home/luca/Stage_Lirmm/Diffusion-model-isaacsim/ur10_real_robot/ros2_ws_luca/src/earth_robot_moveit_config', 'symlink_install': False, 'test_result_base': None}
[0.592s] INFO:colcon.colcon_core.executor:Executing jobs using 'parallel' executor
[0.593s] DEBUG:colcon.colcon_parallel_executor.executor.parallel:run_until_complete
[0.594s] INFO:colcon.colcon_ros.task.ament_cmake.build:Building ROS package in '/home/luca/Stage_Lirmm/Diffusion-model-isaacsim/ur10_real_robot/ros2_ws_luca/src/ur_robot_description_cb2' with build type 'ament_cmake'
[0.594s] INFO:colcon.colcon_cmake.task.cmake.build:Building CMake package in '/home/luca/Stage_Lirmm/Diffusion-model-isaacsim/ur10_real_robot/ros2_ws_luca/src/ur_robot_description_cb2'
[0.597s] INFO:colcon.colcon_core.plugin_system:Skipping extension 'colcon_core.shell.bat': Not used on non-Windows systems
[0.597s] INFO:colcon.colcon_core.shell:Skip shell extension 'powershell' for command environment: Not usable outside of PowerShell
[0.597s] DEBUG:colcon.colcon_core.shell:Skip shell extension 'dsv' for command environment
[0.603s] INFO:colcon.colcon_ros.task.ament_cmake.build:Building ROS package in '/home/luca/Stage_Lirmm/Diffusion-model-isaacsim/ur10_real_robot/ros2_ws_luca/src/onrobot_rg2ft_description' with build type 'ament_cmake'
[0.603s] INFO:colcon.colcon_cmake.task.cmake.build:Building CMake package in '/home/luca/Stage_Lirmm/Diffusion-model-isaacsim/ur10_real_robot/ros2_ws_luca/src/onrobot_rg2ft_description'
[0.604s] INFO:colcon.colcon_core.shell:Skip shell extension 'powershell' for command environment: Not usable outside of PowerShell
[0.604s] DEBUG:colcon.colcon_core.shell:Skip shell extension 'dsv' for command environment
[0.610s] INFO:colcon.colcon_ros.task.ament_cmake.build:Building ROS package in '/home/luca/Stage_Lirmm/Diffusion-model-isaacsim/ur10_real_robot/ros2_ws_luca/src/onrobot_rg_msgs' with build type 'ament_cmake'
[0.611s] INFO:colcon.colcon_cmake.task.cmake.build:Building CMake package in '/home/luca/Stage_Lirmm/Diffusion-model-isaacsim/ur10_real_robot/ros2_ws_luca/src/onrobot_rg_msgs'
[0.611s] INFO:colcon.colcon_core.shell:Skip shell extension 'powershell' for command environment: Not usable outside of PowerShell
[0.612s] DEBUG:colcon.colcon_core.shell:Skip shell extension 'dsv' for command environment
[0.627s] DEBUG:colcon.colcon_core.event_handler.log_command:Invoking command in '/home/luca/Stage_Lirmm/Diffusion-model-isaacsim/ur10_real_robot/ros2_ws_luca/build/ur_robot_description_cb2': CMAKE_PREFIX_PATH=${CMAKE_PREFIX_PATH}:/home/luca/Stage_Lirmm/Diffusion-model-isaacsim/ur10_real_robot/ros2_ws_luca/install/bringup_gripper:/opt/ros/humble VIRTUAL_ENV_PROMPT=(mujoco_ros) /usr/bin/cmake --build /home/luca/Stage_Lirmm/Diffusion-model-isaacsim/ur10_real_robot/ros2_ws_luca/build/ur_robot_description_cb2 -- -j16 -l16
[0.634s] DEBUG:colcon.colcon_core.event_handler.log_command:Invoking command in '/home/luca/Stage_Lirmm/Diffusion-model-isaacsim/ur10_real_robot/ros2_ws_luca/build/onrobot_rg2ft_description': CMAKE_PREFIX_PATH=${CMAKE_PREFIX_PATH}:/home/luca/Stage_Lirmm/Diffusion-model-isaacsim/ur10_real_robot/ros2_ws_luca/install/bringup_gripper:/opt/ros/humble VIRTUAL_ENV_PROMPT=(mujoco_ros) /usr/bin/cmake --build /home/luca/Stage_Lirmm/Diffusion-model-isaacsim/ur10_real_robot/ros2_ws_luca/build/onrobot_rg2ft_description -- -j16 -l16
[0.642s] DEBUG:colcon.colcon_core.event_handler.log_command:Invoking command in '/home/luca/Stage_Lirmm/Diffusion-model-isaacsim/ur10_real_robot/ros2_ws_luca/build/onrobot_rg_msgs': CMAKE_PREFIX_PATH=${CMAKE_PREFIX_PATH}:/home/luca/Stage_Lirmm/Diffusion-model-isaacsim/ur10_real_robot/ros2_ws_luca/install/bringup_gripper:/opt/ros/humble VIRTUAL_ENV_PROMPT=(mujoco_ros) /usr/bin/cmake --build /home/luca/Stage_Lirmm/Diffusion-model-isaacsim/ur10_real_robot/ros2_ws_luca/build/onrobot_rg_msgs -- -j16 -l16
[0.699s] DEBUG:colcon.colcon_core.event_handler.log_command:Invoked command in '/home/luca/Stage_Lirmm/Diffusion-model-isaacsim/ur10_real_robot/ros2_ws_luca/build/ur_robot_description_cb2' returned '0': CMAKE_PREFIX_PATH=${CMAKE_PREFIX_PATH}:/home/luca/Stage_Lirmm/Diffusion-model-isaacsim/ur10_real_robot/ros2_ws_luca/install/bringup_gripper:/opt/ros/humble VIRTUAL_ENV_PROMPT=(mujoco_ros) /usr/bin/cmake --build /home/luca/Stage_Lirmm/Diffusion-model-isaacsim/ur10_real_robot/ros2_ws_luca/build/ur_robot_description_cb2 -- -j16 -l16
[0.718s] DEBUG:colcon.colcon_core.event_handler.log_command:Invoking command in '/home/luca/Stage_Lirmm/Diffusion-model-isaacsim/ur10_real_robot/ros2_ws_luca/build/ur_robot_description_cb2': CMAKE_PREFIX_PATH=${CMAKE_PREFIX_PATH}:/home/luca/Stage_Lirmm/Diffusion-model-isaacsim/ur10_real_robot/ros2_ws_luca/install/bringup_gripper:/opt/ros/humble VIRTUAL_ENV_PROMPT=(mujoco_ros) /usr/bin/cmake --install /home/luca/Stage_Lirmm/Diffusion-model-isaacsim/ur10_real_robot/ros2_ws_luca/build/ur_robot_description_cb2
[0.723s] DEBUG:colcon.colcon_core.event_handler.log_command:Invoked command in '/home/luca/Stage_Lirmm/Diffusion-model-isaacsim/ur10_real_robot/ros2_ws_luca/build/onrobot_rg2ft_description' returned '0': CMAKE_PREFIX_PATH=${CMAKE_PREFIX_PATH}:/home/luca/Stage_Lirmm/Diffusion-model-isaacsim/ur10_real_robot/ros2_ws_luca/install/bringup_gripper:/opt/ros/humble VIRTUAL_ENV_PROMPT=(mujoco_ros) /usr/bin/cmake --build /home/luca/Stage_Lirmm/Diffusion-model-isaacsim/ur10_real_robot/ros2_ws_luca/build/onrobot_rg2ft_description -- -j16 -l16
[0.727s] DEBUG:colcon.colcon_core.event_handler.log_command:Invoking command in '/home/luca/Stage_Lirmm/Diffusion-model-isaacsim/ur10_real_robot/ros2_ws_luca/build/onrobot_rg2ft_description': CMAKE_PREFIX_PATH=${CMAKE_PREFIX_PATH}:/home/luca/Stage_Lirmm/Diffusion-model-isaacsim/ur10_real_robot/ros2_ws_luca/install/bringup_gripper:/opt/ros/humble VIRTUAL_ENV_PROMPT=(mujoco_ros) /usr/bin/cmake --install /home/luca/Stage_Lirmm/Diffusion-model-isaacsim/ur10_real_robot/ros2_ws_luca/build/onrobot_rg2ft_description
[0.780s] Level 1:colcon.colcon_core.environment:create_environment_scripts_only(onrobot_rg2ft_description)
[0.786s] DEBUG:colcon.colcon_core.event_handler.log_command:Invoked command in '/home/luca/Stage_Lirmm/Diffusion-model-isaacsim/ur10_real_robot/ros2_ws_luca/build/onrobot_rg2ft_description' returned '0': CMAKE_PREFIX_PATH=${CMAKE_PREFIX_PATH}:/home/luca/Stage_Lirmm/Diffusion-model-isaacsim/ur10_real_robot/ros2_ws_luca/install/bringup_gripper:/opt/ros/humble VIRTUAL_ENV_PROMPT=(mujoco_ros) /usr/bin/cmake --install /home/luca/Stage_Lirmm/Diffusion-model-isaacsim/ur10_real_robot/ros2_ws_luca/build/onrobot_rg2ft_description
[0.801s] Level 1:colcon.colcon_core.environment:checking '/home/luca/Stage_Lirmm/Diffusion-model-isaacsim/ur10_real_robot/ros2_ws_luca/install/onrobot_rg2ft_description' for CMake module files
[0.805s] Level 1:colcon.colcon_core.environment:checking '/home/luca/Stage_Lirmm/Diffusion-model-isaacsim/ur10_real_robot/ros2_ws_luca/install/onrobot_rg2ft_description' for CMake config files
[0.805s] Level 1:colcon.colcon_core.shell:create_environment_hook('onrobot_rg2ft_description', 'cmake_prefix_path')
[0.806s] INFO:colcon.colcon_core.shell:Creating environment hook '/home/luca/Stage_Lirmm/Diffusion-model-isaacsim/ur10_real_robot/ros2_ws_luca/install/onrobot_rg2ft_description/share/onrobot_rg2ft_description/hook/cmake_prefix_path.ps1'
[0.807s] INFO:colcon.colcon_core.shell:Creating environment descriptor '/home/luca/Stage_Lirmm/Diffusion-model-isaacsim/ur10_real_robot/ros2_ws_luca/install/onrobot_rg2ft_description/share/onrobot_rg2ft_description/hook/cmake_prefix_path.dsv'
[0.807s] INFO:colcon.colcon_core.shell:Creating environment hook '/home/luca/Stage_Lirmm/Diffusion-model-isaacsim/ur10_real_robot/ros2_ws_luca/install/onrobot_rg2ft_description/share/onrobot_rg2ft_description/hook/cmake_prefix_path.sh'
[0.808s] Level 1:colcon.colcon_core.environment:checking '/home/luca/Stage_Lirmm/Diffusion-model-isaacsim/ur10_real_robot/ros2_ws_luca/install/onrobot_rg2ft_description/bin'
[0.809s] Level 1:colcon.colcon_core.environment:checking '/home/luca/Stage_Lirmm/Diffusion-model-isaacsim/ur10_real_robot/ros2_ws_luca/install/onrobot_rg2ft_description/lib/pkgconfig/onrobot_rg2ft_description.pc'
[0.809s] Level 1:colcon.colcon_core.environment:checking '/home/luca/Stage_Lirmm/Diffusion-model-isaacsim/ur10_real_robot/ros2_ws_luca/install/onrobot_rg2ft_description/lib/python3.10/site-packages'
[0.809s] Level 1:colcon.colcon_core.environment:checking '/home/luca/Stage_Lirmm/Diffusion-model-isaacsim/ur10_real_robot/ros2_ws_luca/install/onrobot_rg2ft_description/bin'
[0.810s] INFO:colcon.colcon_core.shell:Creating package script '/home/luca/Stage_Lirmm/Diffusion-model-isaacsim/ur10_real_robot/ros2_ws_luca/install/onrobot_rg2ft_description/share/onrobot_rg2ft_description/package.ps1'
[0.811s] INFO:colcon.colcon_core.shell:Creating package descriptor '/home/luca/Stage_Lirmm/Diffusion-model-isaacsim/ur10_real_robot/ros2_ws_luca/install/onrobot_rg2ft_description/share/onrobot_rg2ft_description/package.dsv'
[0.812s] INFO:colcon.colcon_core.shell:Creating package script '/home/luca/Stage_Lirmm/Diffusion-model-isaacsim/ur10_real_robot/ros2_ws_luca/install/onrobot_rg2ft_description/share/onrobot_rg2ft_description/package.sh'
[0.812s] INFO:colcon.colcon_core.shell:Creating package script '/home/luca/Stage_Lirmm/Diffusion-model-isaacsim/ur10_real_robot/ros2_ws_luca/install/onrobot_rg2ft_description/share/onrobot_rg2ft_description/package.bash'
[0.813s] INFO:colcon.colcon_core.shell:Creating package script '/home/luca/Stage_Lirmm/Diffusion-model-isaacsim/ur10_real_robot/ros2_ws_luca/install/onrobot_rg2ft_description/share/onrobot_rg2ft_description/package.zsh'
[0.815s] Level 1:colcon.colcon_core.environment:create_file_with_runtime_dependencies(/home/luca/Stage_Lirmm/Diffusion-model-isaacsim/ur10_real_robot/ros2_ws_luca/install/onrobot_rg2ft_description/share/colcon-core/packages/onrobot_rg2ft_description)
[0.816s] Level 1:colcon.colcon_core.environment:create_environment_scripts_only(onrobot_rg2ft_description)
[0.817s] Level 1:colcon.colcon_core.environment:checking '/home/luca/Stage_Lirmm/Diffusion-model-isaacsim/ur10_real_robot/ros2_ws_luca/install/onrobot_rg2ft_description' for CMake module files
[0.817s] Level 1:colcon.colcon_core.environment:checking '/home/luca/Stage_Lirmm/Diffusion-model-isaacsim/ur10_real_robot/ros2_ws_luca/install/onrobot_rg2ft_description' for CMake config files
[0.818s] Level 1:colcon.colcon_core.shell:create_environment_hook('onrobot_rg2ft_description', 'cmake_prefix_path')
[0.818s] INFO:colcon.colcon_core.shell:Creating environment hook '/home/luca/Stage_Lirmm/Diffusion-model-isaacsim/ur10_real_robot/ros2_ws_luca/install/onrobot_rg2ft_description/share/onrobot_rg2ft_description/hook/cmake_prefix_path.ps1'
[0.819s] INFO:colcon.colcon_core.shell:Creating environment descriptor '/home/luca/Stage_Lirmm/Diffusion-model-isaacsim/ur10_real_robot/ros2_ws_luca/install/onrobot_rg2ft_description/share/onrobot_rg2ft_description/hook/cmake_prefix_path.dsv'
[0.820s] INFO:colcon.colcon_core.shell:Creating environment hook '/home/luca/Stage_Lirmm/Diffusion-model-isaacsim/ur10_real_robot/ros2_ws_luca/install/onrobot_rg2ft_description/share/onrobot_rg2ft_description/hook/cmake_prefix_path.sh'
[0.821s] Level 1:colcon.colcon_core.environment:checking '/home/luca/Stage_Lirmm/Diffusion-model-isaacsim/ur10_real_robot/ros2_ws_luca/install/onrobot_rg2ft_description/bin'
[0.821s] Level 1:colcon.colcon_core.environment:checking '/home/luca/Stage_Lirmm/Diffusion-model-isaacsim/ur10_real_robot/ros2_ws_luca/install/onrobot_rg2ft_description/lib/pkgconfig/onrobot_rg2ft_description.pc'
[0.821s] Level 1:colcon.colcon_core.environment:checking '/home/luca/Stage_Lirmm/Diffusion-model-isaacsim/ur10_real_robot/ros2_ws_luca/install/onrobot_rg2ft_description/lib/python3.10/site-packages'
[0.822s] Level 1:colcon.colcon_core.environment:checking '/home/luca/Stage_Lirmm/Diffusion-model-isaacsim/ur10_real_robot/ros2_ws_luca/install/onrobot_rg2ft_description/bin'
[0.822s] INFO:colcon.colcon_core.shell:Creating package script '/home/luca/Stage_Lirmm/Diffusion-model-isaacsim/ur10_real_robot/ros2_ws_luca/install/onrobot_rg2ft_description/share/onrobot_rg2ft_description/package.ps1'
[0.823s] INFO:colcon.colcon_core.shell:Creating package descriptor '/home/luca/Stage_Lirmm/Diffusion-model-isaacsim/ur10_real_robot/ros2_ws_luca/install/onrobot_rg2ft_description/share/onrobot_rg2ft_description/package.dsv'
[0.824s] INFO:colcon.colcon_core.shell:Creating package script '/home/luca/Stage_Lirmm/Diffusion-model-isaacsim/ur10_real_robot/ros2_ws_luca/install/onrobot_rg2ft_description/share/onrobot_rg2ft_description/package.sh'
[0.824s] INFO:colcon.colcon_core.shell:Creating package script '/home/luca/Stage_Lirmm/Diffusion-model-isaacsim/ur10_real_robot/ros2_ws_luca/install/onrobot_rg2ft_description/share/onrobot_rg2ft_description/package.bash'
[0.825s] INFO:colcon.colcon_core.shell:Creating package script '/home/luca/Stage_Lirmm/Diffusion-model-isaacsim/ur10_real_robot/ros2_ws_luca/install/onrobot_rg2ft_description/share/onrobot_rg2ft_description/package.zsh'
[0.825s] Level 1:colcon.colcon_core.environment:create_file_with_runtime_dependencies(/home/luca/Stage_Lirmm/Diffusion-model-isaacsim/ur10_real_robot/ros2_ws_luca/install/onrobot_rg2ft_description/share/colcon-core/packages/onrobot_rg2ft_description)
[0.827s] Level 1:colcon.colcon_core.environment:create_environment_scripts_only(ur_robot_description_cb2)
[0.828s] Level 1:colcon.colcon_core.environment:checking '/home/luca/Stage_Lirmm/Diffusion-model-isaacsim/ur10_real_robot/ros2_ws_luca/install/ur_robot_description_cb2' for CMake module files
[0.829s] DEBUG:colcon.colcon_core.event_handler.log_command:Invoked command in '/home/luca/Stage_Lirmm/Diffusion-model-isaacsim/ur10_real_robot/ros2_ws_luca/build/ur_robot_description_cb2' returned '0': CMAKE_PREFIX_PATH=${CMAKE_PREFIX_PATH}:/home/luca/Stage_Lirmm/Diffusion-model-isaacsim/ur10_real_robot/ros2_ws_luca/install/bringup_gripper:/opt/ros/humble VIRTUAL_ENV_PROMPT=(mujoco_ros) /usr/bin/cmake --install /home/luca/Stage_Lirmm/Diffusion-model-isaacsim/ur10_real_robot/ros2_ws_luca/build/ur_robot_description_cb2
[0.830s] Level 1:colcon.colcon_core.environment:checking '/home/luca/Stage_Lirmm/Diffusion-model-isaacsim/ur10_real_robot/ros2_ws_luca/install/ur_robot_description_cb2' for CMake config files
[0.830s] Level 1:colcon.colcon_core.shell:create_environment_hook('ur_robot_description_cb2', 'cmake_prefix_path')
[0.831s] INFO:colcon.colcon_core.shell:Creating environment hook '/home/luca/Stage_Lirmm/Diffusion-model-isaacsim/ur10_real_robot/ros2_ws_luca/install/ur_robot_description_cb2/share/ur_robot_description_cb2/hook/cmake_prefix_path.ps1'
[0.832s] INFO:colcon.colcon_core.shell:Creating environment descriptor '/home/luca/Stage_Lirmm/Diffusion-model-isaacsim/ur10_real_robot/ros2_ws_luca/install/ur_robot_description_cb2/share/ur_robot_description_cb2/hook/cmake_prefix_path.dsv'
[0.833s] INFO:colcon.colcon_core.shell:Creating environment hook '/home/luca/Stage_Lirmm/Diffusion-model-isaacsim/ur10_real_robot/ros2_ws_luca/install/ur_robot_description_cb2/share/ur_robot_description_cb2/hook/cmake_prefix_path.sh'
[0.834s] Level 1:colcon.colcon_core.environment:checking '/home/luca/Stage_Lirmm/Diffusion-model-isaacsim/ur10_real_robot/ros2_ws_luca/install/ur_robot_description_cb2/bin'
[0.834s] Level 1:colcon.colcon_core.environment:checking '/home/luca/Stage_Lirmm/Diffusion-model-isaacsim/ur10_real_robot/ros2_ws_luca/install/ur_robot_description_cb2/lib/pkgconfig/ur_robot_description_cb2.pc'
[0.834s] Level 1:colcon.colcon_core.environment:checking '/home/luca/Stage_Lirmm/Diffusion-model-isaacsim/ur10_real_robot/ros2_ws_luca/install/ur_robot_description_cb2/lib/python3.10/site-packages'
[0.835s] Level 1:colcon.colcon_core.environment:checking '/home/luca/Stage_Lirmm/Diffusion-model-isaacsim/ur10_real_robot/ros2_ws_luca/install/ur_robot_description_cb2/bin'
[0.835s] INFO:colcon.colcon_core.shell:Creating package script '/home/luca/Stage_Lirmm/Diffusion-model-isaacsim/ur10_real_robot/ros2_ws_luca/install/ur_robot_description_cb2/share/ur_robot_description_cb2/package.ps1'
[0.836s] INFO:colcon.colcon_core.shell:Creating package descriptor '/home/luca/Stage_Lirmm/Diffusion-model-isaacsim/ur10_real_robot/ros2_ws_luca/install/ur_robot_description_cb2/share/ur_robot_description_cb2/package.dsv'
[0.837s] INFO:colcon.colcon_core.shell:Creating package script '/home/luca/Stage_Lirmm/Diffusion-model-isaacsim/ur10_real_robot/ros2_ws_luca/install/ur_robot_description_cb2/share/ur_robot_description_cb2/package.sh'
[0.838s] INFO:colcon.colcon_core.shell:Creating package script '/home/luca/Stage_Lirmm/Diffusion-model-isaacsim/ur10_real_robot/ros2_ws_luca/install/ur_robot_description_cb2/share/ur_robot_description_cb2/package.bash'
[0.839s] INFO:colcon.colcon_core.shell:Creating package script '/home/luca/Stage_Lirmm/Diffusion-model-isaacsim/ur10_real_robot/ros2_ws_luca/install/ur_robot_description_cb2/share/ur_robot_description_cb2/package.zsh'
[0.840s] Level 1:colcon.colcon_core.environment:create_file_with_runtime_dependencies(/home/luca/Stage_Lirmm/Diffusion-model-isaacsim/ur10_real_robot/ros2_ws_luca/install/ur_robot_description_cb2/share/colcon-core/packages/ur_robot_description_cb2)
[0.841s] Level 1:colcon.colcon_core.environment:create_environment_scripts_only(ur_robot_description_cb2)
[0.842s] Level 1:colcon.colcon_core.environment:checking '/home/luca/Stage_Lirmm/Diffusion-model-isaacsim/ur10_real_robot/ros2_ws_luca/install/ur_robot_description_cb2' for CMake module files
[0.842s] Level 1:colcon.colcon_core.environment:checking '/home/luca/Stage_Lirmm/Diffusion-model-isaacsim/ur10_real_robot/ros2_ws_luca/install/ur_robot_description_cb2' for CMake config files
[0.843s] Level 1:colcon.colcon_core.shell:create_environment_hook('ur_robot_description_cb2', 'cmake_prefix_path')
[0.843s] INFO:colcon.colcon_core.shell:Creating environment hook '/home/luca/Stage_Lirmm/Diffusion-model-isaacsim/ur10_real_robot/ros2_ws_luca/install/ur_robot_description_cb2/share/ur_robot_description_cb2/hook/cmake_prefix_path.ps1'
[0.844s] INFO:colcon.colcon_core.shell:Creating environment descriptor '/home/luca/Stage_Lirmm/Diffusion-model-isaacsim/ur10_real_robot/ros2_ws_luca/install/ur_robot_description_cb2/share/ur_robot_description_cb2/hook/cmake_prefix_path.dsv'
[0.845s] INFO:colcon.colcon_core.shell:Creating environment hook '/home/luca/Stage_Lirmm/Diffusion-model-isaacsim/ur10_real_robot/ros2_ws_luca/install/ur_robot_description_cb2/share/ur_robot_description_cb2/hook/cmake_prefix_path.sh'
[0.845s] Level 1:colcon.colcon_core.environment:checking '/home/luca/Stage_Lirmm/Diffusion-model-isaacsim/ur10_real_robot/ros2_ws_luca/install/ur_robot_description_cb2/bin'
[0.845s] Level 1:colcon.colcon_core.environment:checking '/home/luca/Stage_Lirmm/Diffusion-model-isaacsim/ur10_real_robot/ros2_ws_luca/install/ur_robot_description_cb2/lib/pkgconfig/ur_robot_description_cb2.pc'
[0.846s] Level 1:colcon.colcon_core.environment:checking '/home/luca/Stage_Lirmm/Diffusion-model-isaacsim/ur10_real_robot/ros2_ws_luca/install/ur_robot_description_cb2/lib/python3.10/site-packages'
[0.846s] Level 1:colcon.colcon_core.environment:checking '/home/luca/Stage_Lirmm/Diffusion-model-isaacsim/ur10_real_robot/ros2_ws_luca/install/ur_robot_description_cb2/bin'
[0.847s] INFO:colcon.colcon_core.shell:Creating package script '/home/luca/Stage_Lirmm/Diffusion-model-isaacsim/ur10_real_robot/ros2_ws_luca/install/ur_robot_description_cb2/share/ur_robot_description_cb2/package.ps1'
[0.848s] INFO:colcon.colcon_core.shell:Creating package descriptor '/home/luca/Stage_Lirmm/Diffusion-model-isaacsim/ur10_real_robot/ros2_ws_luca/install/ur_robot_description_cb2/share/ur_robot_description_cb2/package.dsv'
[0.849s] INFO:colcon.colcon_core.shell:Creating package script '/home/luca/Stage_Lirmm/Diffusion-model-isaacsim/ur10_real_robot/ros2_ws_luca/install/ur_robot_description_cb2/share/ur_robot_description_cb2/package.sh'
[0.850s] INFO:colcon.colcon_core.shell:Creating package script '/home/luca/Stage_Lirmm/Diffusion-model-isaacsim/ur10_real_robot/ros2_ws_luca/install/ur_robot_description_cb2/share/ur_robot_description_cb2/package.bash'
[0.851s] INFO:colcon.colcon_core.shell:Creating package script '/home/luca/Stage_Lirmm/Diffusion-model-isaacsim/ur10_real_robot/ros2_ws_luca/install/ur_robot_description_cb2/share/ur_robot_description_cb2/package.zsh'
[0.852s] Level 1:colcon.colcon_core.environment:create_file_with_runtime_dependencies(/home/luca/Stage_Lirmm/Diffusion-model-isaacsim/ur10_real_robot/ros2_ws_luca/install/ur_robot_description_cb2/share/colcon-core/packages/ur_robot_description_cb2)
[0.853s] INFO:colcon.colcon_ros.task.ament_cmake.build:Building ROS package in '/home/luca/Stage_Lirmm/Diffusion-model-isaacsim/ur10_real_robot/ros2_ws_luca/src/ur_robot_driver_cb2' with build type 'ament_cmake'
[0.853s] INFO:colcon.colcon_cmake.task.cmake.build:Building CMake package in '/home/luca/Stage_Lirmm/Diffusion-model-isaacsim/ur10_real_robot/ros2_ws_luca/src/ur_robot_driver_cb2'
[0.854s] INFO:colcon.colcon_core.shell:Skip shell extension 'powershell' for command environment: Not usable outside of PowerShell
[0.854s] DEBUG:colcon.colcon_core.shell:Skip shell extension 'dsv' for command environment
[0.871s] DEBUG:colcon.colcon_core.event_handler.log_command:Invoking command in '/home/luca/Stage_Lirmm/Diffusion-model-isaacsim/ur10_real_robot/ros2_ws_luca/build/ur_robot_driver_cb2': CMAKE_PREFIX_PATH=/home/luca/Stage_Lirmm/Diffusion-model-isaacsim/ur10_real_robot/ros2_ws_luca/install/ur_robot_description_cb2:/home/luca/Stage_Lirmm/Diffusion-model-isaacsim/ur10_real_robot/ros2_ws_luca/install/ur_robot_driver_cb2:/home/luca/Stage_Lirmm/Diffusion-model-isaacsim/ur10_real_robot/ros2_ws_luca/install/earth_robot_moveit_config:/home/luca/Stage_Lirmm/Diffusion-model-isaacsim/ur10_real_robot/ros2_ws_luca/install/realsense2_description:/home/luca/Stage_Lirmm/Diffusion-model-isaacsim/ur10_real_robot/ros2_ws_luca/install/onrobot_rg_msgs:/home/luca/Stage_Lirmm/Diffusion-model-isaacsim/ur10_real_robot/ros2_ws_luca/install/onrobot_rg2ft_description:/home/luca/Stage_Lirmm/Diffusion-model-isaacsim/ur10_real_robot/ros2_ws_luca/install/bringup_gripper:/opt/ros/humble VIRTUAL_ENV_PROMPT=(mujoco_ros) /usr/bin/cmake --build /home/luca/Stage_Lirmm/Diffusion-model-isaacsim/ur10_real_robot/ros2_ws_luca/build/ur_robot_driver_cb2 -- -j16 -l16
[1.026s] DEBUG:colcon.colcon_core.event_handler.log_command:Invoked command in '/home/luca/Stage_Lirmm/Diffusion-model-isaacsim/ur10_real_robot/ros2_ws_luca/build/ur_robot_driver_cb2' returned '0': CMAKE_PREFIX_PATH=/home/luca/Stage_Lirmm/Diffusion-model-isaacsim/ur10_real_robot/ros2_ws_luca/install/ur_robot_description_cb2:/home/luca/Stage_Lirmm/Diffusion-model-isaacsim/ur10_real_robot/ros2_ws_luca/install/ur_robot_driver_cb2:/home/luca/Stage_Lirmm/Diffusion-model-isaacsim/ur10_real_robot/ros2_ws_luca/install/earth_robot_moveit_config:/home/luca/Stage_Lirmm/Diffusion-model-isaacsim/ur10_real_robot/ros2_ws_luca/install/realsense2_description:/home/luca/Stage_Lirmm/Diffusion-model-isaacsim/ur10_real_robot/ros2_ws_luca/install/onrobot_rg_msgs:/home/luca/Stage_Lirmm/Diffusion-model-isaacsim/ur10_real_robot/ros2_ws_luca/install/onrobot_rg2ft_description:/home/luca/Stage_Lirmm/Diffusion-model-isaacsim/ur10_real_robot/ros2_ws_luca/install/bringup_gripper:/opt/ros/humble VIRTUAL_ENV_PROMPT=(mujoco_ros) /usr/bin/cmake --build /home/luca/Stage_Lirmm/Diffusion-model-isaacsim/ur10_real_robot/ros2_ws_luca/build/ur_robot_driver_cb2 -- -j16 -l16
[1.029s] DEBUG:colcon.colcon_core.event_handler.log_command:Invoking command in '/home/luca/Stage_Lirmm/Diffusion-model-isaacsim/ur10_real_robot/ros2_ws_luca/build/ur_robot_driver_cb2': CMAKE_PREFIX_PATH=/home/luca/Stage_Lirmm/Diffusion-model-isaacsim/ur10_real_robot/ros2_ws_luca/install/ur_robot_description_cb2:/home/luca/Stage_Lirmm/Diffusion-model-isaacsim/ur10_real_robot/ros2_ws_luca/install/ur_robot_driver_cb2:/home/luca/Stage_Lirmm/Diffusion-model-isaacsim/ur10_real_robot/ros2_ws_luca/install/earth_robot_moveit_config:/home/luca/Stage_Lirmm/Diffusion-model-isaacsim/ur10_real_robot/ros2_ws_luca/install/realsense2_description:/home/luca/Stage_Lirmm/Diffusion-model-isaacsim/ur10_real_robot/ros2_ws_luca/install/onrobot_rg_msgs:/home/luca/Stage_Lirmm/Diffusion-model-isaacsim/ur10_real_robot/ros2_ws_luca/install/onrobot_rg2ft_description:/home/luca/Stage_Lirmm/Diffusion-model-isaacsim/ur10_real_robot/ros2_ws_luca/install/bringup_gripper:/opt/ros/humble VIRTUAL_ENV_PROMPT=(mujoco_ros) /usr/bin/cmake --install /home/luca/Stage_Lirmm/Diffusion-model-isaacsim/ur10_real_robot/ros2_ws_luca/build/ur_robot_driver_cb2
[1.047s] Level 1:colcon.colcon_core.environment:create_environment_scripts_only(ur_robot_driver_cb2)
[1.048s] Level 1:colcon.colcon_core.environment:checking '/home/luca/Stage_Lirmm/Diffusion-model-isaacsim/ur10_real_robot/ros2_ws_luca/install/ur_robot_driver_cb2' for CMake module files
[1.049s] DEBUG:colcon.colcon_core.event_handler.log_command:Invoked command in '/home/luca/Stage_Lirmm/Diffusion-model-isaacsim/ur10_real_robot/ros2_ws_luca/build/ur_robot_driver_cb2' returned '0': CMAKE_PREFIX_PATH=/home/luca/Stage_Lirmm/Diffusion-model-isaacsim/ur10_real_robot/ros2_ws_luca/install/ur_robot_description_cb2:/home/luca/Stage_Lirmm/Diffusion-model-isaacsim/ur10_real_robot/ros2_ws_luca/install/ur_robot_driver_cb2:/home/luca/Stage_Lirmm/Diffusion-model-isaacsim/ur10_real_robot/ros2_ws_luca/install/earth_robot_moveit_config:/home/luca/Stage_Lirmm/Diffusion-model-isaacsim/ur10_real_robot/ros2_ws_luca/install/realsense2_description:/home/luca/Stage_Lirmm/Diffusion-model-isaacsim/ur10_real_robot/ros2_ws_luca/install/onrobot_rg_msgs:/home/luca/Stage_Lirmm/Diffusion-model-isaacsim/ur10_real_robot/ros2_ws_luca/install/onrobot_rg2ft_description:/home/luca/Stage_Lirmm/Diffusion-model-isaacsim/ur10_real_robot/ros2_ws_luca/install/bringup_gripper:/opt/ros/humble VIRTUAL_ENV_PROMPT=(mujoco_ros) /usr/bin/cmake --install /home/luca/Stage_Lirmm/Diffusion-model-isaacsim/ur10_real_robot/ros2_ws_luca/build/ur_robot_driver_cb2
[1.049s] Level 1:colcon.colcon_core.environment:checking '/home/luca/Stage_Lirmm/Diffusion-model-isaacsim/ur10_real_robot/ros2_ws_luca/install/ur_robot_driver_cb2' for CMake config files
[1.049s] Level 1:colcon.colcon_core.shell:create_environment_hook('ur_robot_driver_cb2', 'cmake_prefix_path')
[1.050s] INFO:colcon.colcon_core.shell:Creating environment hook '/home/luca/Stage_Lirmm/Diffusion-model-isaacsim/ur10_real_robot/ros2_ws_luca/install/ur_robot_driver_cb2/share/ur_robot_driver_cb2/hook/cmake_prefix_path.ps1'
[1.050s] INFO:colcon.colcon_core.shell:Creating environment descriptor '/home/luca/Stage_Lirmm/Diffusion-model-isaacsim/ur10_real_robot/ros2_ws_luca/install/ur_robot_driver_cb2/share/ur_robot_driver_cb2/hook/cmake_prefix_path.dsv'
[1.051s] INFO:colcon.colcon_core.shell:Creating environment hook '/home/luca/Stage_Lirmm/Diffusion-model-isaacsim/ur10_real_robot/ros2_ws_luca/install/ur_robot_driver_cb2/share/ur_robot_driver_cb2/hook/cmake_prefix_path.sh'
[1.051s] Level 1:colcon.colcon_core.environment:checking '/home/luca/Stage_Lirmm/Diffusion-model-isaacsim/ur10_real_robot/ros2_ws_luca/install/ur_robot_driver_cb2/lib'
[1.051s] Level 1:colcon.colcon_core.shell:create_environment_hook('ur_robot_driver_cb2', 'ld_library_path_lib')
[1.052s] INFO:colcon.colcon_core.shell:Creating environment hook '/home/luca/Stage_Lirmm/Diffusion-model-isaacsim/ur10_real_robot/ros2_ws_luca/install/ur_robot_driver_cb2/share/ur_robot_driver_cb2/hook/ld_library_path_lib.ps1'
[1.052s] INFO:colcon.colcon_core.shell:Creating environment descriptor '/home/luca/Stage_Lirmm/Diffusion-model-isaacsim/ur10_real_robot/ros2_ws_luca/install/ur_robot_driver_cb2/share/ur_robot_driver_cb2/hook/ld_library_path_lib.dsv'
[1.053s] INFO:colcon.colcon_core.shell:Creating environment hook '/home/luca/Stage_Lirmm/Diffusion-model-isaacsim/ur10_real_robot/ros2_ws_luca/install/ur_robot_driver_cb2/share/ur_robot_driver_cb2/hook/ld_library_path_lib.sh'
[1.053s] Level 1:colcon.colcon_core.environment:checking '/home/luca/Stage_Lirmm/Diffusion-model-isaacsim/ur10_real_robot/ros2_ws_luca/install/ur_robot_driver_cb2/bin'
[1.053s] Level 1:colcon.colcon_core.environment:checking '/home/luca/Stage_Lirmm/Diffusion-model-isaacsim/ur10_real_robot/ros2_ws_luca/install/ur_robot_driver_cb2/lib/pkgconfig/ur_robot_driver_cb2.pc'
[1.053s] Level 1:colcon.colcon_core.environment:checking '/home/luca/Stage_Lirmm/Diffusion-model-isaacsim/ur10_real_robot/ros2_ws_luca/install/ur_robot_driver_cb2/lib/python3.10/site-packages'
[1.054s] Level 1:colcon.colcon_core.environment:checking '/home/luca/Stage_Lirmm/Diffusion-model-isaacsim/ur10_real_robot/ros2_ws_luca/install/ur_robot_driver_cb2/bin'
[1.054s] INFO:colcon.colcon_core.shell:Creating package script '/home/luca/Stage_Lirmm/Diffusion-model-isaacsim/ur10_real_robot/ros2_ws_luca/install/ur_robot_driver_cb2/share/ur_robot_driver_cb2/package.ps1'
[1.055s] INFO:colcon.colcon_core.shell:Creating package descriptor '/home/luca/Stage_Lirmm/Diffusion-model-isaacsim/ur10_real_robot/ros2_ws_luca/install/ur_robot_driver_cb2/share/ur_robot_driver_cb2/package.dsv'
[1.056s] INFO:colcon.colcon_core.shell:Creating package script '/home/luca/Stage_Lirmm/Diffusion-model-isaacsim/ur10_real_robot/ros2_ws_luca/install/ur_robot_driver_cb2/share/ur_robot_driver_cb2/package.sh'
[1.056s] INFO:colcon.colcon_core.shell:Creating package script '/home/luca/Stage_Lirmm/Diffusion-model-isaacsim/ur10_real_robot/ros2_ws_luca/install/ur_robot_driver_cb2/share/ur_robot_driver_cb2/package.bash'
[1.056s] INFO:colcon.colcon_core.shell:Creating package script '/home/luca/Stage_Lirmm/Diffusion-model-isaacsim/ur10_real_robot/ros2_ws_luca/install/ur_robot_driver_cb2/share/ur_robot_driver_cb2/package.zsh'
[1.057s] Level 1:colcon.colcon_core.environment:create_file_with_runtime_dependencies(/home/luca/Stage_Lirmm/Diffusion-model-isaacsim/ur10_real_robot/ros2_ws_luca/install/ur_robot_driver_cb2/share/colcon-core/packages/ur_robot_driver_cb2)
[1.058s] Level 1:colcon.colcon_core.environment:create_environment_scripts_only(ur_robot_driver_cb2)
[1.058s] Level 1:colcon.colcon_core.environment:checking '/home/luca/Stage_Lirmm/Diffusion-model-isaacsim/ur10_real_robot/ros2_ws_luca/install/ur_robot_driver_cb2' for CMake module files
[1.058s] Level 1:colcon.colcon_core.environment:checking '/home/luca/Stage_Lirmm/Diffusion-model-isaacsim/ur10_real_robot/ros2_ws_luca/install/ur_robot_driver_cb2' for CMake config files
[1.059s] Level 1:colcon.colcon_core.shell:create_environment_hook('ur_robot_driver_cb2', 'cmake_prefix_path')
[1.059s] INFO:colcon.colcon_core.shell:Creating environment hook '/home/luca/Stage_Lirmm/Diffusion-model-isaacsim/ur10_real_robot/ros2_ws_luca/install/ur_robot_driver_cb2/share/ur_robot_driver_cb2/hook/cmake_prefix_path.ps1'
[1.059s] INFO:colcon.colcon_core.shell:Creating environment descriptor '/home/luca/Stage_Lirmm/Diffusion-model-isaacsim/ur10_real_robot/ros2_ws_luca/install/ur_robot_driver_cb2/share/ur_robot_driver_cb2/hook/cmake_prefix_path.dsv'
[1.060s] INFO:colcon.colcon_core.shell:Creating environment hook '/home/luca/Stage_Lirmm/Diffusion-model-isaacsim/ur10_real_robot/ros2_ws_luca/install/ur_robot_driver_cb2/share/ur_robot_driver_cb2/hook/cmake_prefix_path.sh'
[1.060s] Level 1:colcon.colcon_core.environment:checking '/home/luca/Stage_Lirmm/Diffusion-model-isaacsim/ur10_real_robot/ros2_ws_luca/install/ur_robot_driver_cb2/lib'
[1.060s] Level 1:colcon.colcon_core.shell:create_environment_hook('ur_robot_driver_cb2', 'ld_library_path_lib')
[1.061s] INFO:colcon.colcon_core.shell:Creating environment hook '/home/luca/Stage_Lirmm/Diffusion-model-isaacsim/ur10_real_robot/ros2_ws_luca/install/ur_robot_driver_cb2/share/ur_robot_driver_cb2/hook/ld_library_path_lib.ps1'
[1.061s] INFO:colcon.colcon_core.shell:Creating environment descriptor '/home/luca/Stage_Lirmm/Diffusion-model-isaacsim/ur10_real_robot/ros2_ws_luca/install/ur_robot_driver_cb2/share/ur_robot_driver_cb2/hook/ld_library_path_lib.dsv'
[1.062s] INFO:colcon.colcon_core.shell:Creating environment hook '/home/luca/Stage_Lirmm/Diffusion-model-isaacsim/ur10_real_robot/ros2_ws_luca/install/ur_robot_driver_cb2/share/ur_robot_driver_cb2/hook/ld_library_path_lib.sh'
[1.062s] Level 1:colcon.colcon_core.environment:checking '/home/luca/Stage_Lirmm/Diffusion-model-isaacsim/ur10_real_robot/ros2_ws_luca/install/ur_robot_driver_cb2/bin'
[1.062s] Level 1:colcon.colcon_core.environment:checking '/home/luca/Stage_Lirmm/Diffusion-model-isaacsim/ur10_real_robot/ros2_ws_luca/install/ur_robot_driver_cb2/lib/pkgconfig/ur_robot_driver_cb2.pc'
[1.063s] Level 1:colcon.colcon_core.environment:checking '/home/luca/Stage_Lirmm/Diffusion-model-isaacsim/ur10_real_robot/ros2_ws_luca/install/ur_robot_driver_cb2/lib/python3.10/site-packages'
[1.063s] Level 1:colcon.colcon_core.environment:checking '/home/luca/Stage_Lirmm/Diffusion-model-isaacsim/ur10_real_robot/ros2_ws_luca/install/ur_robot_driver_cb2/bin'
[1.063s] INFO:colcon.colcon_core.shell:Creating package script '/home/luca/Stage_Lirmm/Diffusion-model-isaacsim/ur10_real_robot/ros2_ws_luca/install/ur_robot_driver_cb2/share/ur_robot_driver_cb2/package.ps1'
[1.064s] INFO:colcon.colcon_core.shell:Creating package descriptor '/home/luca/Stage_Lirmm/Diffusion-model-isaacsim/ur10_real_robot/ros2_ws_luca/install/ur_robot_driver_cb2/share/ur_robot_driver_cb2/package.dsv'
[1.065s] INFO:colcon.colcon_core.shell:Creating package script '/home/luca/Stage_Lirmm/Diffusion-model-isaacsim/ur10_real_robot/ros2_ws_luca/install/ur_robot_driver_cb2/share/ur_robot_driver_cb2/package.sh'
[1.065s] INFO:colcon.colcon_core.shell:Creating package script '/home/luca/Stage_Lirmm/Diffusion-model-isaacsim/ur10_real_robot/ros2_ws_luca/install/ur_robot_driver_cb2/share/ur_robot_driver_cb2/package.bash'
[1.066s] INFO:colcon.colcon_core.shell:Creating package script '/home/luca/Stage_Lirmm/Diffusion-model-isaacsim/ur10_real_robot/ros2_ws_luca/install/ur_robot_driver_cb2/share/ur_robot_driver_cb2/package.zsh'
[1.066s] Level 1:colcon.colcon_core.environment:create_file_with_runtime_dependencies(/home/luca/Stage_Lirmm/Diffusion-model-isaacsim/ur10_real_robot/ros2_ws_luca/install/ur_robot_driver_cb2/share/colcon-core/packages/ur_robot_driver_cb2)
[1.067s] INFO:colcon.colcon_ros.task.ament_cmake.build:Building ROS package in '/home/luca/Stage_Lirmm/Diffusion-model-isaacsim/ur10_real_robot/ros2_ws_luca/src/realsense-ros/realsense2_description' with build type 'ament_cmake'
[1.067s] INFO:colcon.colcon_cmake.task.cmake.build:Building CMake package in '/home/luca/Stage_Lirmm/Diffusion-model-isaacsim/ur10_real_robot/ros2_ws_luca/src/realsense-ros/realsense2_description'
[1.067s] INFO:colcon.colcon_core.shell:Skip shell extension 'powershell' for command environment: Not usable outside of PowerShell
[1.067s] DEBUG:colcon.colcon_core.shell:Skip shell extension 'dsv' for command environment
[1.090s] DEBUG:colcon.colcon_core.event_handler.log_command:Invoking command in '/home/luca/Stage_Lirmm/Diffusion-model-isaacsim/ur10_real_robot/ros2_ws_luca/build/realsense2_description': CMAKE_PREFIX_PATH=/home/luca/Stage_Lirmm/Diffusion-model-isaacsim/ur10_real_robot/ros2_ws_luca/install/ur_robot_driver_cb2:/home/luca/Stage_Lirmm/Diffusion-model-isaacsim/ur10_real_robot/ros2_ws_luca/install/ur_robot_description_cb2:/home/luca/Stage_Lirmm/Diffusion-model-isaacsim/ur10_real_robot/ros2_ws_luca/install/onrobot_rg2ft_description:/home/luca/Stage_Lirmm/Diffusion-model-isaacsim/ur10_real_robot/ros2_ws_luca/install/earth_robot_moveit_config:/home/luca/Stage_Lirmm/Diffusion-model-isaacsim/ur10_real_robot/ros2_ws_luca/install/realsense2_description:/home/luca/Stage_Lirmm/Diffusion-model-isaacsim/ur10_real_robot/ros2_ws_luca/install/onrobot_rg_msgs:/home/luca/Stage_Lirmm/Diffusion-model-isaacsim/ur10_real_robot/ros2_ws_luca/install/bringup_gripper:/opt/ros/humble VIRTUAL_ENV_PROMPT=(mujoco_ros) /usr/bin/cmake --build /home/luca/Stage_Lirmm/Diffusion-model-isaacsim/ur10_real_robot/ros2_ws_luca/build/realsense2_description -- -j16 -l16
[1.152s] DEBUG:colcon.colcon_core.event_handler.log_command:Invoked command in '/home/luca/Stage_Lirmm/Diffusion-model-isaacsim/ur10_real_robot/ros2_ws_luca/build/realsense2_description' returned '0': CMAKE_PREFIX_PATH=/home/luca/Stage_Lirmm/Diffusion-model-isaacsim/ur10_real_robot/ros2_ws_luca/install/ur_robot_driver_cb2:/home/luca/Stage_Lirmm/Diffusion-model-isaacsim/ur10_real_robot/ros2_ws_luca/install/ur_robot_description_cb2:/home/luca/Stage_Lirmm/Diffusion-model-isaacsim/ur10_real_robot/ros2_ws_luca/install/onrobot_rg2ft_description:/home/luca/Stage_Lirmm/Diffusion-model-isaacsim/ur10_real_robot/ros2_ws_luca/install/earth_robot_moveit_config:/home/luca/Stage_Lirmm/Diffusion-model-isaacsim/ur10_real_robot/ros2_ws_luca/install/realsense2_description:/home/luca/Stage_Lirmm/Diffusion-model-isaacsim/ur10_real_robot/ros2_ws_luca/install/onrobot_rg_msgs:/home/luca/Stage_Lirmm/Diffusion-model-isaacsim/ur10_real_robot/ros2_ws_luca/install/bringup_gripper:/opt/ros/humble VIRTUAL_ENV_PROMPT=(mujoco_ros) /usr/bin/cmake --build /home/luca/Stage_Lirmm/Diffusion-model-isaacsim/ur10_real_robot/ros2_ws_luca/build/realsense2_description -- -j16 -l16
[1.155s] DEBUG:colcon.colcon_core.event_handler.log_command:Invoking command in '/home/luca/Stage_Lirmm/Diffusion-model-isaacsim/ur10_real_robot/ros2_ws_luca/build/realsense2_description': CMAKE_PREFIX_PATH=/home/luca/Stage_Lirmm/Diffusion-model-isaacsim/ur10_real_robot/ros2_ws_luca/install/ur_robot_driver_cb2:/home/luca/Stage_Lirmm/Diffusion-model-isaacsim/ur10_real_robot/ros2_ws_luca/install/ur_robot_description_cb2:/home/luca/Stage_Lirmm/Diffusion-model-isaacsim/ur10_real_robot/ros2_ws_luca/install/onrobot_rg2ft_description:/home/luca/Stage_Lirmm/Diffusion-model-isaacsim/ur10_real_robot/ros2_ws_luca/install/earth_robot_moveit_config:/home/luca/Stage_Lirmm/Diffusion-model-isaacsim/ur10_real_robot/ros2_ws_luca/install/realsense2_description:/home/luca/Stage_Lirmm/Diffusion-model-isaacsim/ur10_real_robot/ros2_ws_luca/install/onrobot_rg_msgs:/home/luca/Stage_Lirmm/Diffusion-model-isaacsim/ur10_real_robot/ros2_ws_luca/install/bringup_gripper:/opt/ros/humble VIRTUAL_ENV_PROMPT=(mujoco_ros) /usr/bin/cmake --install /home/luca/Stage_Lirmm/Diffusion-model-isaacsim/ur10_real_robot/ros2_ws_luca/build/realsense2_description
[1.162s] DEBUG:colcon.colcon_core.event_handler.log_command:Invoked command in '/home/luca/Stage_Lirmm/Diffusion-model-isaacsim/ur10_real_robot/ros2_ws_luca/build/onrobot_rg_msgs' returned '0': CMAKE_PREFIX_PATH=${CMAKE_PREFIX_PATH}:/home/luca/Stage_Lirmm/Diffusion-model-isaacsim/ur10_real_robot/ros2_ws_luca/install/bringup_gripper:/opt/ros/humble VIRTUAL_ENV_PROMPT=(mujoco_ros) /usr/bin/cmake --build /home/luca/Stage_Lirmm/Diffusion-model-isaacsim/ur10_real_robot/ros2_ws_luca/build/onrobot_rg_msgs -- -j16 -l16
[1.166s] DEBUG:colcon.colcon_core.event_handler.log_command:Invoking command in '/home/luca/Stage_Lirmm/Diffusion-model-isaacsim/ur10_real_robot/ros2_ws_luca/build/onrobot_rg_msgs': CMAKE_PREFIX_PATH=${CMAKE_PREFIX_PATH}:/home/luca/Stage_Lirmm/Diffusion-model-isaacsim/ur10_real_robot/ros2_ws_luca/install/bringup_gripper:/opt/ros/humble VIRTUAL_ENV_PROMPT=(mujoco_ros) /usr/bin/cmake --install /home/luca/Stage_Lirmm/Diffusion-model-isaacsim/ur10_real_robot/ros2_ws_luca/build/onrobot_rg_msgs
[1.175s] Level 1:colcon.colcon_core.environment:create_environment_scripts_only(realsense2_description)
[1.176s] Level 1:colcon.colcon_core.environment:checking '/home/luca/Stage_Lirmm/Diffusion-model-isaacsim/ur10_real_robot/ros2_ws_luca/install/realsense2_description' for CMake module files
[1.176s] DEBUG:colcon.colcon_core.event_handler.log_command:Invoked command in '/home/luca/Stage_Lirmm/Diffusion-model-isaacsim/ur10_real_robot/ros2_ws_luca/build/realsense2_description' returned '0': CMAKE_PREFIX_PATH=/home/luca/Stage_Lirmm/Diffusion-model-isaacsim/ur10_real_robot/ros2_ws_luca/install/ur_robot_driver_cb2:/home/luca/Stage_Lirmm/Diffusion-model-isaacsim/ur10_real_robot/ros2_ws_luca/install/ur_robot_description_cb2:/home/luca/Stage_Lirmm/Diffusion-model-isaacsim/ur10_real_robot/ros2_ws_luca/install/onrobot_rg2ft_description:/home/luca/Stage_Lirmm/Diffusion-model-isaacsim/ur10_real_robot/ros2_ws_luca/install/earth_robot_moveit_config:/home/luca/Stage_Lirmm/Diffusion-model-isaacsim/ur10_real_robot/ros2_ws_luca/install/realsense2_description:/home/luca/Stage_Lirmm/Diffusion-model-isaacsim/ur10_real_robot/ros2_ws_luca/install/onrobot_rg_msgs:/home/luca/Stage_Lirmm/Diffusion-model-isaacsim/ur10_real_robot/ros2_ws_luca/install/bringup_gripper:/opt/ros/humble VIRTUAL_ENV_PROMPT=(mujoco_ros) /usr/bin/cmake --install /home/luca/Stage_Lirmm/Diffusion-model-isaacsim/ur10_real_robot/ros2_ws_luca/build/realsense2_description
[1.179s] Level 1:colcon.colcon_core.environment:checking '/home/luca/Stage_Lirmm/Diffusion-model-isaacsim/ur10_real_robot/ros2_ws_luca/install/realsense2_description' for CMake config files
[1.183s] Level 1:colcon.colcon_core.shell:create_environment_hook('realsense2_description', 'cmake_prefix_path')
[1.184s] INFO:colcon.colcon_core.shell:Creating environment hook '/home/luca/Stage_Lirmm/Diffusion-model-isaacsim/ur10_real_robot/ros2_ws_luca/install/realsense2_description/share/realsense2_description/hook/cmake_prefix_path.ps1'
[1.186s] INFO:colcon.colcon_core.shell:Creating environment descriptor '/home/luca/Stage_Lirmm/Diffusion-model-isaacsim/ur10_real_robot/ros2_ws_luca/install/realsense2_description/share/realsense2_description/hook/cmake_prefix_path.dsv'
[1.187s] INFO:colcon.colcon_core.shell:Creating environment hook '/home/luca/Stage_Lirmm/Diffusion-model-isaacsim/ur10_real_robot/ros2_ws_luca/install/realsense2_description/share/realsense2_description/hook/cmake_prefix_path.sh'
[1.190s] Level 1:colcon.colcon_core.environment:checking '/home/luca/Stage_Lirmm/Diffusion-model-isaacsim/ur10_real_robot/ros2_ws_luca/install/realsense2_description/bin'
[1.190s] Level 1:colcon.colcon_core.environment:checking '/home/luca/Stage_Lirmm/Diffusion-model-isaacsim/ur10_real_robot/ros2_ws_luca/install/realsense2_description/lib/pkgconfig/realsense2_description.pc'
[1.190s] Level 1:colcon.colcon_core.environment:checking '/home/luca/Stage_Lirmm/Diffusion-model-isaacsim/ur10_real_robot/ros2_ws_luca/install/realsense2_description/lib/python3.10/site-packages'
[1.191s] Level 1:colcon.colcon_core.environment:checking '/home/luca/Stage_Lirmm/Diffusion-model-isaacsim/ur10_real_robot/ros2_ws_luca/install/realsense2_description/bin'
[1.191s] INFO:colcon.colcon_core.shell:Creating package script '/home/luca/Stage_Lirmm/Diffusion-model-isaacsim/ur10_real_robot/ros2_ws_luca/install/realsense2_description/share/realsense2_description/package.ps1'
[1.193s] INFO:colcon.colcon_core.shell:Creating package descriptor '/home/luca/Stage_Lirmm/Diffusion-model-isaacsim/ur10_real_robot/ros2_ws_luca/install/realsense2_description/share/realsense2_description/package.dsv'
[1.194s] INFO:colcon.colcon_core.shell:Creating package script '/home/luca/Stage_Lirmm/Diffusion-model-isaacsim/ur10_real_robot/ros2_ws_luca/install/realsense2_description/share/realsense2_description/package.sh'
[1.196s] INFO:colcon.colcon_core.shell:Creating package script '/home/luca/Stage_Lirmm/Diffusion-model-isaacsim/ur10_real_robot/ros2_ws_luca/install/realsense2_description/share/realsense2_description/package.bash'
[1.197s] INFO:colcon.colcon_core.shell:Creating package script '/home/luca/Stage_Lirmm/Diffusion-model-isaacsim/ur10_real_robot/ros2_ws_luca/install/realsense2_description/share/realsense2_description/package.zsh'
[1.197s] Level 1:colcon.colcon_core.environment:create_file_with_runtime_dependencies(/home/luca/Stage_Lirmm/Diffusion-model-isaacsim/ur10_real_robot/ros2_ws_luca/install/realsense2_description/share/colcon-core/packages/realsense2_description)
[1.198s] Level 1:colcon.colcon_core.environment:create_environment_scripts_only(realsense2_description)
[1.198s] Level 1:colcon.colcon_core.environment:checking '/home/luca/Stage_Lirmm/Diffusion-model-isaacsim/ur10_real_robot/ros2_ws_luca/install/realsense2_description' for CMake module files
[1.199s] Level 1:colcon.colcon_core.environment:checking '/home/luca/Stage_Lirmm/Diffusion-model-isaacsim/ur10_real_robot/ros2_ws_luca/install/realsense2_description' for CMake config files
[1.199s] Level 1:colcon.colcon_core.shell:create_environment_hook('realsense2_description', 'cmake_prefix_path')
[1.199s] INFO:colcon.colcon_core.shell:Creating environment hook '/home/luca/Stage_Lirmm/Diffusion-model-isaacsim/ur10_real_robot/ros2_ws_luca/install/realsense2_description/share/realsense2_description/hook/cmake_prefix_path.ps1'
[1.200s] INFO:colcon.colcon_core.shell:Creating environment descriptor '/home/luca/Stage_Lirmm/Diffusion-model-isaacsim/ur10_real_robot/ros2_ws_luca/install/realsense2_description/share/realsense2_description/hook/cmake_prefix_path.dsv'
[1.200s] INFO:colcon.colcon_core.shell:Creating environment hook '/home/luca/Stage_Lirmm/Diffusion-model-isaacsim/ur10_real_robot/ros2_ws_luca/install/realsense2_description/share/realsense2_description/hook/cmake_prefix_path.sh'
[1.201s] Level 1:colcon.colcon_core.environment:checking '/home/luca/Stage_Lirmm/Diffusion-model-isaacsim/ur10_real_robot/ros2_ws_luca/install/realsense2_description/bin'
[1.201s] Level 1:colcon.colcon_core.environment:checking '/home/luca/Stage_Lirmm/Diffusion-model-isaacsim/ur10_real_robot/ros2_ws_luca/install/realsense2_description/lib/pkgconfig/realsense2_description.pc'
[1.201s] Level 1:colcon.colcon_core.environment:checking '/home/luca/Stage_Lirmm/Diffusion-model-isaacsim/ur10_real_robot/ros2_ws_luca/install/realsense2_description/lib/python3.10/site-packages'
[1.202s] Level 1:colcon.colcon_core.environment:checking '/home/luca/Stage_Lirmm/Diffusion-model-isaacsim/ur10_real_robot/ros2_ws_luca/install/realsense2_description/bin'
[1.202s] INFO:colcon.colcon_core.shell:Creating package script '/home/luca/Stage_Lirmm/Diffusion-model-isaacsim/ur10_real_robot/ros2_ws_luca/install/realsense2_description/share/realsense2_description/package.ps1'
[1.203s] INFO:colcon.colcon_core.shell:Creating package descriptor '/home/luca/Stage_Lirmm/Diffusion-model-isaacsim/ur10_real_robot/ros2_ws_luca/install/realsense2_description/share/realsense2_description/package.dsv'
[1.204s] INFO:colcon.colcon_core.shell:Creating package script '/home/luca/Stage_Lirmm/Diffusion-model-isaacsim/ur10_real_robot/ros2_ws_luca/install/realsense2_description/share/realsense2_description/package.sh'
[1.204s] INFO:colcon.colcon_core.shell:Creating package script '/home/luca/Stage_Lirmm/Diffusion-model-isaacsim/ur10_real_robot/ros2_ws_luca/install/realsense2_description/share/realsense2_description/package.bash'
[1.205s] INFO:colcon.colcon_core.shell:Creating package script '/home/luca/Stage_Lirmm/Diffusion-model-isaacsim/ur10_real_robot/ros2_ws_luca/install/realsense2_description/share/realsense2_description/package.zsh'
[1.206s] Level 1:colcon.colcon_core.environment:create_file_with_runtime_dependencies(/home/luca/Stage_Lirmm/Diffusion-model-isaacsim/ur10_real_robot/ros2_ws_luca/install/realsense2_description/share/colcon-core/packages/realsense2_description)
[1.244s] Level 1:colcon.colcon_core.environment:create_environment_scripts_only(onrobot_rg_msgs)
[1.245s] Level 1:colcon.colcon_core.environment:checking '/home/luca/Stage_Lirmm/Diffusion-model-isaacsim/ur10_real_robot/ros2_ws_luca/install/onrobot_rg_msgs' for CMake module files
[1.246s] DEBUG:colcon.colcon_core.event_handler.log_command:Invoked command in '/home/luca/Stage_Lirmm/Diffusion-model-isaacsim/ur10_real_robot/ros2_ws_luca/build/onrobot_rg_msgs' returned '0': CMAKE_PREFIX_PATH=${CMAKE_PREFIX_PATH}:/home/luca/Stage_Lirmm/Diffusion-model-isaacsim/ur10_real_robot/ros2_ws_luca/install/bringup_gripper:/opt/ros/humble VIRTUAL_ENV_PROMPT=(mujoco_ros) /usr/bin/cmake --install /home/luca/Stage_Lirmm/Diffusion-model-isaacsim/ur10_real_robot/ros2_ws_luca/build/onrobot_rg_msgs
[1.246s] Level 1:colcon.colcon_core.environment:checking '/home/luca/Stage_Lirmm/Diffusion-model-isaacsim/ur10_real_robot/ros2_ws_luca/install/onrobot_rg_msgs' for CMake config files
[1.247s] Level 1:colcon.colcon_core.shell:create_environment_hook('onrobot_rg_msgs', 'cmake_prefix_path')
[1.247s] INFO:colcon.colcon_core.shell:Creating environment hook '/home/luca/Stage_Lirmm/Diffusion-model-isaacsim/ur10_real_robot/ros2_ws_luca/install/onrobot_rg_msgs/share/onrobot_rg_msgs/hook/cmake_prefix_path.ps1'
[1.248s] INFO:colcon.colcon_core.shell:Creating environment descriptor '/home/luca/Stage_Lirmm/Diffusion-model-isaacsim/ur10_real_robot/ros2_ws_luca/install/onrobot_rg_msgs/share/onrobot_rg_msgs/hook/cmake_prefix_path.dsv'
[1.248s] INFO:colcon.colcon_core.shell:Creating environment hook '/home/luca/Stage_Lirmm/Diffusion-model-isaacsim/ur10_real_robot/ros2_ws_luca/install/onrobot_rg_msgs/share/onrobot_rg_msgs/hook/cmake_prefix_path.sh'
[1.249s] Level 1:colcon.colcon_core.environment:checking '/home/luca/Stage_Lirmm/Diffusion-model-isaacsim/ur10_real_robot/ros2_ws_luca/install/onrobot_rg_msgs/lib'
[1.249s] Level 1:colcon.colcon_core.shell:create_environment_hook('onrobot_rg_msgs', 'ld_library_path_lib')
[1.249s] INFO:colcon.colcon_core.shell:Creating environment hook '/home/luca/Stage_Lirmm/Diffusion-model-isaacsim/ur10_real_robot/ros2_ws_luca/install/onrobot_rg_msgs/share/onrobot_rg_msgs/hook/ld_library_path_lib.ps1'
[1.250s] INFO:colcon.colcon_core.shell:Creating environment descriptor '/home/luca/Stage_Lirmm/Diffusion-model-isaacsim/ur10_real_robot/ros2_ws_luca/install/onrobot_rg_msgs/share/onrobot_rg_msgs/hook/ld_library_path_lib.dsv'
[1.250s] INFO:colcon.colcon_core.shell:Creating environment hook '/home/luca/Stage_Lirmm/Diffusion-model-isaacsim/ur10_real_robot/ros2_ws_luca/install/onrobot_rg_msgs/share/onrobot_rg_msgs/hook/ld_library_path_lib.sh'
[1.251s] Level 1:colcon.colcon_core.environment:checking '/home/luca/Stage_Lirmm/Diffusion-model-isaacsim/ur10_real_robot/ros2_ws_luca/install/onrobot_rg_msgs/bin'
[1.251s] Level 1:colcon.colcon_core.environment:checking '/home/luca/Stage_Lirmm/Diffusion-model-isaacsim/ur10_real_robot/ros2_ws_luca/install/onrobot_rg_msgs/lib/pkgconfig/onrobot_rg_msgs.pc'
[1.251s] Level 1:colcon.colcon_core.environment:checking '/home/luca/Stage_Lirmm/Diffusion-model-isaacsim/ur10_real_robot/ros2_ws_luca/install/onrobot_rg_msgs/lib/python3.10/site-packages'
[1.251s] Level 1:colcon.colcon_core.shell:create_environment_hook('onrobot_rg_msgs', 'pythonpath')
[1.252s] INFO:colcon.colcon_core.shell:Creating environment hook '/home/luca/Stage_Lirmm/Diffusion-model-isaacsim/ur10_real_robot/ros2_ws_luca/install/onrobot_rg_msgs/share/onrobot_rg_msgs/hook/pythonpath.ps1'
[1.252s] INFO:colcon.colcon_core.shell:Creating environment descriptor '/home/luca/Stage_Lirmm/Diffusion-model-isaacsim/ur10_real_robot/ros2_ws_luca/install/onrobot_rg_msgs/share/onrobot_rg_msgs/hook/pythonpath.dsv'
[1.253s] INFO:colcon.colcon_core.shell:Creating environment hook '/home/luca/Stage_Lirmm/Diffusion-model-isaacsim/ur10_real_robot/ros2_ws_luca/install/onrobot_rg_msgs/share/onrobot_rg_msgs/hook/pythonpath.sh'
[1.254s] Level 1:colcon.colcon_core.environment:checking '/home/luca/Stage_Lirmm/Diffusion-model-isaacsim/ur10_real_robot/ros2_ws_luca/install/onrobot_rg_msgs/bin'
[1.254s] INFO:colcon.colcon_core.shell:Creating package script '/home/luca/Stage_Lirmm/Diffusion-model-isaacsim/ur10_real_robot/ros2_ws_luca/install/onrobot_rg_msgs/share/onrobot_rg_msgs/package.ps1'
[1.255s] INFO:colcon.colcon_core.shell:Creating package descriptor '/home/luca/Stage_Lirmm/Diffusion-model-isaacsim/ur10_real_robot/ros2_ws_luca/install/onrobot_rg_msgs/share/onrobot_rg_msgs/package.dsv'
[1.256s] INFO:colcon.colcon_core.shell:Creating package script '/home/luca/Stage_Lirmm/Diffusion-model-isaacsim/ur10_real_robot/ros2_ws_luca/install/onrobot_rg_msgs/share/onrobot_rg_msgs/package.sh'
[1.257s] INFO:colcon.colcon_core.shell:Creating package script '/home/luca/Stage_Lirmm/Diffusion-model-isaacsim/ur10_real_robot/ros2_ws_luca/install/onrobot_rg_msgs/share/onrobot_rg_msgs/package.bash'
[1.257s] INFO:colcon.colcon_core.shell:Creating package script '/home/luca/Stage_Lirmm/Diffusion-model-isaacsim/ur10_real_robot/ros2_ws_luca/install/onrobot_rg_msgs/share/onrobot_rg_msgs/package.zsh'
[1.258s] Level 1:colcon.colcon_core.environment:create_file_with_runtime_dependencies(/home/luca/Stage_Lirmm/Diffusion-model-isaacsim/ur10_real_robot/ros2_ws_luca/install/onrobot_rg_msgs/share/colcon-core/packages/onrobot_rg_msgs)
[1.259s] Level 1:colcon.colcon_core.environment:create_environment_scripts_only(onrobot_rg_msgs)
[1.259s] Level 1:colcon.colcon_core.environment:checking '/home/luca/Stage_Lirmm/Diffusion-model-isaacsim/ur10_real_robot/ros2_ws_luca/install/onrobot_rg_msgs' for CMake module files
[1.260s] Level 1:colcon.colcon_core.environment:checking '/home/luca/Stage_Lirmm/Diffusion-model-isaacsim/ur10_real_robot/ros2_ws_luca/install/onrobot_rg_msgs' for CMake config files
[1.261s] Level 1:colcon.colcon_core.shell:create_environment_hook('onrobot_rg_msgs', 'cmake_prefix_path')
[1.261s] INFO:colcon.colcon_core.shell:Creating environment hook '/home/luca/Stage_Lirmm/Diffusion-model-isaacsim/ur10_real_robot/ros2_ws_luca/install/onrobot_rg_msgs/share/onrobot_rg_msgs/hook/cmake_prefix_path.ps1'
[1.262s] INFO:colcon.colcon_core.shell:Creating environment descriptor '/home/luca/Stage_Lirmm/Diffusion-model-isaacsim/ur10_real_robot/ros2_ws_luca/install/onrobot_rg_msgs/share/onrobot_rg_msgs/hook/cmake_prefix_path.dsv'
[1.262s] INFO:colcon.colcon_core.shell:Creating environment hook '/home/luca/Stage_Lirmm/Diffusion-model-isaacsim/ur10_real_robot/ros2_ws_luca/install/onrobot_rg_msgs/share/onrobot_rg_msgs/hook/cmake_prefix_path.sh'
[1.263s] Level 1:colcon.colcon_core.environment:checking '/home/luca/Stage_Lirmm/Diffusion-model-isaacsim/ur10_real_robot/ros2_ws_luca/install/onrobot_rg_msgs/lib'
[1.263s] Level 1:colcon.colcon_core.shell:create_environment_hook('onrobot_rg_msgs', 'ld_library_path_lib')
[1.263s] INFO:colcon.colcon_core.shell:Creating environment hook '/home/luca/Stage_Lirmm/Diffusion-model-isaacsim/ur10_real_robot/ros2_ws_luca/install/onrobot_rg_msgs/share/onrobot_rg_msgs/hook/ld_library_path_lib.ps1'
[1.264s] INFO:colcon.colcon_core.shell:Creating environment descriptor '/home/luca/Stage_Lirmm/Diffusion-model-isaacsim/ur10_real_robot/ros2_ws_luca/install/onrobot_rg_msgs/share/onrobot_rg_msgs/hook/ld_library_path_lib.dsv'
[1.264s] INFO:colcon.colcon_core.shell:Creating environment hook '/home/luca/Stage_Lirmm/Diffusion-model-isaacsim/ur10_real_robot/ros2_ws_luca/install/onrobot_rg_msgs/share/onrobot_rg_msgs/hook/ld_library_path_lib.sh'
[1.264s] Level 1:colcon.colcon_core.environment:checking '/home/luca/Stage_Lirmm/Diffusion-model-isaacsim/ur10_real_robot/ros2_ws_luca/install/onrobot_rg_msgs/bin'
[1.265s] Level 1:colcon.colcon_core.environment:checking '/home/luca/Stage_Lirmm/Diffusion-model-isaacsim/ur10_real_robot/ros2_ws_luca/install/onrobot_rg_msgs/lib/pkgconfig/onrobot_rg_msgs.pc'
[1.265s] Level 1:colcon.colcon_core.environment:checking '/home/luca/Stage_Lirmm/Diffusion-model-isaacsim/ur10_real_robot/ros2_ws_luca/install/onrobot_rg_msgs/lib/python3.10/site-packages'
[1.265s] Level 1:colcon.colcon_core.shell:create_environment_hook('onrobot_rg_msgs', 'pythonpath')
[1.265s] INFO:colcon.colcon_core.shell:Creating environment hook '/home/luca/Stage_Lirmm/Diffusion-model-isaacsim/ur10_real_robot/ros2_ws_luca/install/onrobot_rg_msgs/share/onrobot_rg_msgs/hook/pythonpath.ps1'
[1.266s] INFO:colcon.colcon_core.shell:Creating environment descriptor '/home/luca/Stage_Lirmm/Diffusion-model-isaacsim/ur10_real_robot/ros2_ws_luca/install/onrobot_rg_msgs/share/onrobot_rg_msgs/hook/pythonpath.dsv'
[1.266s] INFO:colcon.colcon_core.shell:Creating environment hook '/home/luca/Stage_Lirmm/Diffusion-model-isaacsim/ur10_real_robot/ros2_ws_luca/install/onrobot_rg_msgs/share/onrobot_rg_msgs/hook/pythonpath.sh'
[1.267s] Level 1:colcon.colcon_core.environment:checking '/home/luca/Stage_Lirmm/Diffusion-model-isaacsim/ur10_real_robot/ros2_ws_luca/install/onrobot_rg_msgs/bin'
[1.267s] INFO:colcon.colcon_core.shell:Creating package script '/home/luca/Stage_Lirmm/Diffusion-model-isaacsim/ur10_real_robot/ros2_ws_luca/install/onrobot_rg_msgs/share/onrobot_rg_msgs/package.ps1'
[1.268s] INFO:colcon.colcon_core.shell:Creating package descriptor '/home/luca/Stage_Lirmm/Diffusion-model-isaacsim/ur10_real_robot/ros2_ws_luca/install/onrobot_rg_msgs/share/onrobot_rg_msgs/package.dsv'
[1.269s] INFO:colcon.colcon_core.shell:Creating package script '/home/luca/Stage_Lirmm/Diffusion-model-isaacsim/ur10_real_robot/ros2_ws_luca/install/onrobot_rg_msgs/share/onrobot_rg_msgs/package.sh'
[1.270s] INFO:colcon.colcon_core.shell:Creating package script '/home/luca/Stage_Lirmm/Diffusion-model-isaacsim/ur10_real_robot/ros2_ws_luca/install/onrobot_rg_msgs/share/onrobot_rg_msgs/package.bash'
[1.270s] INFO:colcon.colcon_core.shell:Creating package script '/home/luca/Stage_Lirmm/Diffusion-model-isaacsim/ur10_real_robot/ros2_ws_luca/install/onrobot_rg_msgs/share/onrobot_rg_msgs/package.zsh'
[1.271s] Level 1:colcon.colcon_core.environment:create_file_with_runtime_dependencies(/home/luca/Stage_Lirmm/Diffusion-model-isaacsim/ur10_real_robot/ros2_ws_luca/install/onrobot_rg_msgs/share/colcon-core/packages/onrobot_rg_msgs)
[1.271s] INFO:colcon.colcon_ros.task.ament_python.build:Building ROS package in '/home/luca/Stage_Lirmm/Diffusion-model-isaacsim/ur10_real_robot/ros2_ws_luca/src/bringup_gripper' with build type 'ament_python'
[1.271s] Level 1:colcon.colcon_core.shell:create_environment_hook('bringup_gripper', 'ament_prefix_path')
[1.272s] INFO:colcon.colcon_core.shell:Creating environment hook '/home/luca/Stage_Lirmm/Diffusion-model-isaacsim/ur10_real_robot/ros2_ws_luca/install/bringup_gripper/share/bringup_gripper/hook/ament_prefix_path.ps1'
[1.273s] INFO:colcon.colcon_core.shell:Creating environment descriptor '/home/luca/Stage_Lirmm/Diffusion-model-isaacsim/ur10_real_robot/ros2_ws_luca/install/bringup_gripper/share/bringup_gripper/hook/ament_prefix_path.dsv'
[1.273s] INFO:colcon.colcon_core.shell:Creating environment hook '/home/luca/Stage_Lirmm/Diffusion-model-isaacsim/ur10_real_robot/ros2_ws_luca/install/bringup_gripper/share/bringup_gripper/hook/ament_prefix_path.sh'
[1.274s] INFO:colcon.colcon_core.shell:Skip shell extension 'powershell' for command environment: Not usable outside of PowerShell
[1.274s] DEBUG:colcon.colcon_core.shell:Skip shell extension 'dsv' for command environment
[1.677s] INFO:colcon.colcon_core.task.python.build:Building Python package in '/home/luca/Stage_Lirmm/Diffusion-model-isaacsim/ur10_real_robot/ros2_ws_luca/src/bringup_gripper'
[1.678s] INFO:colcon.colcon_core.shell:Skip shell extension 'powershell' for command environment: Not usable outside of PowerShell
[1.678s] DEBUG:colcon.colcon_core.shell:Skip shell extension 'dsv' for command environment
[2.234s] DEBUG:colcon.colcon_core.event_handler.log_command:Invoking command in '/home/luca/Stage_Lirmm/Diffusion-model-isaacsim/ur10_real_robot/ros2_ws_luca/src/bringup_gripper': CMAKE_PREFIX_PATH=/home/luca/Stage_Lirmm/Diffusion-model-isaacsim/ur10_real_robot/ros2_ws_luca/install/onrobot_rg_msgs:/home/luca/Stage_Lirmm/Diffusion-model-isaacsim/ur10_real_robot/ros2_ws_luca/install/ur_robot_driver_cb2:/home/luca/Stage_Lirmm/Diffusion-model-isaacsim/ur10_real_robot/ros2_ws_luca/install/earth_robot_moveit_config:/home/luca/Stage_Lirmm/Diffusion-model-isaacsim/ur10_real_robot/ros2_ws_luca/install/realsense2_description:/home/luca/Stage_Lirmm/Diffusion-model-isaacsim/ur10_real_robot/ros2_ws_luca/install/ur_robot_description_cb2:/home/luca/Stage_Lirmm/Diffusion-model-isaacsim/ur10_real_robot/ros2_ws_luca/install/onrobot_rg2ft_description LD_LIBRARY_PATH=/home/luca/Stage_Lirmm/Diffusion-model-isaacsim/ur10_real_robot/ros2_ws_luca/install/onrobot_rg_msgs/lib:/home/luca/Stage_Lirmm/Diffusion-model-isaacsim/ur10_real_robot/ros2_ws_luca/install/ur_robot_driver_cb2/lib:/usr/lib/x86_64-linux-gnu/gazebo-11/plugins:/opt/ros/humble/opt/rviz_ogre_vendor/lib:/opt/ros/humble/lib/x86_64-linux-gnu:/opt/ros/humble/lib PYTHONPATH=/home/luca/Stage_Lirmm/Diffusion-model-isaacsim/ur10_real_robot/ros2_ws_luca/build/bringup_gripper/prefix_override:/usr/lib/python3/dist-packages/colcon_core/task/python/colcon_distutils_commands:/home/luca/Stage_Lirmm/Diffusion-model-isaacsim/ur10_real_robot/ros2_ws_luca/install/bringup_gripper/lib/python3.10/site-packages:/home/luca/Stage_Lirmm/Diffusion-model-isaacsim/ur10_real_robot/ros2_ws_luca/install/onrobot_rg_msgs/lib/python3.10/site-packages:/home/luca/Stage_Lirmm/Diffusion-model-isaacsim/ur10_real_robot/ros2_ws_luca/install/bringup_gripper/lib/python3.10/site-packages:/opt/ros/humble/lib/python3.10/site-packages:/opt/ros/humble/local/lib/python3.10/dist-packages VIRTUAL_ENV_PROMPT=(mujoco_ros) /usr/bin/python3 -W ignore:setup.py install is deprecated -W ignore:easy_install command is deprecated setup.py egg_info --egg-base ../../build/bringup_gripper build --build-base /home/luca/Stage_Lirmm/Diffusion-model-isaacsim/ur10_real_robot/ros2_ws_luca/build/bringup_gripper/build install --record /home/luca/Stage_Lirmm/Diffusion-model-isaacsim/ur10_real_robot/ros2_ws_luca/build/bringup_gripper/install.log --single-version-externally-managed install_data
[2.669s] Level 1:colcon.colcon_core.environment:checking '/home/luca/Stage_Lirmm/Diffusion-model-isaacsim/ur10_real_robot/ros2_ws_luca/install/bringup_gripper' for CMake module files
[2.670s] DEBUG:colcon.colcon_core.event_handler.log_command:Invoked command in '/home/luca/Stage_Lirmm/Diffusion-model-isaacsim/ur10_real_robot/ros2_ws_luca/src/bringup_gripper' returned '0': CMAKE_PREFIX_PATH=/home/luca/Stage_Lirmm/Diffusion-model-isaacsim/ur10_real_robot/ros2_ws_luca/install/onrobot_rg_msgs:/home/luca/Stage_Lirmm/Diffusion-model-isaacsim/ur10_real_robot/ros2_ws_luca/install/ur_robot_driver_cb2:/home/luca/Stage_Lirmm/Diffusion-model-isaacsim/ur10_real_robot/ros2_ws_luca/install/earth_robot_moveit_config:/home/luca/Stage_Lirmm/Diffusion-model-isaacsim/ur10_real_robot/ros2_ws_luca/install/realsense2_description:/home/luca/Stage_Lirmm/Diffusion-model-isaacsim/ur10_real_robot/ros2_ws_luca/install/ur_robot_description_cb2:/home/luca/Stage_Lirmm/Diffusion-model-isaacsim/ur10_real_robot/ros2_ws_luca/install/onrobot_rg2ft_description LD_LIBRARY_PATH=/home/luca/Stage_Lirmm/Diffusion-model-isaacsim/ur10_real_robot/ros2_ws_luca/install/onrobot_rg_msgs/lib:/home/luca/Stage_Lirmm/Diffusion-model-isaacsim/ur10_real_robot/ros2_ws_luca/install/ur_robot_driver_cb2/lib:/usr/lib/x86_64-linux-gnu/gazebo-11/plugins:/opt/ros/humble/opt/rviz_ogre_vendor/lib:/opt/ros/humble/lib/x86_64-linux-gnu:/opt/ros/humble/lib PYTHONPATH=/home/luca/Stage_Lirmm/Diffusion-model-isaacsim/ur10_real_robot/ros2_ws_luca/build/bringup_gripper/prefix_override:/usr/lib/python3/dist-packages/colcon_core/task/python/colcon_distutils_commands:/home/luca/Stage_Lirmm/Diffusion-model-isaacsim/ur10_real_robot/ros2_ws_luca/install/bringup_gripper/lib/python3.10/site-packages:/home/luca/Stage_Lirmm/Diffusion-model-isaacsim/ur10_real_robot/ros2_ws_luca/install/onrobot_rg_msgs/lib/python3.10/site-packages:/home/luca/Stage_Lirmm/Diffusion-model-isaacsim/ur10_real_robot/ros2_ws_luca/install/bringup_gripper/lib/python3.10/site-packages:/opt/ros/humble/lib/python3.10/site-packages:/opt/ros/humble/local/lib/python3.10/dist-packages VIRTUAL_ENV_PROMPT=(mujoco_ros) /usr/bin/python3 -W ignore:setup.py install is deprecated -W ignore:easy_install command is deprecated setup.py egg_info --egg-base ../../build/bringup_gripper build --build-base /home/luca/Stage_Lirmm/Diffusion-model-isaacsim/ur10_real_robot/ros2_ws_luca/build/bringup_gripper/build install --record /home/luca/Stage_Lirmm/Diffusion-model-isaacsim/ur10_real_robot/ros2_ws_luca/build/bringup_gripper/install.log --single-version-externally-managed install_data
[2.670s] Level 1:colcon.colcon_core.environment:checking '/home/luca/Stage_Lirmm/Diffusion-model-isaacsim/ur10_real_robot/ros2_ws_luca/install/bringup_gripper' for CMake config files
[2.671s] Level 1:colcon.colcon_core.environment:checking '/home/luca/Stage_Lirmm/Diffusion-model-isaacsim/ur10_real_robot/ros2_ws_luca/install/bringup_gripper/lib'
[2.671s] Level 1:colcon.colcon_core.environment:checking '/home/luca/Stage_Lirmm/Diffusion-model-isaacsim/ur10_real_robot/ros2_ws_luca/install/bringup_gripper/bin'
[2.671s] Level 1:colcon.colcon_core.environment:checking '/home/luca/Stage_Lirmm/Diffusion-model-isaacsim/ur10_real_robot/ros2_ws_luca/install/bringup_gripper/lib/pkgconfig/bringup_gripper.pc'
[2.671s] Level 1:colcon.colcon_core.environment:checking '/home/luca/Stage_Lirmm/Diffusion-model-isaacsim/ur10_real_robot/ros2_ws_luca/install/bringup_gripper/lib/python3.10/site-packages'
[2.672s] Level 1:colcon.colcon_core.shell:create_environment_hook('bringup_gripper', 'pythonpath')
[2.672s] INFO:colcon.colcon_core.shell:Creating environment hook '/home/luca/Stage_Lirmm/Diffusion-model-isaacsim/ur10_real_robot/ros2_ws_luca/install/bringup_gripper/share/bringup_gripper/hook/pythonpath.ps1'
[2.672s] INFO:colcon.colcon_core.shell:Creating environment descriptor '/home/luca/Stage_Lirmm/Diffusion-model-isaacsim/ur10_real_robot/ros2_ws_luca/install/bringup_gripper/share/bringup_gripper/hook/pythonpath.dsv'
[2.673s] INFO:colcon.colcon_core.shell:Creating environment hook '/home/luca/Stage_Lirmm/Diffusion-model-isaacsim/ur10_real_robot/ros2_ws_luca/install/bringup_gripper/share/bringup_gripper/hook/pythonpath.sh'
[2.674s] Level 1:colcon.colcon_core.environment:checking '/home/luca/Stage_Lirmm/Diffusion-model-isaacsim/ur10_real_robot/ros2_ws_luca/install/bringup_gripper/bin'
[2.674s] Level 1:colcon.colcon_core.environment:create_environment_scripts_only(bringup_gripper)
[2.674s] INFO:colcon.colcon_core.shell:Creating package script '/home/luca/Stage_Lirmm/Diffusion-model-isaacsim/ur10_real_robot/ros2_ws_luca/install/bringup_gripper/share/bringup_gripper/package.ps1'
[2.675s] INFO:colcon.colcon_core.shell:Creating package descriptor '/home/luca/Stage_Lirmm/Diffusion-model-isaacsim/ur10_real_robot/ros2_ws_luca/install/bringup_gripper/share/bringup_gripper/package.dsv'
[2.675s] INFO:colcon.colcon_core.shell:Creating package script '/home/luca/Stage_Lirmm/Diffusion-model-isaacsim/ur10_real_robot/ros2_ws_luca/install/bringup_gripper/share/bringup_gripper/package.sh'
[2.676s] INFO:colcon.colcon_core.shell:Creating package script '/home/luca/Stage_Lirmm/Diffusion-model-isaacsim/ur10_real_robot/ros2_ws_luca/install/bringup_gripper/share/bringup_gripper/package.bash'
[2.676s] INFO:colcon.colcon_core.shell:Creating package script '/home/luca/Stage_Lirmm/Diffusion-model-isaacsim/ur10_real_robot/ros2_ws_luca/install/bringup_gripper/share/bringup_gripper/package.zsh'
[2.676s] Level 1:colcon.colcon_core.environment:create_file_with_runtime_dependencies(/home/luca/Stage_Lirmm/Diffusion-model-isaacsim/ur10_real_robot/ros2_ws_luca/install/bringup_gripper/share/colcon-core/packages/bringup_gripper)
[2.677s] INFO:colcon.colcon_ros.task.ament_cmake.build:Building ROS package in '/home/luca/Stage_Lirmm/Diffusion-model-isaacsim/ur10_real_robot/ros2_ws_luca/src/earth_robot_moveit_config' with build type 'ament_cmake'
[2.677s] INFO:colcon.colcon_cmake.task.cmake.build:Building CMake package in '/home/luca/Stage_Lirmm/Diffusion-model-isaacsim/ur10_real_robot/ros2_ws_luca/src/earth_robot_moveit_config'
[2.677s] INFO:colcon.colcon_core.shell:Skip shell extension 'powershell' for command environment: Not usable outside of PowerShell
[2.677s] DEBUG:colcon.colcon_core.shell:Skip shell extension 'dsv' for command environment
[2.708s] DEBUG:colcon.colcon_core.event_handler.log_command:Invoking command in '/home/luca/Stage_Lirmm/Diffusion-model-isaacsim/ur10_real_robot/ros2_ws_luca/build/earth_robot_moveit_config': AMENT_PREFIX_PATH=/home/luca/Stage_Lirmm/Diffusion-model-isaacsim/ur10_real_robot/ros2_ws_luca/install/bringup_gripper:/home/luca/Stage_Lirmm/Diffusion-model-isaacsim/ur10_real_robot/ros2_ws_luca/install/ur_robot_driver_cb2:/home/luca/Stage_Lirmm/Diffusion-model-isaacsim/ur10_real_robot/ros2_ws_luca/install/earth_robot_moveit_config:/home/luca/Stage_Lirmm/Diffusion-model-isaacsim/ur10_real_robot/ros2_ws_luca/install/realsense2_description:/home/luca/Stage_Lirmm/Diffusion-model-isaacsim/ur10_real_robot/ros2_ws_luca/install/ur_robot_description_cb2:/home/luca/Stage_Lirmm/Diffusion-model-isaacsim/ur10_real_robot/ros2_ws_luca/install/onrobot_rg_msgs:/home/luca/Stage_Lirmm/Diffusion-model-isaacsim/ur10_real_robot/ros2_ws_luca/install/onrobot_rg2ft_description:/opt/ros/humble CMAKE_PREFIX_PATH=/home/luca/Stage_Lirmm/Diffusion-model-isaacsim/ur10_real_robot/ros2_ws_luca/install/realsense2_description:/home/luca/Stage_Lirmm/Diffusion-model-isaacsim/ur10_real_robot/ros2_ws_luca/install/ur_robot_driver_cb2:/home/luca/Stage_Lirmm/Diffusion-model-isaacsim/ur10_real_robot/ros2_ws_luca/install/ur_robot_description_cb2:/home/luca/Stage_Lirmm/Diffusion-model-isaacsim/ur10_real_robot/ros2_ws_luca/install/onrobot_rg_msgs:/home/luca/Stage_Lirmm/Diffusion-model-isaacsim/ur10_real_robot/ros2_ws_luca/install/onrobot_rg2ft_description:/home/luca/Stage_Lirmm/Diffusion-model-isaacsim/ur10_real_robot/ros2_ws_luca/install/earth_robot_moveit_config:/home/luca/Stage_Lirmm/Diffusion-model-isaacsim/ur10_real_robot/ros2_ws_luca/install/bringup_gripper:/opt/ros/humble VIRTUAL_ENV_PROMPT=(mujoco_ros) /usr/bin/cmake --build /home/luca/Stage_Lirmm/Diffusion-model-isaacsim/ur10_real_robot/ros2_ws_luca/build/earth_robot_moveit_config -- -j16 -l16
[2.776s] DEBUG:colcon.colcon_core.event_handler.log_command:Invoked command in '/home/luca/Stage_Lirmm/Diffusion-model-isaacsim/ur10_real_robot/ros2_ws_luca/build/earth_robot_moveit_config' returned '0': AMENT_PREFIX_PATH=/home/luca/Stage_Lirmm/Diffusion-model-isaacsim/ur10_real_robot/ros2_ws_luca/install/bringup_gripper:/home/luca/Stage_Lirmm/Diffusion-model-isaacsim/ur10_real_robot/ros2_ws_luca/install/ur_robot_driver_cb2:/home/luca/Stage_Lirmm/Diffusion-model-isaacsim/ur10_real_robot/ros2_ws_luca/install/earth_robot_moveit_config:/home/luca/Stage_Lirmm/Diffusion-model-isaacsim/ur10_real_robot/ros2_ws_luca/install/realsense2_description:/home/luca/Stage_Lirmm/Diffusion-model-isaacsim/ur10_real_robot/ros2_ws_luca/install/ur_robot_description_cb2:/home/luca/Stage_Lirmm/Diffusion-model-isaacsim/ur10_real_robot/ros2_ws_luca/install/onrobot_rg_msgs:/home/luca/Stage_Lirmm/Diffusion-model-isaacsim/ur10_real_robot/ros2_ws_luca/install/onrobot_rg2ft_description:/opt/ros/humble CMAKE_PREFIX_PATH=/home/luca/Stage_Lirmm/Diffusion-model-isaacsim/ur10_real_robot/ros2_ws_luca/install/realsense2_description:/home/luca/Stage_Lirmm/Diffusion-model-isaacsim/ur10_real_robot/ros2_ws_luca/install/ur_robot_driver_cb2:/home/luca/Stage_Lirmm/Diffusion-model-isaacsim/ur10_real_robot/ros2_ws_luca/install/ur_robot_description_cb2:/home/luca/Stage_Lirmm/Diffusion-model-isaacsim/ur10_real_robot/ros2_ws_luca/install/onrobot_rg_msgs:/home/luca/Stage_Lirmm/Diffusion-model-isaacsim/ur10_real_robot/ros2_ws_luca/install/onrobot_rg2ft_description:/home/luca/Stage_Lirmm/Diffusion-model-isaacsim/ur10_real_robot/ros2_ws_luca/install/earth_robot_moveit_config:/home/luca/Stage_Lirmm/Diffusion-model-isaacsim/ur10_real_robot/ros2_ws_luca/install/bringup_gripper:/opt/ros/humble VIRTUAL_ENV_PROMPT=(mujoco_ros) /usr/bin/cmake --build /home/luca/Stage_Lirmm/Diffusion-model-isaacsim/ur10_real_robot/ros2_ws_luca/build/earth_robot_moveit_config -- -j16 -l16
[2.779s] DEBUG:colcon.colcon_core.event_handler.log_command:Invoking command in '/home/luca/Stage_Lirmm/Diffusion-model-isaacsim/ur10_real_robot/ros2_ws_luca/build/earth_robot_moveit_config': AMENT_PREFIX_PATH=/home/luca/Stage_Lirmm/Diffusion-model-isaacsim/ur10_real_robot/ros2_ws_luca/install/bringup_gripper:/home/luca/Stage_Lirmm/Diffusion-model-isaacsim/ur10_real_robot/ros2_ws_luca/install/ur_robot_driver_cb2:/home/luca/Stage_Lirmm/Diffusion-model-isaacsim/ur10_real_robot/ros2_ws_luca/install/earth_robot_moveit_config:/home/luca/Stage_Lirmm/Diffusion-model-isaacsim/ur10_real_robot/ros2_ws_luca/install/realsense2_description:/home/luca/Stage_Lirmm/Diffusion-model-isaacsim/ur10_real_robot/ros2_ws_luca/install/ur_robot_description_cb2:/home/luca/Stage_Lirmm/Diffusion-model-isaacsim/ur10_real_robot/ros2_ws_luca/install/onrobot_rg_msgs:/home/luca/Stage_Lirmm/Diffusion-model-isaacsim/ur10_real_robot/ros2_ws_luca/install/onrobot_rg2ft_description:/opt/ros/humble CMAKE_PREFIX_PATH=/home/luca/Stage_Lirmm/Diffusion-model-isaacsim/ur10_real_robot/ros2_ws_luca/install/realsense2_description:/home/luca/Stage_Lirmm/Diffusion-model-isaacsim/ur10_real_robot/ros2_ws_luca/install/ur_robot_driver_cb2:/home/luca/Stage_Lirmm/Diffusion-model-isaacsim/ur10_real_robot/ros2_ws_luca/install/ur_robot_description_cb2:/home/luca/Stage_Lirmm/Diffusion-model-isaacsim/ur10_real_robot/ros2_ws_luca/install/onrobot_rg_msgs:/home/luca/Stage_Lirmm/Diffusion-model-isaacsim/ur10_real_robot/ros2_ws_luca/install/onrobot_rg2ft_description:/home/luca/Stage_Lirmm/Diffusion-model-isaacsim/ur10_real_robot/ros2_ws_luca/install/earth_robot_moveit_config:/home/luca/Stage_Lirmm/Diffusion-model-isaacsim/ur10_real_robot/ros2_ws_luca/install/bringup_gripper:/opt/ros/humble VIRTUAL_ENV_PROMPT=(mujoco_ros) /usr/bin/cmake --install /home/luca/Stage_Lirmm/Diffusion-model-isaacsim/ur10_real_robot/ros2_ws_luca/build/earth_robot_moveit_config
[2.795s] Level 1:colcon.colcon_core.environment:create_environment_scripts_only(earth_robot_moveit_config)
[2.795s] Level 1:colcon.colcon_core.environment:checking '/home/luca/Stage_Lirmm/Diffusion-model-isaacsim/ur10_real_robot/ros2_ws_luca/install/earth_robot_moveit_config' for CMake module files
[2.796s] DEBUG:colcon.colcon_core.event_handler.log_command:Invoked command in '/home/luca/Stage_Lirmm/Diffusion-model-isaacsim/ur10_real_robot/ros2_ws_luca/build/earth_robot_moveit_config' returned '0': AMENT_PREFIX_PATH=/home/luca/Stage_Lirmm/Diffusion-model-isaacsim/ur10_real_robot/ros2_ws_luca/install/bringup_gripper:/home/luca/Stage_Lirmm/Diffusion-model-isaacsim/ur10_real_robot/ros2_ws_luca/install/ur_robot_driver_cb2:/home/luca/Stage_Lirmm/Diffusion-model-isaacsim/ur10_real_robot/ros2_ws_luca/install/earth_robot_moveit_config:/home/luca/Stage_Lirmm/Diffusion-model-isaacsim/ur10_real_robot/ros2_ws_luca/install/realsense2_description:/home/luca/Stage_Lirmm/Diffusion-model-isaacsim/ur10_real_robot/ros2_ws_luca/install/ur_robot_description_cb2:/home/luca/Stage_Lirmm/Diffusion-model-isaacsim/ur10_real_robot/ros2_ws_luca/install/onrobot_rg_msgs:/home/luca/Stage_Lirmm/Diffusion-model-isaacsim/ur10_real_robot/ros2_ws_luca/install/onrobot_rg2ft_description:/opt/ros/humble CMAKE_PREFIX_PATH=/home/luca/Stage_Lirmm/Diffusion-model-isaacsim/ur10_real_robot/ros2_ws_luca/install/realsense2_description:/home/luca/Stage_Lirmm/Diffusion-model-isaacsim/ur10_real_robot/ros2_ws_luca/install/ur_robot_driver_cb2:/home/luca/Stage_Lirmm/Diffusion-model-isaacsim/ur10_real_robot/ros2_ws_luca/install/ur_robot_description_cb2:/home/luca/Stage_Lirmm/Diffusion-model-isaacsim/ur10_real_robot/ros2_ws_luca/install/onrobot_rg_msgs:/home/luca/Stage_Lirmm/Diffusion-model-isaacsim/ur10_real_robot/ros2_ws_luca/install/onrobot_rg2ft_description:/home/luca/Stage_Lirmm/Diffusion-model-isaacsim/ur10_real_robot/ros2_ws_luca/install/earth_robot_moveit_config:/home/luca/Stage_Lirmm/Diffusion-model-isaacsim/ur10_real_robot/ros2_ws_luca/install/bringup_gripper:/opt/ros/humble VIRTUAL_ENV_PROMPT=(mujoco_ros) /usr/bin/cmake --install /home/luca/Stage_Lirmm/Diffusion-model-isaacsim/ur10_real_robot/ros2_ws_luca/build/earth_robot_moveit_config
[2.797s] Level 1:colcon.colcon_core.environment:checking '/home/luca/Stage_Lirmm/Diffusion-model-isaacsim/ur10_real_robot/ros2_ws_luca/install/earth_robot_moveit_config' for CMake config files
[2.797s] Level 1:colcon.colcon_core.shell:create_environment_hook('earth_robot_moveit_config', 'cmake_prefix_path')
[2.797s] INFO:colcon.colcon_core.shell:Creating environment hook '/home/luca/Stage_Lirmm/Diffusion-model-isaacsim/ur10_real_robot/ros2_ws_luca/install/earth_robot_moveit_config/share/earth_robot_moveit_config/hook/cmake_prefix_path.ps1'
[2.798s] INFO:colcon.colcon_core.shell:Creating environment descriptor '/home/luca/Stage_Lirmm/Diffusion-model-isaacsim/ur10_real_robot/ros2_ws_luca/install/earth_robot_moveit_config/share/earth_robot_moveit_config/hook/cmake_prefix_path.dsv'
[2.798s] INFO:colcon.colcon_core.shell:Creating environment hook '/home/luca/Stage_Lirmm/Diffusion-model-isaacsim/ur10_real_robot/ros2_ws_luca/install/earth_robot_moveit_config/share/earth_robot_moveit_config/hook/cmake_prefix_path.sh'
[2.799s] Level 1:colcon.colcon_core.environment:checking '/home/luca/Stage_Lirmm/Diffusion-model-isaacsim/ur10_real_robot/ros2_ws_luca/install/earth_robot_moveit_config/bin'
[2.799s] Level 1:colcon.colcon_core.environment:checking '/home/luca/Stage_Lirmm/Diffusion-model-isaacsim/ur10_real_robot/ros2_ws_luca/install/earth_robot_moveit_config/lib/pkgconfig/earth_robot_moveit_config.pc'
[2.799s] Level 1:colcon.colcon_core.environment:checking '/home/luca/Stage_Lirmm/Diffusion-model-isaacsim/ur10_real_robot/ros2_ws_luca/install/earth_robot_moveit_config/lib/python3.10/site-packages'
[2.799s] Level 1:colcon.colcon_core.environment:checking '/home/luca/Stage_Lirmm/Diffusion-model-isaacsim/ur10_real_robot/ros2_ws_luca/install/earth_robot_moveit_config/bin'
[2.800s] INFO:colcon.colcon_core.shell:Creating package script '/home/luca/Stage_Lirmm/Diffusion-model-isaacsim/ur10_real_robot/ros2_ws_luca/install/earth_robot_moveit_config/share/earth_robot_moveit_config/package.ps1'
[2.800s] INFO:colcon.colcon_core.shell:Creating package descriptor '/home/luca/Stage_Lirmm/Diffusion-model-isaacsim/ur10_real_robot/ros2_ws_luca/install/earth_robot_moveit_config/share/earth_robot_moveit_config/package.dsv'
[2.801s] INFO:colcon.colcon_core.shell:Creating package script '/home/luca/Stage_Lirmm/Diffusion-model-isaacsim/ur10_real_robot/ros2_ws_luca/install/earth_robot_moveit_config/share/earth_robot_moveit_config/package.sh'
[2.802s] INFO:colcon.colcon_core.shell:Creating package script '/home/luca/Stage_Lirmm/Diffusion-model-isaacsim/ur10_real_robot/ros2_ws_luca/install/earth_robot_moveit_config/share/earth_robot_moveit_config/package.bash'
[2.802s] INFO:colcon.colcon_core.shell:Creating package script '/home/luca/Stage_Lirmm/Diffusion-model-isaacsim/ur10_real_robot/ros2_ws_luca/install/earth_robot_moveit_config/share/earth_robot_moveit_config/package.zsh'
[2.803s] Level 1:colcon.colcon_core.environment:create_file_with_runtime_dependencies(/home/luca/Stage_Lirmm/Diffusion-model-isaacsim/ur10_real_robot/ros2_ws_luca/install/earth_robot_moveit_config/share/colcon-core/packages/earth_robot_moveit_config)
[2.803s] Level 1:colcon.colcon_core.environment:create_environment_scripts_only(earth_robot_moveit_config)
[2.804s] Level 1:colcon.colcon_core.environment:checking '/home/luca/Stage_Lirmm/Diffusion-model-isaacsim/ur10_real_robot/ros2_ws_luca/install/earth_robot_moveit_config' for CMake module files
[2.804s] Level 1:colcon.colcon_core.environment:checking '/home/luca/Stage_Lirmm/Diffusion-model-isaacsim/ur10_real_robot/ros2_ws_luca/install/earth_robot_moveit_config' for CMake config files
[2.804s] Level 1:colcon.colcon_core.shell:create_environment_hook('earth_robot_moveit_config', 'cmake_prefix_path')
[2.805s] INFO:colcon.colcon_core.shell:Creating environment hook '/home/luca/Stage_Lirmm/Diffusion-model-isaacsim/ur10_real_robot/ros2_ws_luca/install/earth_robot_moveit_config/share/earth_robot_moveit_config/hook/cmake_prefix_path.ps1'
[2.805s] INFO:colcon.colcon_core.shell:Creating environment descriptor '/home/luca/Stage_Lirmm/Diffusion-model-isaacsim/ur10_real_robot/ros2_ws_luca/install/earth_robot_moveit_config/share/earth_robot_moveit_config/hook/cmake_prefix_path.dsv'
[2.806s] INFO:colcon.colcon_core.shell:Creating environment hook '/home/luca/Stage_Lirmm/Diffusion-model-isaacsim/ur10_real_robot/ros2_ws_luca/install/earth_robot_moveit_config/share/earth_robot_moveit_config/hook/cmake_prefix_path.sh'
[2.806s] Level 1:colcon.colcon_core.environment:checking '/home/luca/Stage_Lirmm/Diffusion-model-isaacsim/ur10_real_robot/ros2_ws_luca/install/earth_robot_moveit_config/bin'
[2.806s] Level 1:colcon.colcon_core.environment:checking '/home/luca/Stage_Lirmm/Diffusion-model-isaacsim/ur10_real_robot/ros2_ws_luca/install/earth_robot_moveit_config/lib/pkgconfig/earth_robot_moveit_config.pc'
[2.807s] Level 1:colcon.colcon_core.environment:checking '/home/luca/Stage_Lirmm/Diffusion-model-isaacsim/ur10_real_robot/ros2_ws_luca/install/earth_robot_moveit_config/lib/python3.10/site-packages'
[2.807s] Level 1:colcon.colcon_core.environment:checking '/home/luca/Stage_Lirmm/Diffusion-model-isaacsim/ur10_real_robot/ros2_ws_luca/install/earth_robot_moveit_config/bin'
[2.807s] INFO:colcon.colcon_core.shell:Creating package script '/home/luca/Stage_Lirmm/Diffusion-model-isaacsim/ur10_real_robot/ros2_ws_luca/install/earth_robot_moveit_config/share/earth_robot_moveit_config/package.ps1'
[2.808s] INFO:colcon.colcon_core.shell:Creating package descriptor '/home/luca/Stage_Lirmm/Diffusion-model-isaacsim/ur10_real_robot/ros2_ws_luca/install/earth_robot_moveit_config/share/earth_robot_moveit_config/package.dsv'
[2.809s] INFO:colcon.colcon_core.shell:Creating package script '/home/luca/Stage_Lirmm/Diffusion-model-isaacsim/ur10_real_robot/ros2_ws_luca/install/earth_robot_moveit_config/share/earth_robot_moveit_config/package.sh'
[2.809s] INFO:colcon.colcon_core.shell:Creating package script '/home/luca/Stage_Lirmm/Diffusion-model-isaacsim/ur10_real_robot/ros2_ws_luca/install/earth_robot_moveit_config/share/earth_robot_moveit_config/package.bash'
[2.810s] INFO:colcon.colcon_core.shell:Creating package script '/home/luca/Stage_Lirmm/Diffusion-model-isaacsim/ur10_real_robot/ros2_ws_luca/install/earth_robot_moveit_config/share/earth_robot_moveit_config/package.zsh'
[2.810s] Level 1:colcon.colcon_core.environment:create_file_with_runtime_dependencies(/home/luca/Stage_Lirmm/Diffusion-model-isaacsim/ur10_real_robot/ros2_ws_luca/install/earth_robot_moveit_config/share/colcon-core/packages/earth_robot_moveit_config)
[2.810s] DEBUG:colcon.colcon_parallel_executor.executor.parallel:closing loop
[2.811s] DEBUG:colcon.colcon_parallel_executor.executor.parallel:loop closed
[2.811s] DEBUG:colcon.colcon_parallel_executor.executor.parallel:run_until_complete finished with '0'
[2.811s] DEBUG:colcon.colcon_core.event_reactor:joining thread
[2.818s] INFO:colcon.colcon_core.plugin_system:Skipping extension 'colcon_notification.desktop_notification.terminal_notifier': Not used on non-Darwin systems
[2.818s] INFO:colcon.colcon_core.plugin_system:Skipping extension 'colcon_notification.desktop_notification.win32': Not used on non-Windows systems
[2.818s] INFO:colcon.colcon_notification.desktop_notification:Sending desktop notification using 'notify2'
[2.834s] DEBUG:colcon.colcon_core.event_reactor:joined thread
[2.835s] INFO:colcon.colcon_core.shell:Creating prefix script '/home/luca/Stage_Lirmm/Diffusion-model-isaacsim/ur10_real_robot/ros2_ws_luca/install/local_setup.ps1'
[2.836s] INFO:colcon.colcon_core.shell:Creating prefix util module '/home/luca/Stage_Lirmm/Diffusion-model-isaacsim/ur10_real_robot/ros2_ws_luca/install/_local_setup_util_ps1.py'
[2.838s] INFO:colcon.colcon_core.shell:Creating prefix chain script '/home/luca/Stage_Lirmm/Diffusion-model-isaacsim/ur10_real_robot/ros2_ws_luca/install/setup.ps1'
[2.840s] INFO:colcon.colcon_core.shell:Creating prefix script '/home/luca/Stage_Lirmm/Diffusion-model-isaacsim/ur10_real_robot/ros2_ws_luca/install/local_setup.sh'
[2.840s] INFO:colcon.colcon_core.shell:Creating prefix util module '/home/luca/Stage_Lirmm/Diffusion-model-isaacsim/ur10_real_robot/ros2_ws_luca/install/_local_setup_util_sh.py'
[2.841s] INFO:colcon.colcon_core.shell:Creating prefix chain script '/home/luca/Stage_Lirmm/Diffusion-model-isaacsim/ur10_real_robot/ros2_ws_luca/install/setup.sh'
[2.843s] INFO:colcon.colcon_core.shell:Creating prefix script '/home/luca/Stage_Lirmm/Diffusion-model-isaacsim/ur10_real_robot/ros2_ws_luca/install/local_setup.bash'
[2.844s] INFO:colcon.colcon_core.shell:Creating prefix chain script '/home/luca/Stage_Lirmm/Diffusion-model-isaacsim/ur10_real_robot/ros2_ws_luca/install/setup.bash'
[2.846s] INFO:colcon.colcon_core.shell:Creating prefix script '/home/luca/Stage_Lirmm/Diffusion-model-isaacsim/ur10_real_robot/ros2_ws_luca/install/local_setup.zsh'
[2.847s] INFO:colcon.colcon_core.shell:Creating prefix chain script '/home/luca/Stage_Lirmm/Diffusion-model-isaacsim/ur10_real_robot/ros2_ws_luca/install/setup.zsh'
